INSERT INTO Hosts(Hostname) VALUES ('PM-SSAHPMINI051.pa.pref') ON CONFLICT(Hostname) DO UPDATE SET Hostname = EXCLUDED.Hostname ;
INSERT INTO CPU(Hostname, Name, Caption, NOC, NOLP)VALUES('PM-SSAHPMINI051.pa.pref', 'AMD Ryzen 3 PRO 4350GE with Radeon Graphics', 'AMD64 Family 23 Model 96 Stepping 1', '4', '8') ON CONFLICT(Hostname) DO UPDATE SET Hostname = EXCLUDED.Hostname, Name = EXCLUDED.Name, Caption = EXCLUDED.Caption, NOC = EXCLUDED.NOC, NOLP = EXCLUDED.NOLP ;
INSERT INTO Hosts(Hostname) VALUES ('PM-SSAHPMINI051.pa.pref') ON CONFLICT(Hostname) DO UPDATE SET Hostname = EXCLUDED.Hostname ;
INSERT INTO OS(Hostname, Caption, BuildNumber, Architecture, Description) VALUES('PM-SSAHPMINI051.pa.pref', 'Microsoft Windows 10 Pro', '19045', '64 bits', 'P-169119 A-768536928') ON CONFLICT(Hostname) DO UPDATE SET Hostname = EXCLUDED.Hostname, Caption = EXCLUDED.Caption, BuildNumber = EXCLUDED.BuildNumber, Architecture = EXCLUDED.Architecture, Description = EXCLUDED.Description ;
INSERT INTO Hosts(Hostname) VALUES ('PM-SSAHPMINI051.pa.pref') ON CONFLICT(Hostname) DO UPDATE SET Hostname = EXCLUDED.Hostname ;
INSERT INTO Networking(Hostname, IP, Gateway, Description, Index, DHCP) VALUES ('PM-SSAHPMINI051.pa.pref', '192.168.118.87', '1.1.1.1', 'Realtek PCIe GbE Family Controller', '3', 'True') ON CONFLICT(Hostname) DO UPDATE SET Hostname = EXCLUDED.Hostname, IP = EXCLUDED.IP, Gateway = EXCLUDED.Gateway, Description = EXCLUDED.Description, Index = EXCLUDED.Index, DHCP = EXCLUDED.DHCP ;
INSERT INTO Hosts(Hostname) VALUES ('PM-SECED21033.pa.pref') ON CONFLICT(Hostname) DO UPDATE SET Hostname = EXCLUDED.Hostname ;
INSERT INTO CPU(Hostname, Name, Caption, NOC, NOLP)VALUES('PM-SECED21033.pa.pref', 'Intel(R) Core(TM) i3 CPU         530  @ 2.93GHz', 'Intel64 Family 6 Model 37 Stepping 5', '2', '4') ON CONFLICT(Hostname) DO UPDATE SET Hostname = EXCLUDED.Hostname, Name = EXCLUDED.Name, Caption = EXCLUDED.Caption, NOC = EXCLUDED.NOC, NOLP = EXCLUDED.NOLP ;
INSERT INTO Hosts(Hostname) VALUES ('PM-SECED21033.pa.pref') ON CONFLICT(Hostname) DO UPDATE SET Hostname = EXCLUDED.Hostname ;
INSERT INTO OS(Hostname, Caption, BuildNumber, Architecture, Description) VALUES('PM-SECED21033.pa.pref', 'Microsoft Windows 10 Pro', '17763', '64 bits', NULL) ON CONFLICT(Hostname) DO UPDATE SET Hostname = EXCLUDED.Hostname, Caption = EXCLUDED.Caption, BuildNumber = EXCLUDED.BuildNumber, Architecture = EXCLUDED.Architecture, Description = EXCLUDED.Description ;
INSERT INTO Hosts(Hostname) VALUES ('PM-SECED21033.pa.pref') ON CONFLICT(Hostname) DO UPDATE SET Hostname = EXCLUDED.Hostname ;
INSERT INTO Networking(Hostname, IP, Gateway, Description, Index, DHCP) VALUES ('PM-SECED21033.pa.pref', '192.168.133.167', '192.168.133.1', 'Realtek PCIe FE Family Controller #3', '11', 'True') ON CONFLICT(Hostname) DO UPDATE SET Hostname = EXCLUDED.Hostname, IP = EXCLUDED.IP, Gateway = EXCLUDED.Gateway, Description = EXCLUDED.Description, Index = EXCLUDED.Index, DHCP = EXCLUDED.DHCP ;
INSERT INTO Hosts(Hostname) VALUES ('PM-SSAUS23002.pa.pref') ON CONFLICT(Hostname) DO UPDATE SET Hostname = EXCLUDED.Hostname ;
INSERT INTO CPU(Hostname, Name, Caption, NOC, NOLP)VALUES('PM-SSAUS23002.pa.pref', 'Intel(R) Core(TM) i5-3470 CPU @ 3.20GHz', 'Intel64 Family 6 Model 58 Stepping 9', '4', '4') ON CONFLICT(Hostname) DO UPDATE SET Hostname = EXCLUDED.Hostname, Name = EXCLUDED.Name, Caption = EXCLUDED.Caption, NOC = EXCLUDED.NOC, NOLP = EXCLUDED.NOLP ;
INSERT INTO Hosts(Hostname) VALUES ('PM-SSAUS23002.pa.pref') ON CONFLICT(Hostname) DO UPDATE SET Hostname = EXCLUDED.Hostname ;
INSERT INTO OS(Hostname, Caption, BuildNumber, Architecture, Description) VALUES('PM-SSAUS23002.pa.pref', 'Microsoft Windows 7 Professional ', '7601', '64-bit', NULL) ON CONFLICT(Hostname) DO UPDATE SET Hostname = EXCLUDED.Hostname, Caption = EXCLUDED.Caption, BuildNumber = EXCLUDED.BuildNumber, Architecture = EXCLUDED.Architecture, Description = EXCLUDED.Description ;
INSERT INTO Hosts(Hostname) VALUES ('PM-SSAUS23002.pa.pref') ON CONFLICT(Hostname) DO UPDATE SET Hostname = EXCLUDED.Hostname ;
INSERT INTO Networking(Hostname, IP, Gateway, Description, Index, DHCP) VALUES ('PM-SSAUS23002.pa.pref', '192.168.176.70', '192.168.176.1', 'Intel(R) 82579LM Gigabit Network Connection', '7', 'True') ON CONFLICT(Hostname) DO UPDATE SET Hostname = EXCLUDED.Hostname, IP = EXCLUDED.IP, Gateway = EXCLUDED.Gateway, Description = EXCLUDED.Description, Index = EXCLUDED.Index, DHCP = EXCLUDED.DHCP ;
INSERT INTO Hosts(Hostname) VALUES ('PM-89050.pa.pref') ON CONFLICT(Hostname) DO UPDATE SET Hostname = EXCLUDED.Hostname ;
INSERT INTO CPU(Hostname, Name, Caption, NOC, NOLP)VALUES('PM-89050.pa.pref', 'Intel(R) Core(TM)2 Duo CPU     E7500  @ 2.93GHz', 'Intel64 Family 6 Model 23 Stepping 10', '2', '2') ON CONFLICT(Hostname) DO UPDATE SET Hostname = EXCLUDED.Hostname, Name = EXCLUDED.Name, Caption = EXCLUDED.Caption, NOC = EXCLUDED.NOC, NOLP = EXCLUDED.NOLP ;
INSERT INTO Hosts(Hostname) VALUES ('PM-89050.pa.pref') ON CONFLICT(Hostname) DO UPDATE SET Hostname = EXCLUDED.Hostname ;
INSERT INTO OS(Hostname, Caption, BuildNumber, Architecture, Description) VALUES('PM-89050.pa.pref', 'Microsoft Windows 10 Pro', '19045', '64 bits', 'PM-89050') ON CONFLICT(Hostname) DO UPDATE SET Hostname = EXCLUDED.Hostname, Caption = EXCLUDED.Caption, BuildNumber = EXCLUDED.BuildNumber, Architecture = EXCLUDED.Architecture, Description = EXCLUDED.Description ;
INSERT INTO Hosts(Hostname) VALUES ('PM-89050.pa.pref') ON CONFLICT(Hostname) DO UPDATE SET Hostname = EXCLUDED.Hostname ;
INSERT INTO Networking(Hostname, IP, Gateway, Description, Index, DHCP) VALUES ('PM-89050.pa.pref', '192.168.157.156', '192.168.157.1', 'Intel(R) 82567V-4 Gigabit Network Connection', '10', 'True') ON CONFLICT(Hostname) DO UPDATE SET Hostname = EXCLUDED.Hostname, IP = EXCLUDED.IP, Gateway = EXCLUDED.Gateway, Description = EXCLUDED.Description, Index = EXCLUDED.Index, DHCP = EXCLUDED.DHCP ;
INSERT INTO Hosts(Hostname) VALUES ('PM-SSAHPMINI068.pa.pref') ON CONFLICT(Hostname) DO UPDATE SET Hostname = EXCLUDED.Hostname ;
INSERT INTO CPU(Hostname, Name, Caption, NOC, NOLP)VALUES('PM-SSAHPMINI068.pa.pref', 'AMD Ryzen 3 PRO 4350GE with Radeon Graphics', 'AMD64 Family 23 Model 96 Stepping 1', '4', '8') ON CONFLICT(Hostname) DO UPDATE SET Hostname = EXCLUDED.Hostname, Name = EXCLUDED.Name, Caption = EXCLUDED.Caption, NOC = EXCLUDED.NOC, NOLP = EXCLUDED.NOLP ;
INSERT INTO Hosts(Hostname) VALUES ('PM-SSAHPMINI068.pa.pref') ON CONFLICT(Hostname) DO UPDATE SET Hostname = EXCLUDED.Hostname ;
INSERT INTO OS(Hostname, Caption, BuildNumber, Architecture, Description) VALUES('PM-SSAHPMINI068.pa.pref', 'Microsoft Windows 10 Pro', '19045', '64 bits', 'P-169416 A-753272483') ON CONFLICT(Hostname) DO UPDATE SET Hostname = EXCLUDED.Hostname, Caption = EXCLUDED.Caption, BuildNumber = EXCLUDED.BuildNumber, Architecture = EXCLUDED.Architecture, Description = EXCLUDED.Description ;
INSERT INTO Hosts(Hostname) VALUES ('PM-SSAHPMINI068.pa.pref') ON CONFLICT(Hostname) DO UPDATE SET Hostname = EXCLUDED.Hostname ;
INSERT INTO Networking(Hostname, IP, Gateway, Description, Index, DHCP) VALUES ('PM-SSAHPMINI068.pa.pref', '192.168.123.167', '192.168.123.1', 'Realtek PCIe GbE Family Controller', '1', 'True') ON CONFLICT(Hostname) DO UPDATE SET Hostname = EXCLUDED.Hostname, IP = EXCLUDED.IP, Gateway = EXCLUDED.Gateway, Description = EXCLUDED.Description, Index = EXCLUDED.Index, DHCP = EXCLUDED.DHCP ;
INSERT INTO Hosts(Hostname) VALUES ('PM-SECED08001.pa.pref') ON CONFLICT(Hostname) DO UPDATE SET Hostname = EXCLUDED.Hostname ;
INSERT INTO CPU(Hostname, Name, Caption, NOC, NOLP)VALUES('PM-SECED08001.pa.pref', 'Intel(R) Core(TM) i5-3470 CPU @ 3.20GHz', 'Intel64 Family 6 Model 58 Stepping 9', '4', '4') ON CONFLICT(Hostname) DO UPDATE SET Hostname = EXCLUDED.Hostname, Name = EXCLUDED.Name, Caption = EXCLUDED.Caption, NOC = EXCLUDED.NOC, NOLP = EXCLUDED.NOLP ;
INSERT INTO Hosts(Hostname) VALUES ('PM-SECED08001.pa.pref') ON CONFLICT(Hostname) DO UPDATE SET Hostname = EXCLUDED.Hostname ;
INSERT INTO OS(Hostname, Caption, BuildNumber, Architecture, Description) VALUES('PM-SECED08001.pa.pref', 'Microsoft Windows 7 Professional ', '7601', '64-bit', 'Patrimonio 102387') ON CONFLICT(Hostname) DO UPDATE SET Hostname = EXCLUDED.Hostname, Caption = EXCLUDED.Caption, BuildNumber = EXCLUDED.BuildNumber, Architecture = EXCLUDED.Architecture, Description = EXCLUDED.Description ;
INSERT INTO Hosts(Hostname) VALUES ('PM-SECED08001.pa.pref') ON CONFLICT(Hostname) DO UPDATE SET Hostname = EXCLUDED.Hostname ;
INSERT INTO Networking(Hostname, IP, Gateway, Description, Index, DHCP) VALUES ('PM-SECED08001.pa.pref', '192.168.81.22', '192.168.81.1', 'Intel(R) 82579LM Gigabit Network Connection', '7', 'True') ON CONFLICT(Hostname) DO UPDATE SET Hostname = EXCLUDED.Hostname, IP = EXCLUDED.IP, Gateway = EXCLUDED.Gateway, Description = EXCLUDED.Description, Index = EXCLUDED.Index, DHCP = EXCLUDED.DHCP ;
INSERT INTO Hosts(Hostname) VALUES ('PM-SSAUS27016.pa.pref') ON CONFLICT(Hostname) DO UPDATE SET Hostname = EXCLUDED.Hostname ;
INSERT INTO CPU(Hostname, Name, Caption, NOC, NOLP)VALUES('PM-SSAUS27016.pa.pref', 'Intel(R) Core(TM) i3-3220 CPU @ 3.30GHz', 'Intel64 Family 6 Model 58 Stepping 9', '2', '4') ON CONFLICT(Hostname) DO UPDATE SET Hostname = EXCLUDED.Hostname, Name = EXCLUDED.Name, Caption = EXCLUDED.Caption, NOC = EXCLUDED.NOC, NOLP = EXCLUDED.NOLP ;
INSERT INTO Hosts(Hostname) VALUES ('PM-SSAUS27016.pa.pref') ON CONFLICT(Hostname) DO UPDATE SET Hostname = EXCLUDED.Hostname ;
INSERT INTO OS(Hostname, Caption, BuildNumber, Architecture, Description) VALUES('PM-SSAUS27016.pa.pref', 'Microsoft Windows 7 Professional ', '7601', '64-bit', 'Patrimonio 99062') ON CONFLICT(Hostname) DO UPDATE SET Hostname = EXCLUDED.Hostname, Caption = EXCLUDED.Caption, BuildNumber = EXCLUDED.BuildNumber, Architecture = EXCLUDED.Architecture, Description = EXCLUDED.Description ;
INSERT INTO Hosts(Hostname) VALUES ('PM-SSAUS27016.pa.pref') ON CONFLICT(Hostname) DO UPDATE SET Hostname = EXCLUDED.Hostname ;
INSERT INTO Networking(Hostname, IP, Gateway, Description, Index, DHCP) VALUES ('PM-SSAUS27016.pa.pref', '192.168.222.39', '192.168.222.1', 'Realtek PCIe GBE Family Controller', '7', 'True') ON CONFLICT(Hostname) DO UPDATE SET Hostname = EXCLUDED.Hostname, IP = EXCLUDED.IP, Gateway = EXCLUDED.Gateway, Description = EXCLUDED.Description, Index = EXCLUDED.Index, DHCP = EXCLUDED.DHCP ;
INSERT INTO Hosts(Hostname) VALUES ('PM-SAFATE021.pa.pref') ON CONFLICT(Hostname) DO UPDATE SET Hostname = EXCLUDED.Hostname ;
INSERT INTO CPU(Hostname, Name, Caption, NOC, NOLP)VALUES('PM-SAFATE021.pa.pref', 'Intel(R) Core(TM)2 Duo CPU     E7500  @ 2.93GHz', 'Intel64 Family 6 Model 23 Stepping 10', '2', '2') ON CONFLICT(Hostname) DO UPDATE SET Hostname = EXCLUDED.Hostname, Name = EXCLUDED.Name, Caption = EXCLUDED.Caption, NOC = EXCLUDED.NOC, NOLP = EXCLUDED.NOLP ;
INSERT INTO Hosts(Hostname) VALUES ('PM-SAFATE021.pa.pref') ON CONFLICT(Hostname) DO UPDATE SET Hostname = EXCLUDED.Hostname ;
INSERT INTO OS(Hostname, Caption, BuildNumber, Architecture, Description) VALUES('PM-SAFATE021.pa.pref', 'Microsoft Windows 7 Ultimate ', '7601', '64-bit', '101837') ON CONFLICT(Hostname) DO UPDATE SET Hostname = EXCLUDED.Hostname, Caption = EXCLUDED.Caption, BuildNumber = EXCLUDED.BuildNumber, Architecture = EXCLUDED.Architecture, Description = EXCLUDED.Description ;
INSERT INTO Hosts(Hostname) VALUES ('PM-SAFATE021.pa.pref') ON CONFLICT(Hostname) DO UPDATE SET Hostname = EXCLUDED.Hostname ;
INSERT INTO Networking(Hostname, IP, Gateway, Description, Index, DHCP) VALUES ('PM-SAFATE021.pa.pref', '192.168.253.149', '192.168.253.1', 'Intel(R) 82567V-4 Gigabit Network Connection', '7', 'True') ON CONFLICT(Hostname) DO UPDATE SET Hostname = EXCLUDED.Hostname, IP = EXCLUDED.IP, Gateway = EXCLUDED.Gateway, Description = EXCLUDED.Description, Index = EXCLUDED.Index, DHCP = EXCLUDED.DHCP ;
INSERT INTO Hosts(Hostname) VALUES ('PM-SSAUS26008.pa.pref') ON CONFLICT(Hostname) DO UPDATE SET Hostname = EXCLUDED.Hostname ;
INSERT INTO CPU(Hostname, Name, Caption, NOC, NOLP)VALUES('PM-SSAUS26008.pa.pref', 'Intel(R) Core(TM) i3-7100 CPU @ 3.90GHz', 'Intel64 Family 6 Model 158 Stepping 9', '2', '4') ON CONFLICT(Hostname) DO UPDATE SET Hostname = EXCLUDED.Hostname, Name = EXCLUDED.Name, Caption = EXCLUDED.Caption, NOC = EXCLUDED.NOC, NOLP = EXCLUDED.NOLP ;
INSERT INTO Hosts(Hostname) VALUES ('PM-SSAUS26008.pa.pref') ON CONFLICT(Hostname) DO UPDATE SET Hostname = EXCLUDED.Hostname ;
INSERT INTO OS(Hostname, Caption, BuildNumber, Architecture, Description) VALUES('PM-SSAUS26008.pa.pref', 'Microsoft Windows 10 Pro', '19045', '64 bits', 'Patrimonio 128179') ON CONFLICT(Hostname) DO UPDATE SET Hostname = EXCLUDED.Hostname, Caption = EXCLUDED.Caption, BuildNumber = EXCLUDED.BuildNumber, Architecture = EXCLUDED.Architecture, Description = EXCLUDED.Description ;
INSERT INTO Hosts(Hostname) VALUES ('PM-SSAUS26008.pa.pref') ON CONFLICT(Hostname) DO UPDATE SET Hostname = EXCLUDED.Hostname ;
INSERT INTO Networking(Hostname, IP, Gateway, Description, Index, DHCP) VALUES ('PM-SSAUS26008.pa.pref', '192.168.221.135', '192.168.221.1', 'Realtek PCIe GBE Family Controller', '1', 'True') ON CONFLICT(Hostname) DO UPDATE SET Hostname = EXCLUDED.Hostname, IP = EXCLUDED.IP, Gateway = EXCLUDED.Gateway, Description = EXCLUDED.Description, Index = EXCLUDED.Index, DHCP = EXCLUDED.DHCP ;
INSERT INTO Hosts(Hostname) VALUES ('PM-SECED39010.pa.pref') ON CONFLICT(Hostname) DO UPDATE SET Hostname = EXCLUDED.Hostname ;
INSERT INTO CPU(Hostname, Name, Caption, NOC, NOLP)VALUES('PM-SECED39010.pa.pref', 'Intel(R) Core(TM)2 Duo CPU     E4500  @ 2.20GHz', 'Intel64 Family 6 Model 15 Stepping 13', '2', '2') ON CONFLICT(Hostname) DO UPDATE SET Hostname = EXCLUDED.Hostname, Name = EXCLUDED.Name, Caption = EXCLUDED.Caption, NOC = EXCLUDED.NOC, NOLP = EXCLUDED.NOLP ;
INSERT INTO Hosts(Hostname) VALUES ('PM-SECED39010.pa.pref') ON CONFLICT(Hostname) DO UPDATE SET Hostname = EXCLUDED.Hostname ;
INSERT INTO OS(Hostname, Caption, BuildNumber, Architecture, Description) VALUES('PM-SECED39010.pa.pref', 'Microsoft Windows 10 Pro', '19044', '64 bits', 'PM-SECED39010.pa.pref') ON CONFLICT(Hostname) DO UPDATE SET Hostname = EXCLUDED.Hostname, Caption = EXCLUDED.Caption, BuildNumber = EXCLUDED.BuildNumber, Architecture = EXCLUDED.Architecture, Description = EXCLUDED.Description ;
INSERT INTO Hosts(Hostname) VALUES ('PM-SECED39010.pa.pref') ON CONFLICT(Hostname) DO UPDATE SET Hostname = EXCLUDED.Hostname ;
INSERT INTO Networking(Hostname, IP, Gateway, Description, Index, DHCP) VALUES ('PM-SECED39010.pa.pref', '192.168.219.28', '192.168.219.1', 'D-Link DWA-525 Wireless N 150 Desktop Adapter', '2', 'True') ON CONFLICT(Hostname) DO UPDATE SET Hostname = EXCLUDED.Hostname, IP = EXCLUDED.IP, Gateway = EXCLUDED.Gateway, Description = EXCLUDED.Description, Index = EXCLUDED.Index, DHCP = EXCLUDED.DHCP ;
INSERT INTO Hosts(Hostname) VALUES ('PM-SSAPSI01.pa.pref') ON CONFLICT(Hostname) DO UPDATE SET Hostname = EXCLUDED.Hostname ;
INSERT INTO CPU(Hostname, Name, Caption, NOC, NOLP)VALUES('PM-SSAPSI01.pa.pref', 'Intel(R) Core(TM)2 Duo CPU     E7500  @ 2.93GHz', 'Intel64 Family 6 Model 23 Stepping 10', '2', '2') ON CONFLICT(Hostname) DO UPDATE SET Hostname = EXCLUDED.Hostname, Name = EXCLUDED.Name, Caption = EXCLUDED.Caption, NOC = EXCLUDED.NOC, NOLP = EXCLUDED.NOLP ;
INSERT INTO Hosts(Hostname) VALUES ('PM-SSAPSI01.pa.pref') ON CONFLICT(Hostname) DO UPDATE SET Hostname = EXCLUDED.Hostname ;
INSERT INTO OS(Hostname, Caption, BuildNumber, Architecture, Description) VALUES('PM-SSAPSI01.pa.pref', 'Microsoft Windows 10 Pro', '19045', '64 bits', 'P-109885') ON CONFLICT(Hostname) DO UPDATE SET Hostname = EXCLUDED.Hostname, Caption = EXCLUDED.Caption, BuildNumber = EXCLUDED.BuildNumber, Architecture = EXCLUDED.Architecture, Description = EXCLUDED.Description ;
INSERT INTO Hosts(Hostname) VALUES ('PM-SSAPSI01.pa.pref') ON CONFLICT(Hostname) DO UPDATE SET Hostname = EXCLUDED.Hostname ;
INSERT INTO Networking(Hostname, IP, Gateway, Description, Index, DHCP) VALUES ('PM-SSAPSI01.pa.pref', '192.168.11.153', '192.168.11.1', '802.11n Wireless LAN Card', '2', 'True') ON CONFLICT(Hostname) DO UPDATE SET Hostname = EXCLUDED.Hostname, IP = EXCLUDED.IP, Gateway = EXCLUDED.Gateway, Description = EXCLUDED.Description, Index = EXCLUDED.Index, DHCP = EXCLUDED.DHCP ;
INSERT INTO Hosts(Hostname) VALUES ('PM-SSAVIE006.pa.pref') ON CONFLICT(Hostname) DO UPDATE SET Hostname = EXCLUDED.Hostname ;
INSERT INTO CPU(Hostname, Name, Caption, NOC, NOLP)VALUES('PM-SSAVIE006.pa.pref', 'Intel(R) Core(TM) i3-3220 CPU @ 3.30GHz', 'Intel64 Family 6 Model 58 Stepping 9', '2', '4') ON CONFLICT(Hostname) DO UPDATE SET Hostname = EXCLUDED.Hostname, Name = EXCLUDED.Name, Caption = EXCLUDED.Caption, NOC = EXCLUDED.NOC, NOLP = EXCLUDED.NOLP ;
INSERT INTO Hosts(Hostname) VALUES ('PM-SSAVIE006.pa.pref') ON CONFLICT(Hostname) DO UPDATE SET Hostname = EXCLUDED.Hostname ;
INSERT INTO OS(Hostname, Caption, BuildNumber, Architecture, Description) VALUES('PM-SSAVIE006.pa.pref', 'Microsoft Windows 7 Professional ', '7601', '64-bit', '98295') ON CONFLICT(Hostname) DO UPDATE SET Hostname = EXCLUDED.Hostname, Caption = EXCLUDED.Caption, BuildNumber = EXCLUDED.BuildNumber, Architecture = EXCLUDED.Architecture, Description = EXCLUDED.Description ;
INSERT INTO Hosts(Hostname) VALUES ('PM-SSAVIE006.pa.pref') ON CONFLICT(Hostname) DO UPDATE SET Hostname = EXCLUDED.Hostname ;
INSERT INTO Networking(Hostname, IP, Gateway, Description, Index, DHCP) VALUES ('PM-SSAVIE006.pa.pref', '192.168.11.88', '192.168.11.1', 'Realtek PCIe GBE Family Controller', '7', 'True') ON CONFLICT(Hostname) DO UPDATE SET Hostname = EXCLUDED.Hostname, IP = EXCLUDED.IP, Gateway = EXCLUDED.Gateway, Description = EXCLUDED.Description, Index = EXCLUDED.Index, DHCP = EXCLUDED.DHCP ;
INSERT INTO Hosts(Hostname) VALUES ('PM-SECED27038.pa.pref') ON CONFLICT(Hostname) DO UPDATE SET Hostname = EXCLUDED.Hostname ;
INSERT INTO CPU(Hostname, Name, Caption, NOC, NOLP)VALUES('PM-SECED27038.pa.pref', 'Intel(R) Core(TM) i3-10100 CPU @ 3.60GHz', 'Intel64 Family 6 Model 165 Stepping 3', '4', '8') ON CONFLICT(Hostname) DO UPDATE SET Hostname = EXCLUDED.Hostname, Name = EXCLUDED.Name, Caption = EXCLUDED.Caption, NOC = EXCLUDED.NOC, NOLP = EXCLUDED.NOLP ;
INSERT INTO Hosts(Hostname) VALUES ('PM-SECED27038.pa.pref') ON CONFLICT(Hostname) DO UPDATE SET Hostname = EXCLUDED.Hostname ;
INSERT INTO OS(Hostname, Caption, BuildNumber, Architecture, Description) VALUES('PM-SECED27038.pa.pref', 'Microsoft Windows 10 Pro', '19045', '64 bits', 'P-174716 A-63 468 256') ON CONFLICT(Hostname) DO UPDATE SET Hostname = EXCLUDED.Hostname, Caption = EXCLUDED.Caption, BuildNumber = EXCLUDED.BuildNumber, Architecture = EXCLUDED.Architecture, Description = EXCLUDED.Description ;
INSERT INTO Hosts(Hostname) VALUES ('PM-SECED27038.pa.pref') ON CONFLICT(Hostname) DO UPDATE SET Hostname = EXCLUDED.Hostname ;
INSERT INTO Networking(Hostname, IP, Gateway, Description, Index, DHCP) VALUES ('PM-SECED27038.pa.pref', '192.168.110.73', '192.168.110.1', 'Realtek PCIe GbE Family Controller', '1', 'True') ON CONFLICT(Hostname) DO UPDATE SET Hostname = EXCLUDED.Hostname, IP = EXCLUDED.IP, Gateway = EXCLUDED.Gateway, Description = EXCLUDED.Description, Index = EXCLUDED.Index, DHCP = EXCLUDED.DHCP ;
INSERT INTO Hosts(Hostname) VALUES ('PM-SIOADM005.pa.pref') ON CONFLICT(Hostname) DO UPDATE SET Hostname = EXCLUDED.Hostname ;
INSERT INTO CPU(Hostname, Name, Caption, NOC, NOLP)VALUES('PM-SIOADM005.pa.pref', 'Intel(R) Core(TM) i7-7700 CPU @ 3.60GHz', 'Intel64 Family 6 Model 158 Stepping 9', '4', '8') ON CONFLICT(Hostname) DO UPDATE SET Hostname = EXCLUDED.Hostname, Name = EXCLUDED.Name, Caption = EXCLUDED.Caption, NOC = EXCLUDED.NOC, NOLP = EXCLUDED.NOLP ;
INSERT INTO Hosts(Hostname) VALUES ('PM-SIOADM005.pa.pref') ON CONFLICT(Hostname) DO UPDATE SET Hostname = EXCLUDED.Hostname ;
INSERT INTO OS(Hostname, Caption, BuildNumber, Architecture, Description) VALUES('PM-SIOADM005.pa.pref', 'Microsoft Windows 10 Pro', '19045', '64 bits', NULL) ON CONFLICT(Hostname) DO UPDATE SET Hostname = EXCLUDED.Hostname, Caption = EXCLUDED.Caption, BuildNumber = EXCLUDED.BuildNumber, Architecture = EXCLUDED.Architecture, Description = EXCLUDED.Description ;
INSERT INTO Hosts(Hostname) VALUES ('PM-SIOADM005.pa.pref') ON CONFLICT(Hostname) DO UPDATE SET Hostname = EXCLUDED.Hostname ;
INSERT INTO Networking(Hostname, IP, Gateway, Description, Index, DHCP) VALUES ('PM-SIOADM005.pa.pref', '192.168.10.179', '192.168.10.1', 'Realtek PCIe GBE Family Controller', '1', 'True') ON CONFLICT(Hostname) DO UPDATE SET Hostname = EXCLUDED.Hostname, IP = EXCLUDED.IP, Gateway = EXCLUDED.Gateway, Description = EXCLUDED.Description, Index = EXCLUDED.Index, DHCP = EXCLUDED.DHCP ;
INSERT INTO Hosts(Hostname) VALUES ('PM-SSADPGF16.pa.pref') ON CONFLICT(Hostname) DO UPDATE SET Hostname = EXCLUDED.Hostname ;
INSERT INTO CPU(Hostname, Name, Caption, NOC, NOLP)VALUES('PM-SSADPGF16.pa.pref', '12th Gen Intel(R) Core(TM) i3-12100', 'Intel64 Family 6 Model 151 Stepping 5', '4', '8') ON CONFLICT(Hostname) DO UPDATE SET Hostname = EXCLUDED.Hostname, Name = EXCLUDED.Name, Caption = EXCLUDED.Caption, NOC = EXCLUDED.NOC, NOLP = EXCLUDED.NOLP ;
INSERT INTO Hosts(Hostname) VALUES ('PM-SSADPGF16.pa.pref') ON CONFLICT(Hostname) DO UPDATE SET Hostname = EXCLUDED.Hostname ;
INSERT INTO OS(Hostname, Caption, BuildNumber, Architecture, Description) VALUES('PM-SSADPGF16.pa.pref', 'Microsoft Windows 11 Pro', '22621', '64 bits', 'DPGF S/P') ON CONFLICT(Hostname) DO UPDATE SET Hostname = EXCLUDED.Hostname, Caption = EXCLUDED.Caption, BuildNumber = EXCLUDED.BuildNumber, Architecture = EXCLUDED.Architecture, Description = EXCLUDED.Description ;
INSERT INTO Hosts(Hostname) VALUES ('PM-SSADPGF16.pa.pref') ON CONFLICT(Hostname) DO UPDATE SET Hostname = EXCLUDED.Hostname ;
INSERT INTO Networking(Hostname, IP, Gateway, Description, Index, DHCP) VALUES ('PM-SSADPGF16.pa.pref', '192.168.11.52', '192.168.11.1', 'Realtek PCIe GbE Family Controller', '1', 'True') ON CONFLICT(Hostname) DO UPDATE SET Hostname = EXCLUDED.Hostname, IP = EXCLUDED.IP, Gateway = EXCLUDED.Gateway, Description = EXCLUDED.Description, Index = EXCLUDED.Index, DHCP = EXCLUDED.DHCP ;
INSERT INTO Hosts(Hostname) VALUES ('PM-SAFTRI004.pa.pref') ON CONFLICT(Hostname) DO UPDATE SET Hostname = EXCLUDED.Hostname ;
INSERT INTO CPU(Hostname, Name, Caption, NOC, NOLP)VALUES('PM-SAFTRI004.pa.pref', 'Intel(R) Core(TM) i3-7100 CPU @ 3.90GHz', 'Intel64 Family 6 Model 158 Stepping 9', '2', '4') ON CONFLICT(Hostname) DO UPDATE SET Hostname = EXCLUDED.Hostname, Name = EXCLUDED.Name, Caption = EXCLUDED.Caption, NOC = EXCLUDED.NOC, NOLP = EXCLUDED.NOLP ;
INSERT INTO Hosts(Hostname) VALUES ('PM-SAFTRI004.pa.pref') ON CONFLICT(Hostname) DO UPDATE SET Hostname = EXCLUDED.Hostname ;
INSERT INTO OS(Hostname, Caption, BuildNumber, Architecture, Description) VALUES('PM-SAFTRI004.pa.pref', 'Microsoft Windows 10 Pro', '19045', '64 bits', '132151') ON CONFLICT(Hostname) DO UPDATE SET Hostname = EXCLUDED.Hostname, Caption = EXCLUDED.Caption, BuildNumber = EXCLUDED.BuildNumber, Architecture = EXCLUDED.Architecture, Description = EXCLUDED.Description ;
INSERT INTO Hosts(Hostname) VALUES ('PM-SAFTRI004.pa.pref') ON CONFLICT(Hostname) DO UPDATE SET Hostname = EXCLUDED.Hostname ;
INSERT INTO Networking(Hostname, IP, Gateway, Description, Index, DHCP) VALUES ('PM-SAFTRI004.pa.pref', '192.168.253.169', '192.168.253.1', 'Realtek PCIe GBE Family Controller', '1', 'True') ON CONFLICT(Hostname) DO UPDATE SET Hostname = EXCLUDED.Hostname, IP = EXCLUDED.IP, Gateway = EXCLUDED.Gateway, Description = EXCLUDED.Description, Index = EXCLUDED.Index, DHCP = EXCLUDED.DHCP ;
INSERT INTO Hosts(Hostname) VALUES ('PM-SDEADM10.pa.pref') ON CONFLICT(Hostname) DO UPDATE SET Hostname = EXCLUDED.Hostname ;
INSERT INTO CPU(Hostname, Name, Caption, NOC, NOLP)VALUES('PM-SDEADM10.pa.pref', '11th Gen Intel(R) Core(TM) i5-1135G7 @ 2.40GHz', 'Intel64 Family 6 Model 140 Stepping 1', '4', '8') ON CONFLICT(Hostname) DO UPDATE SET Hostname = EXCLUDED.Hostname, Name = EXCLUDED.Name, Caption = EXCLUDED.Caption, NOC = EXCLUDED.NOC, NOLP = EXCLUDED.NOLP ;
INSERT INTO Hosts(Hostname) VALUES ('PM-SDEADM10.pa.pref') ON CONFLICT(Hostname) DO UPDATE SET Hostname = EXCLUDED.Hostname ;
INSERT INTO OS(Hostname, Caption, BuildNumber, Architecture, Description) VALUES('PM-SDEADM10.pa.pref', 'Microsoft Windows 11 Pro', '22621', '64 bits', NULL) ON CONFLICT(Hostname) DO UPDATE SET Hostname = EXCLUDED.Hostname, Caption = EXCLUDED.Caption, BuildNumber = EXCLUDED.BuildNumber, Architecture = EXCLUDED.Architecture, Description = EXCLUDED.Description ;
INSERT INTO Hosts(Hostname) VALUES ('PM-SDEADM10.pa.pref') ON CONFLICT(Hostname) DO UPDATE SET Hostname = EXCLUDED.Hostname ;
INSERT INTO Networking(Hostname, IP, Gateway, Description, Index, DHCP) VALUES ('PM-SDEADM10.pa.pref', '192.168.8.110', '192.168.8.1', 'Realtek PCIe GbE Family Controller', '3', 'True') ON CONFLICT(Hostname) DO UPDATE SET Hostname = EXCLUDED.Hostname, IP = EXCLUDED.IP, Gateway = EXCLUDED.Gateway, Description = EXCLUDED.Description, Index = EXCLUDED.Index, DHCP = EXCLUDED.DHCP ;
INSERT INTO Hosts(Hostname) VALUES ('PM-SSAADM143.pa.pref') ON CONFLICT(Hostname) DO UPDATE SET Hostname = EXCLUDED.Hostname ;
INSERT INTO CPU(Hostname, Name, Caption, NOC, NOLP)VALUES('PM-SSAADM143.pa.pref', 'Intel(R) Core(TM) i3-10100 CPU @ 3.60GHz', 'Intel64 Family 6 Model 165 Stepping 3', '4', '8') ON CONFLICT(Hostname) DO UPDATE SET Hostname = EXCLUDED.Hostname, Name = EXCLUDED.Name, Caption = EXCLUDED.Caption, NOC = EXCLUDED.NOC, NOLP = EXCLUDED.NOLP ;
INSERT INTO Hosts(Hostname) VALUES ('PM-SSAADM143.pa.pref') ON CONFLICT(Hostname) DO UPDATE SET Hostname = EXCLUDED.Hostname ;
INSERT INTO OS(Hostname, Caption, BuildNumber, Architecture, Description) VALUES('PM-SSAADM143.pa.pref', 'Microsoft Windows 10 Pro', '19045', '64 bits', 'P-174568 A-351685798') ON CONFLICT(Hostname) DO UPDATE SET Hostname = EXCLUDED.Hostname, Caption = EXCLUDED.Caption, BuildNumber = EXCLUDED.BuildNumber, Architecture = EXCLUDED.Architecture, Description = EXCLUDED.Description ;
INSERT INTO Hosts(Hostname) VALUES ('PM-SSAADM143.pa.pref') ON CONFLICT(Hostname) DO UPDATE SET Hostname = EXCLUDED.Hostname ;
INSERT INTO Networking(Hostname, IP, Gateway, Description, Index, DHCP) VALUES ('PM-SSAADM143.pa.pref', '192.168.152.131', '192.168.152.1', 'Realtek PCIe GbE Family Controller', '1', 'True') ON CONFLICT(Hostname) DO UPDATE SET Hostname = EXCLUDED.Hostname, IP = EXCLUDED.IP, Gateway = EXCLUDED.Gateway, Description = EXCLUDED.Description, Index = EXCLUDED.Index, DHCP = EXCLUDED.DHCP ;
INSERT INTO Hosts(Hostname) VALUES ('PM-STTADM047.pa.pref') ON CONFLICT(Hostname) DO UPDATE SET Hostname = EXCLUDED.Hostname ;
INSERT INTO CPU(Hostname, Name, Caption, NOC, NOLP)VALUES('PM-STTADM047.pa.pref', 'Intel(R) Core(TM) i3-10100 CPU @ 3.60GHz', 'Intel64 Family 6 Model 165 Stepping 3', '4', '8') ON CONFLICT(Hostname) DO UPDATE SET Hostname = EXCLUDED.Hostname, Name = EXCLUDED.Name, Caption = EXCLUDED.Caption, NOC = EXCLUDED.NOC, NOLP = EXCLUDED.NOLP ;
INSERT INTO Hosts(Hostname) VALUES ('PM-STTADM047.pa.pref') ON CONFLICT(Hostname) DO UPDATE SET Hostname = EXCLUDED.Hostname ;
INSERT INTO OS(Hostname, Caption, BuildNumber, Architecture, Description) VALUES('PM-STTADM047.pa.pref', 'Microsoft Windows 10 Pro', '19045', '64 bits', 'P-//174429') ON CONFLICT(Hostname) DO UPDATE SET Hostname = EXCLUDED.Hostname, Caption = EXCLUDED.Caption, BuildNumber = EXCLUDED.BuildNumber, Architecture = EXCLUDED.Architecture, Description = EXCLUDED.Description ;
INSERT INTO Hosts(Hostname) VALUES ('PM-STTADM047.pa.pref') ON CONFLICT(Hostname) DO UPDATE SET Hostname = EXCLUDED.Hostname ;
INSERT INTO Networking(Hostname, IP, Gateway, Description, Index, DHCP) VALUES ('PM-STTADM047.pa.pref', '192.168.10.242', '192.168.10.1', 'Realtek PCIe GbE Family Controller', '1', 'True') ON CONFLICT(Hostname) DO UPDATE SET Hostname = EXCLUDED.Hostname, IP = EXCLUDED.IP, Gateway = EXCLUDED.Gateway, Description = EXCLUDED.Description, Index = EXCLUDED.Index, DHCP = EXCLUDED.DHCP ;
INSERT INTO Hosts(Hostname) VALUES ('PM-SSAUS10005.pa.pref') ON CONFLICT(Hostname) DO UPDATE SET Hostname = EXCLUDED.Hostname ;
INSERT INTO CPU(Hostname, Name, Caption, NOC, NOLP)VALUES('PM-SSAUS10005.pa.pref', 'AMD A10-9700 RADEON R7, 10 COMPUTE CORES 4C+6G ', 'AMD64 Family 21 Model 101 Stepping 1', '4', '4') ON CONFLICT(Hostname) DO UPDATE SET Hostname = EXCLUDED.Hostname, Name = EXCLUDED.Name, Caption = EXCLUDED.Caption, NOC = EXCLUDED.NOC, NOLP = EXCLUDED.NOLP ;
INSERT INTO Hosts(Hostname) VALUES ('PM-SSAUS10005.pa.pref') ON CONFLICT(Hostname) DO UPDATE SET Hostname = EXCLUDED.Hostname ;
INSERT INTO OS(Hostname, Caption, BuildNumber, Architecture, Description) VALUES('PM-SSAUS10005.pa.pref', 'Microsoft Windows 10 Pro', '19045', '64 bits', 'Patrimonio 142297') ON CONFLICT(Hostname) DO UPDATE SET Hostname = EXCLUDED.Hostname, Caption = EXCLUDED.Caption, BuildNumber = EXCLUDED.BuildNumber, Architecture = EXCLUDED.Architecture, Description = EXCLUDED.Description ;
INSERT INTO Hosts(Hostname) VALUES ('PM-SSAUS10005.pa.pref') ON CONFLICT(Hostname) DO UPDATE SET Hostname = EXCLUDED.Hostname ;
INSERT INTO Networking(Hostname, IP, Gateway, Description, Index, DHCP) VALUES ('PM-SSAUS10005.pa.pref', '192.168.102.150', '192.168.102.1', 'Realtek PCIe GbE Family Controller', '2', 'True') ON CONFLICT(Hostname) DO UPDATE SET Hostname = EXCLUDED.Hostname, IP = EXCLUDED.IP, Gateway = EXCLUDED.Gateway, Description = EXCLUDED.Description, Index = EXCLUDED.Index, DHCP = EXCLUDED.DHCP ;
INSERT INTO Hosts(Hostname) VALUES ('PM-SECED32036.pa.pref') ON CONFLICT(Hostname) DO UPDATE SET Hostname = EXCLUDED.Hostname ;
INSERT INTO CPU(Hostname, Name, Caption, NOC, NOLP)VALUES('PM-SECED32036.pa.pref', 'Intel(R) Core(TM) i3 CPU         560  @ 3.33GHz', 'Intel64 Family 6 Model 37 Stepping 5', '2', '4') ON CONFLICT(Hostname) DO UPDATE SET Hostname = EXCLUDED.Hostname, Name = EXCLUDED.Name, Caption = EXCLUDED.Caption, NOC = EXCLUDED.NOC, NOLP = EXCLUDED.NOLP ;
INSERT INTO Hosts(Hostname) VALUES ('PM-SECED32036.pa.pref') ON CONFLICT(Hostname) DO UPDATE SET Hostname = EXCLUDED.Hostname ;
INSERT INTO OS(Hostname, Caption, BuildNumber, Architecture, Description) VALUES('PM-SECED32036.pa.pref', 'Microsoft Windows 7 Professional ', '7601', '64-bit', 'FNDE 71/2010') ON CONFLICT(Hostname) DO UPDATE SET Hostname = EXCLUDED.Hostname, Caption = EXCLUDED.Caption, BuildNumber = EXCLUDED.BuildNumber, Architecture = EXCLUDED.Architecture, Description = EXCLUDED.Description ;
INSERT INTO Hosts(Hostname) VALUES ('PM-SECED32036.pa.pref') ON CONFLICT(Hostname) DO UPDATE SET Hostname = EXCLUDED.Hostname ;
INSERT INTO Networking(Hostname, IP, Gateway, Description, Index, DHCP) VALUES ('PM-SECED32036.pa.pref', '192.168.127.137', '192.168.127.1', 'Realtek PCIe GBE Family Controller', '7', 'True') ON CONFLICT(Hostname) DO UPDATE SET Hostname = EXCLUDED.Hostname, IP = EXCLUDED.IP, Gateway = EXCLUDED.Gateway, Description = EXCLUDED.Description, Index = EXCLUDED.Index, DHCP = EXCLUDED.DHCP ;
INSERT INTO Hosts(Hostname) VALUES ('PM-SSAUS27013.pa.pref') ON CONFLICT(Hostname) DO UPDATE SET Hostname = EXCLUDED.Hostname ;
INSERT INTO CPU(Hostname, Name, Caption, NOC, NOLP)VALUES('PM-SSAUS27013.pa.pref', 'Intel(R) Core(TM) i5-3470 CPU @ 3.20GHz', 'Intel64 Family 6 Model 58 Stepping 9', '4', '4') ON CONFLICT(Hostname) DO UPDATE SET Hostname = EXCLUDED.Hostname, Name = EXCLUDED.Name, Caption = EXCLUDED.Caption, NOC = EXCLUDED.NOC, NOLP = EXCLUDED.NOLP ;
INSERT INTO Hosts(Hostname) VALUES ('PM-SSAUS27013.pa.pref') ON CONFLICT(Hostname) DO UPDATE SET Hostname = EXCLUDED.Hostname ;
INSERT INTO OS(Hostname, Caption, BuildNumber, Architecture, Description) VALUES('PM-SSAUS27013.pa.pref', 'Microsoft Windows 7 Professional ', '7601', '64-bit', 'Patrimonio 99967') ON CONFLICT(Hostname) DO UPDATE SET Hostname = EXCLUDED.Hostname, Caption = EXCLUDED.Caption, BuildNumber = EXCLUDED.BuildNumber, Architecture = EXCLUDED.Architecture, Description = EXCLUDED.Description ;
INSERT INTO Hosts(Hostname) VALUES ('PM-SSAUS27013.pa.pref') ON CONFLICT(Hostname) DO UPDATE SET Hostname = EXCLUDED.Hostname ;
INSERT INTO Networking(Hostname, IP, Gateway, Description, Index, DHCP) VALUES ('PM-SSAUS27013.pa.pref', '192.168.222.38', '192.168.222.1', 'Intel(R) 82579LM Gigabit Network Connection', '7', 'True') ON CONFLICT(Hostname) DO UPDATE SET Hostname = EXCLUDED.Hostname, IP = EXCLUDED.IP, Gateway = EXCLUDED.Gateway, Description = EXCLUDED.Description, Index = EXCLUDED.Index, DHCP = EXCLUDED.DHCP ;
INSERT INTO Hosts(Hostname) VALUES ('PM-SECED30029.pa.pref') ON CONFLICT(Hostname) DO UPDATE SET Hostname = EXCLUDED.Hostname ;
INSERT INTO CPU(Hostname, Name, Caption, NOC, NOLP)VALUES('PM-SECED30029.pa.pref', 'Intel(R) Core(TM) i3-10100 CPU @ 3.60GHz', 'Intel64 Family 6 Model 165 Stepping 3', '4', '8') ON CONFLICT(Hostname) DO UPDATE SET Hostname = EXCLUDED.Hostname, Name = EXCLUDED.Name, Caption = EXCLUDED.Caption, NOC = EXCLUDED.NOC, NOLP = EXCLUDED.NOLP ;
INSERT INTO Hosts(Hostname) VALUES ('PM-SECED30029.pa.pref') ON CONFLICT(Hostname) DO UPDATE SET Hostname = EXCLUDED.Hostname ;
INSERT INTO OS(Hostname, Caption, BuildNumber, Architecture, Description) VALUES('PM-SECED30029.pa.pref', 'Microsoft Windows 10 Pro', '19045', '64 bits', 'P-174708 A-349143397') ON CONFLICT(Hostname) DO UPDATE SET Hostname = EXCLUDED.Hostname, Caption = EXCLUDED.Caption, BuildNumber = EXCLUDED.BuildNumber, Architecture = EXCLUDED.Architecture, Description = EXCLUDED.Description ;
INSERT INTO Hosts(Hostname) VALUES ('PM-SECED30029.pa.pref') ON CONFLICT(Hostname) DO UPDATE SET Hostname = EXCLUDED.Hostname ;
INSERT INTO Networking(Hostname, IP, Gateway, Description, Index, DHCP) VALUES ('PM-SECED30029.pa.pref', '192.168.162.113', '192.168.162.1', 'Realtek PCIe GbE Family Controller', '1', 'True') ON CONFLICT(Hostname) DO UPDATE SET Hostname = EXCLUDED.Hostname, IP = EXCLUDED.IP, Gateway = EXCLUDED.Gateway, Description = EXCLUDED.Description, Index = EXCLUDED.Index, DHCP = EXCLUDED.DHCP ;
INSERT INTO Hosts(Hostname) VALUES ('PM-SURADM081.pa.pref') ON CONFLICT(Hostname) DO UPDATE SET Hostname = EXCLUDED.Hostname ;
INSERT INTO CPU(Hostname, Name, Caption, NOC, NOLP)VALUES('PM-SURADM081.pa.pref', 'Intel(R) Core(TM) i3-10100 CPU @ 3.60GHz', 'Intel64 Family 6 Model 165 Stepping 3', '4', '8') ON CONFLICT(Hostname) DO UPDATE SET Hostname = EXCLUDED.Hostname, Name = EXCLUDED.Name, Caption = EXCLUDED.Caption, NOC = EXCLUDED.NOC, NOLP = EXCLUDED.NOLP ;
INSERT INTO Hosts(Hostname) VALUES ('PM-SURADM081.pa.pref') ON CONFLICT(Hostname) DO UPDATE SET Hostname = EXCLUDED.Hostname ;
INSERT INTO OS(Hostname, Caption, BuildNumber, Architecture, Description) VALUES('PM-SURADM081.pa.pref', 'Microsoft Windows 10 Pro', '19044', '64 bits', 'P-175549 A-923031319') ON CONFLICT(Hostname) DO UPDATE SET Hostname = EXCLUDED.Hostname, Caption = EXCLUDED.Caption, BuildNumber = EXCLUDED.BuildNumber, Architecture = EXCLUDED.Architecture, Description = EXCLUDED.Description ;
INSERT INTO Hosts(Hostname) VALUES ('PM-SURADM081.pa.pref') ON CONFLICT(Hostname) DO UPDATE SET Hostname = EXCLUDED.Hostname ;
INSERT INTO Networking(Hostname, IP, Gateway, Description, Index, DHCP) VALUES ('PM-SURADM081.pa.pref', '192.168.198.144', '192.168.198.1', 'Realtek PCIe GbE Family Controller', '1', 'True') ON CONFLICT(Hostname) DO UPDATE SET Hostname = EXCLUDED.Hostname, IP = EXCLUDED.IP, Gateway = EXCLUDED.Gateway, Description = EXCLUDED.Description, Index = EXCLUDED.Index, DHCP = EXCLUDED.DHCP ;
INSERT INTO Hosts(Hostname) VALUES ('PM-SAFTRI011.pa.pref') ON CONFLICT(Hostname) DO UPDATE SET Hostname = EXCLUDED.Hostname ;
INSERT INTO CPU(Hostname, Name, Caption, NOC, NOLP)VALUES('PM-SAFTRI011.pa.pref', 'Intel(R) Core(TM) i3-7100 CPU @ 3.90GHz', 'Intel64 Family 6 Model 158 Stepping 9', '2', '4') ON CONFLICT(Hostname) DO UPDATE SET Hostname = EXCLUDED.Hostname, Name = EXCLUDED.Name, Caption = EXCLUDED.Caption, NOC = EXCLUDED.NOC, NOLP = EXCLUDED.NOLP ;
INSERT INTO Hosts(Hostname) VALUES ('PM-SAFTRI011.pa.pref') ON CONFLICT(Hostname) DO UPDATE SET Hostname = EXCLUDED.Hostname ;
INSERT INTO OS(Hostname, Caption, BuildNumber, Architecture, Description) VALUES('PM-SAFTRI011.pa.pref', 'Microsoft Windows 10 Pro', '19045', '64 bits', '132130') ON CONFLICT(Hostname) DO UPDATE SET Hostname = EXCLUDED.Hostname, Caption = EXCLUDED.Caption, BuildNumber = EXCLUDED.BuildNumber, Architecture = EXCLUDED.Architecture, Description = EXCLUDED.Description ;
INSERT INTO Hosts(Hostname) VALUES ('PM-SAFTRI011.pa.pref') ON CONFLICT(Hostname) DO UPDATE SET Hostname = EXCLUDED.Hostname ;
INSERT INTO Networking(Hostname, IP, Gateway, Description, Index, DHCP) VALUES ('PM-SAFTRI011.pa.pref', '192.168.253.238', '192.168.253.1', 'Realtek PCIe GBE Family Controller', '1', 'True') ON CONFLICT(Hostname) DO UPDATE SET Hostname = EXCLUDED.Hostname, IP = EXCLUDED.IP, Gateway = EXCLUDED.Gateway, Description = EXCLUDED.Description, Index = EXCLUDED.Index, DHCP = EXCLUDED.DHCP ;
INSERT INTO Hosts(Hostname) VALUES ('PM-SSAUS01003.pa.pref') ON CONFLICT(Hostname) DO UPDATE SET Hostname = EXCLUDED.Hostname ;
INSERT INTO CPU(Hostname, Name, Caption, NOC, NOLP)VALUES('PM-SSAUS01003.pa.pref', 'AMD A10-9700 RADEON R7, 10 COMPUTE CORES 4C+6G ', 'AMD64 Family 21 Model 101 Stepping 1', '4', '4') ON CONFLICT(Hostname) DO UPDATE SET Hostname = EXCLUDED.Hostname, Name = EXCLUDED.Name, Caption = EXCLUDED.Caption, NOC = EXCLUDED.NOC, NOLP = EXCLUDED.NOLP ;
INSERT INTO Hosts(Hostname) VALUES ('PM-SSAUS01003.pa.pref') ON CONFLICT(Hostname) DO UPDATE SET Hostname = EXCLUDED.Hostname ;
INSERT INTO OS(Hostname, Caption, BuildNumber, Architecture, Description) VALUES('PM-SSAUS01003.pa.pref', 'Microsoft Windows 10 Pro', '19044', '64 bits', '145544') ON CONFLICT(Hostname) DO UPDATE SET Hostname = EXCLUDED.Hostname, Caption = EXCLUDED.Caption, BuildNumber = EXCLUDED.BuildNumber, Architecture = EXCLUDED.Architecture, Description = EXCLUDED.Description ;
INSERT INTO Hosts(Hostname) VALUES ('PM-SSAUS01003.pa.pref') ON CONFLICT(Hostname) DO UPDATE SET Hostname = EXCLUDED.Hostname ;
INSERT INTO Networking(Hostname, IP, Gateway, Description, Index, DHCP) VALUES ('PM-SSAUS01003.pa.pref', '192.168.145.45', '192.168.145.1', 'Realtek PCIe GbE Family Controller', '2', 'True') ON CONFLICT(Hostname) DO UPDATE SET Hostname = EXCLUDED.Hostname, IP = EXCLUDED.IP, Gateway = EXCLUDED.Gateway, Description = EXCLUDED.Description, Index = EXCLUDED.Index, DHCP = EXCLUDED.DHCP ;
INSERT INTO Hosts(Hostname) VALUES ('PM-SSAUS10019.pa.pref') ON CONFLICT(Hostname) DO UPDATE SET Hostname = EXCLUDED.Hostname ;
INSERT INTO CPU(Hostname, Name, Caption, NOC, NOLP)VALUES('PM-SSAUS10019.pa.pref', 'AMD Ryzen 3 5400U with Radeon Graphics         ', 'AMD64 Family 25 Model 80 Stepping 0', '4', '8') ON CONFLICT(Hostname) DO UPDATE SET Hostname = EXCLUDED.Hostname, Name = EXCLUDED.Name, Caption = EXCLUDED.Caption, NOC = EXCLUDED.NOC, NOLP = EXCLUDED.NOLP ;
INSERT INTO Hosts(Hostname) VALUES ('PM-SSAUS10019.pa.pref') ON CONFLICT(Hostname) DO UPDATE SET Hostname = EXCLUDED.Hostname ;
INSERT INTO OS(Hostname, Caption, BuildNumber, Architecture, Description) VALUES('PM-SSAUS10019.pa.pref', 'Microsoft Windows 10 Pro', '19044', '64 bits', '168936') ON CONFLICT(Hostname) DO UPDATE SET Hostname = EXCLUDED.Hostname, Caption = EXCLUDED.Caption, BuildNumber = EXCLUDED.BuildNumber, Architecture = EXCLUDED.Architecture, Description = EXCLUDED.Description ;
INSERT INTO Hosts(Hostname) VALUES ('PM-SSAUS10019.pa.pref') ON CONFLICT(Hostname) DO UPDATE SET Hostname = EXCLUDED.Hostname ;
INSERT INTO Networking(Hostname, IP, Gateway, Description, Index, DHCP) VALUES ('PM-SSAUS10019.pa.pref', '192.168.102.86', '192.168.102.1', 'MediaTek MT7921 Wi-Fi 6 802.11ax PCIe Adapter', '1', 'True') ON CONFLICT(Hostname) DO UPDATE SET Hostname = EXCLUDED.Hostname, IP = EXCLUDED.IP, Gateway = EXCLUDED.Gateway, Description = EXCLUDED.Description, Index = EXCLUDED.Index, DHCP = EXCLUDED.DHCP ;
INSERT INTO Hosts(Hostname) VALUES ('PM-SSAUS38017.pa.pref') ON CONFLICT(Hostname) DO UPDATE SET Hostname = EXCLUDED.Hostname ;
INSERT INTO CPU(Hostname, Name, Caption, NOC, NOLP)VALUES('PM-SSAUS38017.pa.pref', 'Intel(R) Core(TM)2 Duo CPU     E7500  @ 2.93GHz', 'Intel64 Family 6 Model 23 Stepping 10', '2', '2') ON CONFLICT(Hostname) DO UPDATE SET Hostname = EXCLUDED.Hostname, Name = EXCLUDED.Name, Caption = EXCLUDED.Caption, NOC = EXCLUDED.NOC, NOLP = EXCLUDED.NOLP ;
INSERT INTO Hosts(Hostname) VALUES ('PM-SSAUS38017.pa.pref') ON CONFLICT(Hostname) DO UPDATE SET Hostname = EXCLUDED.Hostname ;
INSERT INTO OS(Hostname, Caption, BuildNumber, Architecture, Description) VALUES('PM-SSAUS38017.pa.pref', 'Microsoft Windows 7 Professional ', '7601', '64-bit', 'Patrimonio 99160') ON CONFLICT(Hostname) DO UPDATE SET Hostname = EXCLUDED.Hostname, Caption = EXCLUDED.Caption, BuildNumber = EXCLUDED.BuildNumber, Architecture = EXCLUDED.Architecture, Description = EXCLUDED.Description ;
INSERT INTO Hosts(Hostname) VALUES ('PM-SSAUS38017.pa.pref') ON CONFLICT(Hostname) DO UPDATE SET Hostname = EXCLUDED.Hostname ;
INSERT INTO Networking(Hostname, IP, Gateway, Description, Index, DHCP) VALUES ('PM-SSAUS38017.pa.pref', '192.168.36.186', '192.168.36.1', 'Intel(R) 82567V-4 Gigabit Network Connection', '7', 'True') ON CONFLICT(Hostname) DO UPDATE SET Hostname = EXCLUDED.Hostname, IP = EXCLUDED.IP, Gateway = EXCLUDED.Gateway, Description = EXCLUDED.Description, Index = EXCLUDED.Index, DHCP = EXCLUDED.DHCP ;
INSERT INTO Hosts(Hostname) VALUES ('PM-SSAUS38035.pa.pref') ON CONFLICT(Hostname) DO UPDATE SET Hostname = EXCLUDED.Hostname ;
INSERT INTO CPU(Hostname, Name, Caption, NOC, NOLP)VALUES('PM-SSAUS38035.pa.pref', 'AMD Ryzen 3 PRO 4350GE with Radeon Graphics', 'AMD64 Family 23 Model 96 Stepping 1', '4', '8') ON CONFLICT(Hostname) DO UPDATE SET Hostname = EXCLUDED.Hostname, Name = EXCLUDED.Name, Caption = EXCLUDED.Caption, NOC = EXCLUDED.NOC, NOLP = EXCLUDED.NOLP ;
INSERT INTO Hosts(Hostname) VALUES ('PM-SSAUS38035.pa.pref') ON CONFLICT(Hostname) DO UPDATE SET Hostname = EXCLUDED.Hostname ;
INSERT INTO OS(Hostname, Caption, BuildNumber, Architecture, Description) VALUES('PM-SSAUS38035.pa.pref', 'Microsoft Windows 10 Pro', '19045', '64 bits', 'P-169041 A-804368361') ON CONFLICT(Hostname) DO UPDATE SET Hostname = EXCLUDED.Hostname, Caption = EXCLUDED.Caption, BuildNumber = EXCLUDED.BuildNumber, Architecture = EXCLUDED.Architecture, Description = EXCLUDED.Description ;
INSERT INTO Hosts(Hostname) VALUES ('PM-SSAUS38035.pa.pref') ON CONFLICT(Hostname) DO UPDATE SET Hostname = EXCLUDED.Hostname ;
INSERT INTO Networking(Hostname, IP, Gateway, Description, Index, DHCP) VALUES ('PM-SSAUS38035.pa.pref', '192.168.36.250', '192.168.36.1', 'Realtek RTL8852AE WiFi 6 802.11ax PCIe Adapter', '2', 'True') ON CONFLICT(Hostname) DO UPDATE SET Hostname = EXCLUDED.Hostname, IP = EXCLUDED.IP, Gateway = EXCLUDED.Gateway, Description = EXCLUDED.Description, Index = EXCLUDED.Index, DHCP = EXCLUDED.DHCP ;
INSERT INTO Hosts(Hostname) VALUES ('PM-109846-x.pa.pref') ON CONFLICT(Hostname) DO UPDATE SET Hostname = EXCLUDED.Hostname ;
INSERT INTO CPU(Hostname, Name, Caption, NOC, NOLP)VALUES('PM-109846-x.pa.pref', 'Intel(R) Core(TM)2 Duo CPU     E7500  @ 2.93GHz', 'Intel64 Family 6 Model 23 Stepping 10', '2', '2') ON CONFLICT(Hostname) DO UPDATE SET Hostname = EXCLUDED.Hostname, Name = EXCLUDED.Name, Caption = EXCLUDED.Caption, NOC = EXCLUDED.NOC, NOLP = EXCLUDED.NOLP ;
INSERT INTO Hosts(Hostname) VALUES ('PM-109846-x.pa.pref') ON CONFLICT(Hostname) DO UPDATE SET Hostname = EXCLUDED.Hostname ;
INSERT INTO OS(Hostname, Caption, BuildNumber, Architecture, Description) VALUES('PM-109846-x.pa.pref', 'Microsoft Windows 10 Pro', '19045', '64 bits', NULL) ON CONFLICT(Hostname) DO UPDATE SET Hostname = EXCLUDED.Hostname, Caption = EXCLUDED.Caption, BuildNumber = EXCLUDED.BuildNumber, Architecture = EXCLUDED.Architecture, Description = EXCLUDED.Description ;
INSERT INTO Hosts(Hostname) VALUES ('PM-109846-x.pa.pref') ON CONFLICT(Hostname) DO UPDATE SET Hostname = EXCLUDED.Hostname ;
INSERT INTO Networking(Hostname, IP, Gateway, Description, Index, DHCP) VALUES ('PM-109846-x.pa.pref', '192.168.11.122', '192.168.11.1', 'Intel(R) 82567V-4 Gigabit Network Connection', '1', 'True') ON CONFLICT(Hostname) DO UPDATE SET Hostname = EXCLUDED.Hostname, IP = EXCLUDED.IP, Gateway = EXCLUDED.Gateway, Description = EXCLUDED.Description, Index = EXCLUDED.Index, DHCP = EXCLUDED.DHCP ;
INSERT INTO Hosts(Hostname) VALUES ('PM-SECED37022.pa.pref') ON CONFLICT(Hostname) DO UPDATE SET Hostname = EXCLUDED.Hostname ;
INSERT INTO CPU(Hostname, Name, Caption, NOC, NOLP)VALUES('PM-SECED37022.pa.pref', 'Intel(R) Pentium(R) Dual  CPU  E2160  @ 1.80GHz', 'Intel64 Family 6 Model 15 Stepping 13', '2', '2') ON CONFLICT(Hostname) DO UPDATE SET Hostname = EXCLUDED.Hostname, Name = EXCLUDED.Name, Caption = EXCLUDED.Caption, NOC = EXCLUDED.NOC, NOLP = EXCLUDED.NOLP ;
INSERT INTO Hosts(Hostname) VALUES ('PM-SECED37022.pa.pref') ON CONFLICT(Hostname) DO UPDATE SET Hostname = EXCLUDED.Hostname ;
INSERT INTO OS(Hostname, Caption, BuildNumber, Architecture, Description) VALUES('PM-SECED37022.pa.pref', 'Microsoft Windows 10 Pro', '19044', '64 bits', 'PM-SECED37022') ON CONFLICT(Hostname) DO UPDATE SET Hostname = EXCLUDED.Hostname, Caption = EXCLUDED.Caption, BuildNumber = EXCLUDED.BuildNumber, Architecture = EXCLUDED.Architecture, Description = EXCLUDED.Description ;
INSERT INTO Hosts(Hostname) VALUES ('PM-SECED37022.pa.pref') ON CONFLICT(Hostname) DO UPDATE SET Hostname = EXCLUDED.Hostname ;
INSERT INTO Networking(Hostname, IP, Gateway, Description, Index, DHCP) VALUES ('PM-SECED37022.pa.pref', '192.168.156.173', '192.168.156.1', 'Broadcom NetXtreme 57xx Gigabit Controller', '1', 'True') ON CONFLICT(Hostname) DO UPDATE SET Hostname = EXCLUDED.Hostname, IP = EXCLUDED.IP, Gateway = EXCLUDED.Gateway, Description = EXCLUDED.Description, Index = EXCLUDED.Index, DHCP = EXCLUDED.DHCP ;
INSERT INTO Hosts(Hostname) VALUES ('Tesouraria02-PC.pa.pref') ON CONFLICT(Hostname) DO UPDATE SET Hostname = EXCLUDED.Hostname ;
INSERT INTO CPU(Hostname, Name, Caption, NOC, NOLP)VALUES('Tesouraria02-PC.pa.pref', '12th Gen Intel(R) Core(TM) i3-12100', 'Intel64 Family 6 Model 151 Stepping 5', '4', '8') ON CONFLICT(Hostname) DO UPDATE SET Hostname = EXCLUDED.Hostname, Name = EXCLUDED.Name, Caption = EXCLUDED.Caption, NOC = EXCLUDED.NOC, NOLP = EXCLUDED.NOLP ;
INSERT INTO Hosts(Hostname) VALUES ('Tesouraria02-PC.pa.pref') ON CONFLICT(Hostname) DO UPDATE SET Hostname = EXCLUDED.Hostname ;
INSERT INTO OS(Hostname, Caption, BuildNumber, Architecture, Description) VALUES('Tesouraria02-PC.pa.pref', 'Microsoft Windows 11 Pro', '22621', '64 bits', NULL) ON CONFLICT(Hostname) DO UPDATE SET Hostname = EXCLUDED.Hostname, Caption = EXCLUDED.Caption, BuildNumber = EXCLUDED.BuildNumber, Architecture = EXCLUDED.Architecture, Description = EXCLUDED.Description ;
INSERT INTO Hosts(Hostname) VALUES ('Tesouraria02-PC.pa.pref') ON CONFLICT(Hostname) DO UPDATE SET Hostname = EXCLUDED.Hostname ;
INSERT INTO Networking(Hostname, IP, Gateway, Description, Index, DHCP) VALUES ('Tesouraria02-PC.pa.pref', '192.168.253.70', '192.168.253.1', 'Realtek PCIe GbE Family Controller', '1', 'False') ON CONFLICT(Hostname) DO UPDATE SET Hostname = EXCLUDED.Hostname, IP = EXCLUDED.IP, Gateway = EXCLUDED.Gateway, Description = EXCLUDED.Description, Index = EXCLUDED.Index, DHCP = EXCLUDED.DHCP ;
INSERT INTO Hosts(Hostname) VALUES ('PM-SSAUS18021.pa.pref') ON CONFLICT(Hostname) DO UPDATE SET Hostname = EXCLUDED.Hostname ;
INSERT INTO CPU(Hostname, Name, Caption, NOC, NOLP)VALUES('PM-SSAUS18021.pa.pref', 'Intel(R) Core(TM) i5-3470 CPU @ 3.20GHz', 'Intel64 Family 6 Model 58 Stepping 9', '4', '4') ON CONFLICT(Hostname) DO UPDATE SET Hostname = EXCLUDED.Hostname, Name = EXCLUDED.Name, Caption = EXCLUDED.Caption, NOC = EXCLUDED.NOC, NOLP = EXCLUDED.NOLP ;
INSERT INTO Hosts(Hostname) VALUES ('PM-SSAUS18021.pa.pref') ON CONFLICT(Hostname) DO UPDATE SET Hostname = EXCLUDED.Hostname ;
INSERT INTO OS(Hostname, Caption, BuildNumber, Architecture, Description) VALUES('PM-SSAUS18021.pa.pref', 'Microsoft Windows 10 Pro', '19045', '64 bits', 'P- 101217') ON CONFLICT(Hostname) DO UPDATE SET Hostname = EXCLUDED.Hostname, Caption = EXCLUDED.Caption, BuildNumber = EXCLUDED.BuildNumber, Architecture = EXCLUDED.Architecture, Description = EXCLUDED.Description ;
INSERT INTO Hosts(Hostname) VALUES ('PM-SSAUS18021.pa.pref') ON CONFLICT(Hostname) DO UPDATE SET Hostname = EXCLUDED.Hostname ;
INSERT INTO Networking(Hostname, IP, Gateway, Description, Index, DHCP) VALUES ('PM-SSAUS18021.pa.pref', '192.168.41.216', '192.168.41.1', 'Intel(R) 82579LM Gigabit Network Connection', '1', 'True') ON CONFLICT(Hostname) DO UPDATE SET Hostname = EXCLUDED.Hostname, IP = EXCLUDED.IP, Gateway = EXCLUDED.Gateway, Description = EXCLUDED.Description, Index = EXCLUDED.Index, DHCP = EXCLUDED.DHCP ;
INSERT INTO Hosts(Hostname) VALUES ('PM-SSAUS26009.pa.pref') ON CONFLICT(Hostname) DO UPDATE SET Hostname = EXCLUDED.Hostname ;
INSERT INTO CPU(Hostname, Name, Caption, NOC, NOLP)VALUES('PM-SSAUS26009.pa.pref', 'Intel(R) Core(TM) i3-3220 CPU @ 3.30GHz', 'Intel64 Family 6 Model 58 Stepping 9', '2', '4') ON CONFLICT(Hostname) DO UPDATE SET Hostname = EXCLUDED.Hostname, Name = EXCLUDED.Name, Caption = EXCLUDED.Caption, NOC = EXCLUDED.NOC, NOLP = EXCLUDED.NOLP ;
INSERT INTO Hosts(Hostname) VALUES ('PM-SSAUS26009.pa.pref') ON CONFLICT(Hostname) DO UPDATE SET Hostname = EXCLUDED.Hostname ;
INSERT INTO OS(Hostname, Caption, BuildNumber, Architecture, Description) VALUES('PM-SSAUS26009.pa.pref', 'Microsoft Windows 7 Professional ', '7601', '64-bit', 'P-98766 A-544243045') ON CONFLICT(Hostname) DO UPDATE SET Hostname = EXCLUDED.Hostname, Caption = EXCLUDED.Caption, BuildNumber = EXCLUDED.BuildNumber, Architecture = EXCLUDED.Architecture, Description = EXCLUDED.Description ;
INSERT INTO Hosts(Hostname) VALUES ('PM-SSAUS26009.pa.pref') ON CONFLICT(Hostname) DO UPDATE SET Hostname = EXCLUDED.Hostname ;
INSERT INTO Networking(Hostname, IP, Gateway, Description, Index, DHCP) VALUES ('PM-SSAUS26009.pa.pref', '192.168.221.37', '192.168.221.1', 'Realtek PCIe GBE Family Controller', '7', 'True') ON CONFLICT(Hostname) DO UPDATE SET Hostname = EXCLUDED.Hostname, IP = EXCLUDED.IP, Gateway = EXCLUDED.Gateway, Description = EXCLUDED.Description, Index = EXCLUDED.Index, DHCP = EXCLUDED.DHCP ;
INSERT INTO Hosts(Hostname) VALUES ('PM-INFO0181.pa.pref') ON CONFLICT(Hostname) DO UPDATE SET Hostname = EXCLUDED.Hostname ;
INSERT INTO CPU(Hostname, Name, Caption, NOC, NOLP)VALUES('PM-INFO0181.pa.pref', 'Intel(R) Core(TM) i3-10100 CPU @ 3.60GHz', 'Intel64 Family 6 Model 165 Stepping 3', '4', '8') ON CONFLICT(Hostname) DO UPDATE SET Hostname = EXCLUDED.Hostname, Name = EXCLUDED.Name, Caption = EXCLUDED.Caption, NOC = EXCLUDED.NOC, NOLP = EXCLUDED.NOLP ;
INSERT INTO Hosts(Hostname) VALUES ('PM-INFO0181.pa.pref') ON CONFLICT(Hostname) DO UPDATE SET Hostname = EXCLUDED.Hostname ;
INSERT INTO OS(Hostname, Caption, BuildNumber, Architecture, Description) VALUES('PM-INFO0181.pa.pref', 'Microsoft Windows 10 Pro', '19044', '64 bits', 'P-\\174601 A-515744431') ON CONFLICT(Hostname) DO UPDATE SET Hostname = EXCLUDED.Hostname, Caption = EXCLUDED.Caption, BuildNumber = EXCLUDED.BuildNumber, Architecture = EXCLUDED.Architecture, Description = EXCLUDED.Description ;
INSERT INTO Hosts(Hostname) VALUES ('PM-INFO0181.pa.pref') ON CONFLICT(Hostname) DO UPDATE SET Hostname = EXCLUDED.Hostname ;
INSERT INTO Networking(Hostname, IP, Gateway, Description, Index, DHCP) VALUES ('PM-INFO0181.pa.pref', '192.168.35.69', '192.168.35.1', 'Realtek PCIe GbE Family Controller', '1', 'True') ON CONFLICT(Hostname) DO UPDATE SET Hostname = EXCLUDED.Hostname, IP = EXCLUDED.IP, Gateway = EXCLUDED.Gateway, Description = EXCLUDED.Description, Index = EXCLUDED.Index, DHCP = EXCLUDED.DHCP ;
INSERT INTO Hosts(Hostname) VALUES ('PM-SSAATB002n.pa.pref') ON CONFLICT(Hostname) DO UPDATE SET Hostname = EXCLUDED.Hostname ;
INSERT INTO CPU(Hostname, Name, Caption, NOC, NOLP)VALUES('PM-SSAATB002n.pa.pref', 'AMD Ryzen 3 PRO 4350GE with Radeon Graphics', 'AMD64 Family 23 Model 96 Stepping 1', '4', '8') ON CONFLICT(Hostname) DO UPDATE SET Hostname = EXCLUDED.Hostname, Name = EXCLUDED.Name, Caption = EXCLUDED.Caption, NOC = EXCLUDED.NOC, NOLP = EXCLUDED.NOLP ;
INSERT INTO Hosts(Hostname) VALUES ('PM-SSAATB002n.pa.pref') ON CONFLICT(Hostname) DO UPDATE SET Hostname = EXCLUDED.Hostname ;
INSERT INTO OS(Hostname, Caption, BuildNumber, Architecture, Description) VALUES('PM-SSAATB002n.pa.pref', 'Microsoft Windows 10 Pro', '19045', '64 bits', 'P-169094 A-576479268') ON CONFLICT(Hostname) DO UPDATE SET Hostname = EXCLUDED.Hostname, Caption = EXCLUDED.Caption, BuildNumber = EXCLUDED.BuildNumber, Architecture = EXCLUDED.Architecture, Description = EXCLUDED.Description ;
INSERT INTO Hosts(Hostname) VALUES ('PM-SSAATB002n.pa.pref') ON CONFLICT(Hostname) DO UPDATE SET Hostname = EXCLUDED.Hostname ;
INSERT INTO Networking(Hostname, IP, Gateway, Description, Index, DHCP) VALUES ('PM-SSAATB002n.pa.pref', '192.168.11.178', '192.168.11.1', 'Realtek PCIe GbE Family Controller', '1', 'True') ON CONFLICT(Hostname) DO UPDATE SET Hostname = EXCLUDED.Hostname, IP = EXCLUDED.IP, Gateway = EXCLUDED.Gateway, Description = EXCLUDED.Description, Index = EXCLUDED.Index, DHCP = EXCLUDED.DHCP ;
INSERT INTO Hosts(Hostname) VALUES ('PM-SSAHPMINI011.pa.pref') ON CONFLICT(Hostname) DO UPDATE SET Hostname = EXCLUDED.Hostname ;
INSERT INTO CPU(Hostname, Name, Caption, NOC, NOLP)VALUES('PM-SSAHPMINI011.pa.pref', 'AMD Ryzen 3 PRO 4350GE with Radeon Graphics', 'AMD64 Family 23 Model 96 Stepping 1', '4', '8') ON CONFLICT(Hostname) DO UPDATE SET Hostname = EXCLUDED.Hostname, Name = EXCLUDED.Name, Caption = EXCLUDED.Caption, NOC = EXCLUDED.NOC, NOLP = EXCLUDED.NOLP ;
INSERT INTO Hosts(Hostname) VALUES ('PM-SSAHPMINI011.pa.pref') ON CONFLICT(Hostname) DO UPDATE SET Hostname = EXCLUDED.Hostname ;
INSERT INTO OS(Hostname, Caption, BuildNumber, Architecture, Description) VALUES('PM-SSAHPMINI011.pa.pref', 'Microsoft Windows 10 Pro', '19045', '64 bits', 'P-169061 A-587 183 477') ON CONFLICT(Hostname) DO UPDATE SET Hostname = EXCLUDED.Hostname, Caption = EXCLUDED.Caption, BuildNumber = EXCLUDED.BuildNumber, Architecture = EXCLUDED.Architecture, Description = EXCLUDED.Description ;
INSERT INTO Hosts(Hostname) VALUES ('PM-SSAHPMINI011.pa.pref') ON CONFLICT(Hostname) DO UPDATE SET Hostname = EXCLUDED.Hostname ;
INSERT INTO Networking(Hostname, IP, Gateway, Description, Index, DHCP) VALUES ('PM-SSAHPMINI011.pa.pref', '192.168.112.15', '192.168.112.1', 'Realtek PCIe GbE Family Controller', '1', 'True') ON CONFLICT(Hostname) DO UPDATE SET Hostname = EXCLUDED.Hostname, IP = EXCLUDED.IP, Gateway = EXCLUDED.Gateway, Description = EXCLUDED.Description, Index = EXCLUDED.Index, DHCP = EXCLUDED.DHCP ;
INSERT INTO Hosts(Hostname) VALUES ('PM-174764.pa.pref') ON CONFLICT(Hostname) DO UPDATE SET Hostname = EXCLUDED.Hostname ;
INSERT INTO CPU(Hostname, Name, Caption, NOC, NOLP)VALUES('PM-174764.pa.pref', 'Intel(R) Core(TM) i3-10100 CPU @ 3.60GHz', 'Intel64 Family 6 Model 165 Stepping 3', '4', '8') ON CONFLICT(Hostname) DO UPDATE SET Hostname = EXCLUDED.Hostname, Name = EXCLUDED.Name, Caption = EXCLUDED.Caption, NOC = EXCLUDED.NOC, NOLP = EXCLUDED.NOLP ;
INSERT INTO Hosts(Hostname) VALUES ('PM-174764.pa.pref') ON CONFLICT(Hostname) DO UPDATE SET Hostname = EXCLUDED.Hostname ;
INSERT INTO OS(Hostname, Caption, BuildNumber, Architecture, Description) VALUES('PM-174764.pa.pref', 'Microsoft Windows 10 Pro', '19044', '64 bits', 'PM-174764') ON CONFLICT(Hostname) DO UPDATE SET Hostname = EXCLUDED.Hostname, Caption = EXCLUDED.Caption, BuildNumber = EXCLUDED.BuildNumber, Architecture = EXCLUDED.Architecture, Description = EXCLUDED.Description ;
INSERT INTO Hosts(Hostname) VALUES ('PM-174764.pa.pref') ON CONFLICT(Hostname) DO UPDATE SET Hostname = EXCLUDED.Hostname ;
INSERT INTO Networking(Hostname, IP, Gateway, Description, Index, DHCP) VALUES ('PM-174764.pa.pref', '192.168.162.82', '192.168.162.1', 'Realtek PCIe GbE Family Controller', '1', 'True') ON CONFLICT(Hostname) DO UPDATE SET Hostname = EXCLUDED.Hostname, IP = EXCLUDED.IP, Gateway = EXCLUDED.Gateway, Description = EXCLUDED.Description, Index = EXCLUDED.Index, DHCP = EXCLUDED.DHCP ;
INSERT INTO Hosts(Hostname) VALUES ('PM-SSAUS14098.pa.pref') ON CONFLICT(Hostname) DO UPDATE SET Hostname = EXCLUDED.Hostname ;
INSERT INTO CPU(Hostname, Name, Caption, NOC, NOLP)VALUES('PM-SSAUS14098.pa.pref', 'Intel(R) Core(TM) i3-10100 CPU @ 3.60GHz', 'Intel64 Family 6 Model 165 Stepping 3', '4', '8') ON CONFLICT(Hostname) DO UPDATE SET Hostname = EXCLUDED.Hostname, Name = EXCLUDED.Name, Caption = EXCLUDED.Caption, NOC = EXCLUDED.NOC, NOLP = EXCLUDED.NOLP ;
INSERT INTO Hosts(Hostname) VALUES ('PM-SSAUS14098.pa.pref') ON CONFLICT(Hostname) DO UPDATE SET Hostname = EXCLUDED.Hostname ;
INSERT INTO OS(Hostname, Caption, BuildNumber, Architecture, Description) VALUES('PM-SSAUS14098.pa.pref', 'Microsoft Windows 10 Pro', '19044', '64 bits', 'P-\\\174600 A-\\220366333') ON CONFLICT(Hostname) DO UPDATE SET Hostname = EXCLUDED.Hostname, Caption = EXCLUDED.Caption, BuildNumber = EXCLUDED.BuildNumber, Architecture = EXCLUDED.Architecture, Description = EXCLUDED.Description ;
INSERT INTO Hosts(Hostname) VALUES ('PM-SSAUS14098.pa.pref') ON CONFLICT(Hostname) DO UPDATE SET Hostname = EXCLUDED.Hostname ;
INSERT INTO Networking(Hostname, IP, Gateway, Description, Index, DHCP) VALUES ('PM-SSAUS14098.pa.pref', '192.168.136.98', '192.168.136.1', 'Realtek PCIe GbE Family Controller', '1', 'True') ON CONFLICT(Hostname) DO UPDATE SET Hostname = EXCLUDED.Hostname, IP = EXCLUDED.IP, Gateway = EXCLUDED.Gateway, Description = EXCLUDED.Description, Index = EXCLUDED.Index, DHCP = EXCLUDED.DHCP ;
INSERT INTO Hosts(Hostname) VALUES ('PM-SECED34027.pa.pref') ON CONFLICT(Hostname) DO UPDATE SET Hostname = EXCLUDED.Hostname ;
INSERT INTO CPU(Hostname, Name, Caption, NOC, NOLP)VALUES('PM-SECED34027.pa.pref', 'Intel(R) Pentium(R) Gold G5420 CPU @ 3.80GHz', 'Intel64 Family 6 Model 158 Stepping 10', '2', '4') ON CONFLICT(Hostname) DO UPDATE SET Hostname = EXCLUDED.Hostname, Name = EXCLUDED.Name, Caption = EXCLUDED.Caption, NOC = EXCLUDED.NOC, NOLP = EXCLUDED.NOLP ;
INSERT INTO Hosts(Hostname) VALUES ('PM-SECED34027.pa.pref') ON CONFLICT(Hostname) DO UPDATE SET Hostname = EXCLUDED.Hostname ;
INSERT INTO OS(Hostname, Caption, BuildNumber, Architecture, Description) VALUES('PM-SECED34027.pa.pref', 'Microsoft Windows 10 Pro', '19045', '64 bits', 'Patrimonio 169157') ON CONFLICT(Hostname) DO UPDATE SET Hostname = EXCLUDED.Hostname, Caption = EXCLUDED.Caption, BuildNumber = EXCLUDED.BuildNumber, Architecture = EXCLUDED.Architecture, Description = EXCLUDED.Description ;
INSERT INTO Hosts(Hostname) VALUES ('PM-SECED34027.pa.pref') ON CONFLICT(Hostname) DO UPDATE SET Hostname = EXCLUDED.Hostname ;
INSERT INTO Networking(Hostname, IP, Gateway, Description, Index, DHCP) VALUES ('PM-SECED34027.pa.pref', '192.168.116.196', '192.168.116.1', 'Realtek PCIe GBE Family Controller', '1', 'True') ON CONFLICT(Hostname) DO UPDATE SET Hostname = EXCLUDED.Hostname, IP = EXCLUDED.IP, Gateway = EXCLUDED.Gateway, Description = EXCLUDED.Description, Index = EXCLUDED.Index, DHCP = EXCLUDED.DHCP ;
INSERT INTO Hosts(Hostname) VALUES ('PM-GABADM015.pa.pref') ON CONFLICT(Hostname) DO UPDATE SET Hostname = EXCLUDED.Hostname ;
INSERT INTO CPU(Hostname, Name, Caption, NOC, NOLP)VALUES('PM-GABADM015.pa.pref', 'Intel(R) Core(TM) i3-7100 CPU @ 3.90GHz', 'Intel64 Family 6 Model 158 Stepping 9', '2', '4') ON CONFLICT(Hostname) DO UPDATE SET Hostname = EXCLUDED.Hostname, Name = EXCLUDED.Name, Caption = EXCLUDED.Caption, NOC = EXCLUDED.NOC, NOLP = EXCLUDED.NOLP ;
INSERT INTO Hosts(Hostname) VALUES ('PM-GABADM015.pa.pref') ON CONFLICT(Hostname) DO UPDATE SET Hostname = EXCLUDED.Hostname ;
INSERT INTO OS(Hostname, Caption, BuildNumber, Architecture, Description) VALUES('PM-GABADM015.pa.pref', 'Microsoft Windows 10 Pro', '19042', '64 bits', 'Patrimonio 132202') ON CONFLICT(Hostname) DO UPDATE SET Hostname = EXCLUDED.Hostname, Caption = EXCLUDED.Caption, BuildNumber = EXCLUDED.BuildNumber, Architecture = EXCLUDED.Architecture, Description = EXCLUDED.Description ;
INSERT INTO Hosts(Hostname) VALUES ('PM-GABADM015.pa.pref') ON CONFLICT(Hostname) DO UPDATE SET Hostname = EXCLUDED.Hostname ;
INSERT INTO Networking(Hostname, IP, Gateway, Description, Index, DHCP) VALUES ('PM-GABADM015.pa.pref', '192.168.8.108', '192.168.8.1', 'Realtek PCIe GBE Family Controller', '1', 'True') ON CONFLICT(Hostname) DO UPDATE SET Hostname = EXCLUDED.Hostname, IP = EXCLUDED.IP, Gateway = EXCLUDED.Gateway, Description = EXCLUDED.Description, Index = EXCLUDED.Index, DHCP = EXCLUDED.DHCP ;
INSERT INTO Hosts(Hostname) VALUES ('PM-SSAUS37012.pa.pref') ON CONFLICT(Hostname) DO UPDATE SET Hostname = EXCLUDED.Hostname ;
INSERT INTO CPU(Hostname, Name, Caption, NOC, NOLP)VALUES('PM-SSAUS37012.pa.pref', 'Pentium(R) Dual-Core  CPU      E6600  @ 3.06GHz', 'Intel64 Family 6 Model 23 Stepping 10', '2', '2') ON CONFLICT(Hostname) DO UPDATE SET Hostname = EXCLUDED.Hostname, Name = EXCLUDED.Name, Caption = EXCLUDED.Caption, NOC = EXCLUDED.NOC, NOLP = EXCLUDED.NOLP ;
INSERT INTO Hosts(Hostname) VALUES ('PM-SSAUS37012.pa.pref') ON CONFLICT(Hostname) DO UPDATE SET Hostname = EXCLUDED.Hostname ;
INSERT INTO OS(Hostname, Caption, BuildNumber, Architecture, Description) VALUES('PM-SSAUS37012.pa.pref', 'Microsoft Windows 7 Professional ', '7601', '64-bit', NULL) ON CONFLICT(Hostname) DO UPDATE SET Hostname = EXCLUDED.Hostname, Caption = EXCLUDED.Caption, BuildNumber = EXCLUDED.BuildNumber, Architecture = EXCLUDED.Architecture, Description = EXCLUDED.Description ;
INSERT INTO Hosts(Hostname) VALUES ('PM-SSAUS37012.pa.pref') ON CONFLICT(Hostname) DO UPDATE SET Hostname = EXCLUDED.Hostname ;
INSERT INTO Networking(Hostname, IP, Gateway, Description, Index, DHCP) VALUES ('PM-SSAUS37012.pa.pref', '192.168.152.155', '192.168.152.1', 'Intel(R) 82567LM-3 Gigabit Network Connection', '7', 'True') ON CONFLICT(Hostname) DO UPDATE SET Hostname = EXCLUDED.Hostname, IP = EXCLUDED.IP, Gateway = EXCLUDED.Gateway, Description = EXCLUDED.Description, Index = EXCLUDED.Index, DHCP = EXCLUDED.DHCP ;
INSERT INTO Hosts(Hostname) VALUES ('PM-SPEADM005.pa.pref') ON CONFLICT(Hostname) DO UPDATE SET Hostname = EXCLUDED.Hostname ;
INSERT INTO CPU(Hostname, Name, Caption, NOC, NOLP)VALUES('PM-SPEADM005.pa.pref', 'Intel(R) Core(TM) i7-7700 CPU @ 3.60GHz', 'Intel64 Family 6 Model 158 Stepping 9', '4', '8') ON CONFLICT(Hostname) DO UPDATE SET Hostname = EXCLUDED.Hostname, Name = EXCLUDED.Name, Caption = EXCLUDED.Caption, NOC = EXCLUDED.NOC, NOLP = EXCLUDED.NOLP ;
INSERT INTO Hosts(Hostname) VALUES ('PM-SPEADM005.pa.pref') ON CONFLICT(Hostname) DO UPDATE SET Hostname = EXCLUDED.Hostname ;
INSERT INTO OS(Hostname, Caption, BuildNumber, Architecture, Description) VALUES('PM-SPEADM005.pa.pref', 'Microsoft Windows 10 Pro', '19045', '64 bits', 'Patrimonio 132473') ON CONFLICT(Hostname) DO UPDATE SET Hostname = EXCLUDED.Hostname, Caption = EXCLUDED.Caption, BuildNumber = EXCLUDED.BuildNumber, Architecture = EXCLUDED.Architecture, Description = EXCLUDED.Description ;
INSERT INTO Hosts(Hostname) VALUES ('PM-SPEADM005.pa.pref') ON CONFLICT(Hostname) DO UPDATE SET Hostname = EXCLUDED.Hostname ;
INSERT INTO Networking(Hostname, IP, Gateway, Description, Index, DHCP) VALUES ('PM-SPEADM005.pa.pref', '192.168.8.91', '192.168.8.1', 'Realtek PCIe GBE Family Controller', '1', 'True') ON CONFLICT(Hostname) DO UPDATE SET Hostname = EXCLUDED.Hostname, IP = EXCLUDED.IP, Gateway = EXCLUDED.Gateway, Description = EXCLUDED.Description, Index = EXCLUDED.Index, DHCP = EXCLUDED.DHCP ;
INSERT INTO Hosts(Hostname) VALUES ('PM--CONADM010.pa.pref') ON CONFLICT(Hostname) DO UPDATE SET Hostname = EXCLUDED.Hostname ;
INSERT INTO CPU(Hostname, Name, Caption, NOC, NOLP)VALUES('PM--CONADM010.pa.pref', 'Intel(R) Core(TM)2 Duo CPU     E7500  @ 2.93GHz', 'Intel64 Family 6 Model 23 Stepping 10', '2', '2') ON CONFLICT(Hostname) DO UPDATE SET Hostname = EXCLUDED.Hostname, Name = EXCLUDED.Name, Caption = EXCLUDED.Caption, NOC = EXCLUDED.NOC, NOLP = EXCLUDED.NOLP ;
INSERT INTO Hosts(Hostname) VALUES ('PM--CONADM010.pa.pref') ON CONFLICT(Hostname) DO UPDATE SET Hostname = EXCLUDED.Hostname ;
INSERT INTO OS(Hostname, Caption, BuildNumber, Architecture, Description) VALUES('PM--CONADM010.pa.pref', 'Microsoft Windows 10 Pro', '19044', '64 bits', NULL) ON CONFLICT(Hostname) DO UPDATE SET Hostname = EXCLUDED.Hostname, Caption = EXCLUDED.Caption, BuildNumber = EXCLUDED.BuildNumber, Architecture = EXCLUDED.Architecture, Description = EXCLUDED.Description ;
INSERT INTO Hosts(Hostname) VALUES ('PM--CONADM010.pa.pref') ON CONFLICT(Hostname) DO UPDATE SET Hostname = EXCLUDED.Hostname ;
INSERT INTO Networking(Hostname, IP, Gateway, Description, Index, DHCP) VALUES ('PM--CONADM010.pa.pref', '192.168.8.179', '192.168.8.1', 'Intel(R) 82567V-4 Gigabit Network Connection', '1', 'True') ON CONFLICT(Hostname) DO UPDATE SET Hostname = EXCLUDED.Hostname, IP = EXCLUDED.IP, Gateway = EXCLUDED.Gateway, Description = EXCLUDED.Description, Index = EXCLUDED.Index, DHCP = EXCLUDED.DHCP ;
INSERT INTO Hosts(Hostname) VALUES ('PM-SSAREG033.pa.pref') ON CONFLICT(Hostname) DO UPDATE SET Hostname = EXCLUDED.Hostname ;
INSERT INTO CPU(Hostname, Name, Caption, NOC, NOLP)VALUES('PM-SSAREG033.pa.pref', 'AMD Ryzen 3 PRO 4350GE with Radeon Graphics', 'AMD64 Family 23 Model 96 Stepping 1', '4', '8') ON CONFLICT(Hostname) DO UPDATE SET Hostname = EXCLUDED.Hostname, Name = EXCLUDED.Name, Caption = EXCLUDED.Caption, NOC = EXCLUDED.NOC, NOLP = EXCLUDED.NOLP ;
INSERT INTO Hosts(Hostname) VALUES ('PM-SSAREG033.pa.pref') ON CONFLICT(Hostname) DO UPDATE SET Hostname = EXCLUDED.Hostname ;
INSERT INTO OS(Hostname, Caption, BuildNumber, Architecture, Description) VALUES('PM-SSAREG033.pa.pref', 'Microsoft Windows 10 Pro', '19045', '64 bits', 'P-169120 A-762005741') ON CONFLICT(Hostname) DO UPDATE SET Hostname = EXCLUDED.Hostname, Caption = EXCLUDED.Caption, BuildNumber = EXCLUDED.BuildNumber, Architecture = EXCLUDED.Architecture, Description = EXCLUDED.Description ;
INSERT INTO Hosts(Hostname) VALUES ('PM-SSAREG033.pa.pref') ON CONFLICT(Hostname) DO UPDATE SET Hostname = EXCLUDED.Hostname ;
INSERT INTO Networking(Hostname, IP, Gateway, Description, Index, DHCP) VALUES ('PM-SSAREG033.pa.pref', '192.168.11.154', '192.168.11.1', 'Realtek PCIe GbE Family Controller', '3', 'True') ON CONFLICT(Hostname) DO UPDATE SET Hostname = EXCLUDED.Hostname, IP = EXCLUDED.IP, Gateway = EXCLUDED.Gateway, Description = EXCLUDED.Description, Index = EXCLUDED.Index, DHCP = EXCLUDED.DHCP ;
INSERT INTO Hosts(Hostname) VALUES ('PM-SSAHPMINI094.pa.pref') ON CONFLICT(Hostname) DO UPDATE SET Hostname = EXCLUDED.Hostname ;
INSERT INTO CPU(Hostname, Name, Caption, NOC, NOLP)VALUES('PM-SSAHPMINI094.pa.pref', 'AMD Ryzen 3 PRO 4350GE with Radeon Graphics', 'AMD64 Family 23 Model 96 Stepping 1', '4', '8') ON CONFLICT(Hostname) DO UPDATE SET Hostname = EXCLUDED.Hostname, Name = EXCLUDED.Name, Caption = EXCLUDED.Caption, NOC = EXCLUDED.NOC, NOLP = EXCLUDED.NOLP ;
INSERT INTO Hosts(Hostname) VALUES ('PM-SSAHPMINI094.pa.pref') ON CONFLICT(Hostname) DO UPDATE SET Hostname = EXCLUDED.Hostname ;
INSERT INTO OS(Hostname, Caption, BuildNumber, Architecture, Description) VALUES('PM-SSAHPMINI094.pa.pref', 'Microsoft Windows 10 Pro', '19045', '64 bits', 'P-169046 A-674137260') ON CONFLICT(Hostname) DO UPDATE SET Hostname = EXCLUDED.Hostname, Caption = EXCLUDED.Caption, BuildNumber = EXCLUDED.BuildNumber, Architecture = EXCLUDED.Architecture, Description = EXCLUDED.Description ;
INSERT INTO Hosts(Hostname) VALUES ('PM-SSAHPMINI094.pa.pref') ON CONFLICT(Hostname) DO UPDATE SET Hostname = EXCLUDED.Hostname ;
INSERT INTO Networking(Hostname, IP, Gateway, Description, Index, DHCP) VALUES ('PM-SSAHPMINI094.pa.pref', '192.168.168.43', '192.168.168.1', 'Realtek PCIe GbE Family Controller', '1', 'True') ON CONFLICT(Hostname) DO UPDATE SET Hostname = EXCLUDED.Hostname, IP = EXCLUDED.IP, Gateway = EXCLUDED.Gateway, Description = EXCLUDED.Description, Index = EXCLUDED.Index, DHCP = EXCLUDED.DHCP ;
INSERT INTO Hosts(Hostname) VALUES ('PM-SAFATE019.pa.pref') ON CONFLICT(Hostname) DO UPDATE SET Hostname = EXCLUDED.Hostname ;
INSERT INTO CPU(Hostname, Name, Caption, NOC, NOLP)VALUES('PM-SAFATE019.pa.pref', 'Intel(R) Core(TM) i3-7100 CPU @ 3.90GHz', 'Intel64 Family 6 Model 158 Stepping 9', '2', '4') ON CONFLICT(Hostname) DO UPDATE SET Hostname = EXCLUDED.Hostname, Name = EXCLUDED.Name, Caption = EXCLUDED.Caption, NOC = EXCLUDED.NOC, NOLP = EXCLUDED.NOLP ;
INSERT INTO Hosts(Hostname) VALUES ('PM-SAFATE019.pa.pref') ON CONFLICT(Hostname) DO UPDATE SET Hostname = EXCLUDED.Hostname ;
INSERT INTO OS(Hostname, Caption, BuildNumber, Architecture, Description) VALUES('PM-SAFATE019.pa.pref', 'Microsoft Windows 10 Pro', '19045', '64 bits', '132143') ON CONFLICT(Hostname) DO UPDATE SET Hostname = EXCLUDED.Hostname, Caption = EXCLUDED.Caption, BuildNumber = EXCLUDED.BuildNumber, Architecture = EXCLUDED.Architecture, Description = EXCLUDED.Description ;
INSERT INTO Hosts(Hostname) VALUES ('PM-SAFATE019.pa.pref') ON CONFLICT(Hostname) DO UPDATE SET Hostname = EXCLUDED.Hostname ;
INSERT INTO Networking(Hostname, IP, Gateway, Description, Index, DHCP) VALUES ('PM-SAFATE019.pa.pref', '192.168.253.129', '192.168.253.1', 'Realtek PCIe GBE Family Controller', '1', 'True') ON CONFLICT(Hostname) DO UPDATE SET Hostname = EXCLUDED.Hostname, IP = EXCLUDED.IP, Gateway = EXCLUDED.Gateway, Description = EXCLUDED.Description, Index = EXCLUDED.Index, DHCP = EXCLUDED.DHCP ;
INSERT INTO Hosts(Hostname) VALUES ('PM-174769.pa.pref') ON CONFLICT(Hostname) DO UPDATE SET Hostname = EXCLUDED.Hostname ;
INSERT INTO CPU(Hostname, Name, Caption, NOC, NOLP)VALUES('PM-174769.pa.pref', 'Intel(R) Core(TM) i3-10100 CPU @ 3.60GHz', 'Intel64 Family 6 Model 165 Stepping 3', '4', '8') ON CONFLICT(Hostname) DO UPDATE SET Hostname = EXCLUDED.Hostname, Name = EXCLUDED.Name, Caption = EXCLUDED.Caption, NOC = EXCLUDED.NOC, NOLP = EXCLUDED.NOLP ;
INSERT INTO Hosts(Hostname) VALUES ('PM-174769.pa.pref') ON CONFLICT(Hostname) DO UPDATE SET Hostname = EXCLUDED.Hostname ;
INSERT INTO OS(Hostname, Caption, BuildNumber, Architecture, Description) VALUES('PM-174769.pa.pref', 'Microsoft Windows 10 Pro', '19044', '64 bits', 'P-174769 A-496819348') ON CONFLICT(Hostname) DO UPDATE SET Hostname = EXCLUDED.Hostname, Caption = EXCLUDED.Caption, BuildNumber = EXCLUDED.BuildNumber, Architecture = EXCLUDED.Architecture, Description = EXCLUDED.Description ;
INSERT INTO Hosts(Hostname) VALUES ('PM-174769.pa.pref') ON CONFLICT(Hostname) DO UPDATE SET Hostname = EXCLUDED.Hostname ;
INSERT INTO Networking(Hostname, IP, Gateway, Description, Index, DHCP) VALUES ('PM-174769.pa.pref', '192.168.121.133', '192.168.121.1', 'Realtek PCIe GbE Family Controller', '1', 'True') ON CONFLICT(Hostname) DO UPDATE SET Hostname = EXCLUDED.Hostname, IP = EXCLUDED.IP, Gateway = EXCLUDED.Gateway, Description = EXCLUDED.Description, Index = EXCLUDED.Index, DHCP = EXCLUDED.DHCP ;
INSERT INTO Hosts(Hostname) VALUES ('PM-SSAUS07014.pa.pref') ON CONFLICT(Hostname) DO UPDATE SET Hostname = EXCLUDED.Hostname ;
INSERT INTO CPU(Hostname, Name, Caption, NOC, NOLP)VALUES('PM-SSAUS07014.pa.pref', 'Intel(R) Core(TM) i3-10100 CPU @ 3.60GHz', 'Intel64 Family 6 Model 165 Stepping 3', '4', '8') ON CONFLICT(Hostname) DO UPDATE SET Hostname = EXCLUDED.Hostname, Name = EXCLUDED.Name, Caption = EXCLUDED.Caption, NOC = EXCLUDED.NOC, NOLP = EXCLUDED.NOLP ;
INSERT INTO Hosts(Hostname) VALUES ('PM-SSAUS07014.pa.pref') ON CONFLICT(Hostname) DO UPDATE SET Hostname = EXCLUDED.Hostname ;
INSERT INTO OS(Hostname, Caption, BuildNumber, Architecture, Description) VALUES('PM-SSAUS07014.pa.pref', 'Microsoft Windows 10 Pro', '19045', '64 bits', 'P-174421 A-743603820') ON CONFLICT(Hostname) DO UPDATE SET Hostname = EXCLUDED.Hostname, Caption = EXCLUDED.Caption, BuildNumber = EXCLUDED.BuildNumber, Architecture = EXCLUDED.Architecture, Description = EXCLUDED.Description ;
INSERT INTO Hosts(Hostname) VALUES ('PM-SSAUS07014.pa.pref') ON CONFLICT(Hostname) DO UPDATE SET Hostname = EXCLUDED.Hostname ;
INSERT INTO Networking(Hostname, IP, Gateway, Description, Index, DHCP) VALUES ('PM-SSAUS07014.pa.pref', '192.168.196.36', '192.168.196.1', 'Realtek PCIe GbE Family Controller', '1', 'True') ON CONFLICT(Hostname) DO UPDATE SET Hostname = EXCLUDED.Hostname, IP = EXCLUDED.IP, Gateway = EXCLUDED.Gateway, Description = EXCLUDED.Description, Index = EXCLUDED.Index, DHCP = EXCLUDED.DHCP ;
INSERT INTO Hosts(Hostname) VALUES ('PM-SUCBBT008.pa.pref') ON CONFLICT(Hostname) DO UPDATE SET Hostname = EXCLUDED.Hostname ;
INSERT INTO CPU(Hostname, Name, Caption, NOC, NOLP)VALUES('PM-SUCBBT008.pa.pref', 'Intel(R) Core(TM) i3-3220 CPU @ 3.30GHz', 'Intel64 Family 6 Model 58 Stepping 9', '2', '4') ON CONFLICT(Hostname) DO UPDATE SET Hostname = EXCLUDED.Hostname, Name = EXCLUDED.Name, Caption = EXCLUDED.Caption, NOC = EXCLUDED.NOC, NOLP = EXCLUDED.NOLP ;
INSERT INTO Hosts(Hostname) VALUES ('PM-SUCBBT008.pa.pref') ON CONFLICT(Hostname) DO UPDATE SET Hostname = EXCLUDED.Hostname ;
INSERT INTO OS(Hostname, Caption, BuildNumber, Architecture, Description) VALUES('PM-SUCBBT008.pa.pref', 'Microsoft Windows 7 Ultimate ', '7601', '64-bit', NULL) ON CONFLICT(Hostname) DO UPDATE SET Hostname = EXCLUDED.Hostname, Caption = EXCLUDED.Caption, BuildNumber = EXCLUDED.BuildNumber, Architecture = EXCLUDED.Architecture, Description = EXCLUDED.Description ;
INSERT INTO Hosts(Hostname) VALUES ('PM-SUCBBT008.pa.pref') ON CONFLICT(Hostname) DO UPDATE SET Hostname = EXCLUDED.Hostname ;
INSERT INTO Networking(Hostname, IP, Gateway, Description, Index, DHCP) VALUES ('PM-SUCBBT008.pa.pref', '192.168.30.208', '192.168.30.1', 'Realtek PCIe GbE Family Controller', '13', 'True') ON CONFLICT(Hostname) DO UPDATE SET Hostname = EXCLUDED.Hostname, IP = EXCLUDED.IP, Gateway = EXCLUDED.Gateway, Description = EXCLUDED.Description, Index = EXCLUDED.Index, DHCP = EXCLUDED.DHCP ;
INSERT INTO Hosts(Hostname) VALUES ('PM-SSAUS17013.pa.pref') ON CONFLICT(Hostname) DO UPDATE SET Hostname = EXCLUDED.Hostname ;
INSERT INTO CPU(Hostname, Name, Caption, NOC, NOLP)VALUES('PM-SSAUS17013.pa.pref', 'AMD PRO A8-8650B R7, 10 Compute Cores 4C+6G    ', 'AMD64 Family 21 Model 56 Stepping 1', '2', '4') ON CONFLICT(Hostname) DO UPDATE SET Hostname = EXCLUDED.Hostname, Name = EXCLUDED.Name, Caption = EXCLUDED.Caption, NOC = EXCLUDED.NOC, NOLP = EXCLUDED.NOLP ;
INSERT INTO Hosts(Hostname) VALUES ('PM-SSAUS17013.pa.pref') ON CONFLICT(Hostname) DO UPDATE SET Hostname = EXCLUDED.Hostname ;
INSERT INTO OS(Hostname, Caption, BuildNumber, Architecture, Description) VALUES('PM-SSAUS17013.pa.pref', 'Microsoft Windows 10 Pro', '19045', '64 bits', 'Patrimonio 133359') ON CONFLICT(Hostname) DO UPDATE SET Hostname = EXCLUDED.Hostname, Caption = EXCLUDED.Caption, BuildNumber = EXCLUDED.BuildNumber, Architecture = EXCLUDED.Architecture, Description = EXCLUDED.Description ;
INSERT INTO Hosts(Hostname) VALUES ('PM-SSAUS17013.pa.pref') ON CONFLICT(Hostname) DO UPDATE SET Hostname = EXCLUDED.Hostname ;
INSERT INTO Networking(Hostname, IP, Gateway, Description, Index, DHCP) VALUES ('PM-SSAUS17013.pa.pref', '192.168.21.67', '192.168.21.1', 'Realtek PCIe GBE Family Controller', '1', 'True') ON CONFLICT(Hostname) DO UPDATE SET Hostname = EXCLUDED.Hostname, IP = EXCLUDED.IP, Gateway = EXCLUDED.Gateway, Description = EXCLUDED.Description, Index = EXCLUDED.Index, DHCP = EXCLUDED.DHCP ;
INSERT INTO Hosts(Hostname) VALUES ('PM-SPSCRE013.pa.pref') ON CONFLICT(Hostname) DO UPDATE SET Hostname = EXCLUDED.Hostname ;
INSERT INTO CPU(Hostname, Name, Caption, NOC, NOLP)VALUES('PM-SPSCRE013.pa.pref', 'Intel(R) Core(TM) i3-9100 CPU @ 3.60GHz', 'Intel64 Family 6 Model 158 Stepping 11', '4', '4') ON CONFLICT(Hostname) DO UPDATE SET Hostname = EXCLUDED.Hostname, Name = EXCLUDED.Name, Caption = EXCLUDED.Caption, NOC = EXCLUDED.NOC, NOLP = EXCLUDED.NOLP ;
INSERT INTO Hosts(Hostname) VALUES ('PM-SPSCRE013.pa.pref') ON CONFLICT(Hostname) DO UPDATE SET Hostname = EXCLUDED.Hostname ;
INSERT INTO OS(Hostname, Caption, BuildNumber, Architecture, Description) VALUES('PM-SPSCRE013.pa.pref', 'Microsoft Windows 10 Pro', '19045', '64 bits', 'Patrimônio 150463') ON CONFLICT(Hostname) DO UPDATE SET Hostname = EXCLUDED.Hostname, Caption = EXCLUDED.Caption, BuildNumber = EXCLUDED.BuildNumber, Architecture = EXCLUDED.Architecture, Description = EXCLUDED.Description ;
INSERT INTO Hosts(Hostname) VALUES ('PM-SPSCRE013.pa.pref') ON CONFLICT(Hostname) DO UPDATE SET Hostname = EXCLUDED.Hostname ;
INSERT INTO Networking(Hostname, IP, Gateway, Description, Index, DHCP) VALUES ('PM-SPSCRE013.pa.pref', '192.168.24.238', '192.168.24.1', 'Intel(R) Ethernet Connection (7) I219-V', '1', 'True') ON CONFLICT(Hostname) DO UPDATE SET Hostname = EXCLUDED.Hostname, IP = EXCLUDED.IP, Gateway = EXCLUDED.Gateway, Description = EXCLUDED.Description, Index = EXCLUDED.Index, DHCP = EXCLUDED.DHCP ;
INSERT INTO Hosts(Hostname) VALUES ('PM-SSAUS02019.pa.pref') ON CONFLICT(Hostname) DO UPDATE SET Hostname = EXCLUDED.Hostname ;
INSERT INTO CPU(Hostname, Name, Caption, NOC, NOLP)VALUES('PM-SSAUS02019.pa.pref', 'Intel(R) Core(TM) i3-10100 CPU @ 3.60GHz', 'Intel64 Family 6 Model 165 Stepping 3', '4', '8') ON CONFLICT(Hostname) DO UPDATE SET Hostname = EXCLUDED.Hostname, Name = EXCLUDED.Name, Caption = EXCLUDED.Caption, NOC = EXCLUDED.NOC, NOLP = EXCLUDED.NOLP ;
INSERT INTO Hosts(Hostname) VALUES ('PM-SSAUS02019.pa.pref') ON CONFLICT(Hostname) DO UPDATE SET Hostname = EXCLUDED.Hostname ;
INSERT INTO OS(Hostname, Caption, BuildNumber, Architecture, Description) VALUES('PM-SSAUS02019.pa.pref', 'Microsoft Windows 10 Pro', '19045', '64 bits', 'P-174604 A-408904515') ON CONFLICT(Hostname) DO UPDATE SET Hostname = EXCLUDED.Hostname, Caption = EXCLUDED.Caption, BuildNumber = EXCLUDED.BuildNumber, Architecture = EXCLUDED.Architecture, Description = EXCLUDED.Description ;
INSERT INTO Hosts(Hostname) VALUES ('PM-SSAUS02019.pa.pref') ON CONFLICT(Hostname) DO UPDATE SET Hostname = EXCLUDED.Hostname ;
INSERT INTO Networking(Hostname, IP, Gateway, Description, Index, DHCP) VALUES ('PM-SSAUS02019.pa.pref', '192.168.118.79', '192.168.118.1', 'Realtek RTL8188FTV Wireless LAN 802.11n USB 2.0 Network Adapter #2', '13', 'True') ON CONFLICT(Hostname) DO UPDATE SET Hostname = EXCLUDED.Hostname, IP = EXCLUDED.IP, Gateway = EXCLUDED.Gateway, Description = EXCLUDED.Description, Index = EXCLUDED.Index, DHCP = EXCLUDED.DHCP ;
INSERT INTO Hosts(Hostname) VALUES ('PM-SSAUS04013.pa.pref') ON CONFLICT(Hostname) DO UPDATE SET Hostname = EXCLUDED.Hostname ;
INSERT INTO CPU(Hostname, Name, Caption, NOC, NOLP)VALUES('PM-SSAUS04013.pa.pref', 'AMD A10-9700 RADEON R7, 10 COMPUTE CORES 4C+6G ', 'AMD64 Family 21 Model 101 Stepping 1', '4', '4') ON CONFLICT(Hostname) DO UPDATE SET Hostname = EXCLUDED.Hostname, Name = EXCLUDED.Name, Caption = EXCLUDED.Caption, NOC = EXCLUDED.NOC, NOLP = EXCLUDED.NOLP ;
INSERT INTO Hosts(Hostname) VALUES ('PM-SSAUS04013.pa.pref') ON CONFLICT(Hostname) DO UPDATE SET Hostname = EXCLUDED.Hostname ;
INSERT INTO OS(Hostname, Caption, BuildNumber, Architecture, Description) VALUES('PM-SSAUS04013.pa.pref', 'Microsoft Windows 10 Pro', '19042', '64 bits', 'Patrimonio 142657') ON CONFLICT(Hostname) DO UPDATE SET Hostname = EXCLUDED.Hostname, Caption = EXCLUDED.Caption, BuildNumber = EXCLUDED.BuildNumber, Architecture = EXCLUDED.Architecture, Description = EXCLUDED.Description ;
INSERT INTO Hosts(Hostname) VALUES ('PM-SSAUS04013.pa.pref') ON CONFLICT(Hostname) DO UPDATE SET Hostname = EXCLUDED.Hostname ;
INSERT INTO Networking(Hostname, IP, Gateway, Description, Index, DHCP) VALUES ('PM-SSAUS04013.pa.pref', '192.168.137.82', '192.168.137.1', 'Realtek PCIe GBE Family Controller', '2', 'True') ON CONFLICT(Hostname) DO UPDATE SET Hostname = EXCLUDED.Hostname, IP = EXCLUDED.IP, Gateway = EXCLUDED.Gateway, Description = EXCLUDED.Description, Index = EXCLUDED.Index, DHCP = EXCLUDED.DHCP ;
INSERT INTO Hosts(Hostname) VALUES ('PM-SSAUS18011.pa.pref') ON CONFLICT(Hostname) DO UPDATE SET Hostname = EXCLUDED.Hostname ;
INSERT INTO CPU(Hostname, Name, Caption, NOC, NOLP)VALUES('PM-SSAUS18011.pa.pref', 'Intel(R) Core(TM) i3-7100 CPU @ 3.90GHz', 'Intel64 Family 6 Model 158 Stepping 9', '2', '4') ON CONFLICT(Hostname) DO UPDATE SET Hostname = EXCLUDED.Hostname, Name = EXCLUDED.Name, Caption = EXCLUDED.Caption, NOC = EXCLUDED.NOC, NOLP = EXCLUDED.NOLP ;
INSERT INTO Hosts(Hostname) VALUES ('PM-SSAUS18011.pa.pref') ON CONFLICT(Hostname) DO UPDATE SET Hostname = EXCLUDED.Hostname ;
INSERT INTO OS(Hostname, Caption, BuildNumber, Architecture, Description) VALUES('PM-SSAUS18011.pa.pref', 'Microsoft Windows 10 Pro', '19045', '64 bits', 'patrimonio 128170') ON CONFLICT(Hostname) DO UPDATE SET Hostname = EXCLUDED.Hostname, Caption = EXCLUDED.Caption, BuildNumber = EXCLUDED.BuildNumber, Architecture = EXCLUDED.Architecture, Description = EXCLUDED.Description ;
INSERT INTO Hosts(Hostname) VALUES ('PM-SSAUS18011.pa.pref') ON CONFLICT(Hostname) DO UPDATE SET Hostname = EXCLUDED.Hostname ;
INSERT INTO Networking(Hostname, IP, Gateway, Description, Index, DHCP) VALUES ('PM-SSAUS18011.pa.pref', '192.168.41.120', '192.168.41.1', 'Realtek PCIe GBE Family Controller', '1', 'True') ON CONFLICT(Hostname) DO UPDATE SET Hostname = EXCLUDED.Hostname, IP = EXCLUDED.IP, Gateway = EXCLUDED.Gateway, Description = EXCLUDED.Description, Index = EXCLUDED.Index, DHCP = EXCLUDED.DHCP ;
INSERT INTO Hosts(Hostname) VALUES ('PM-SSAUS09004.pa.pref') ON CONFLICT(Hostname) DO UPDATE SET Hostname = EXCLUDED.Hostname ;
INSERT INTO CPU(Hostname, Name, Caption, NOC, NOLP)VALUES('PM-SSAUS09004.pa.pref', 'Intel(R) Core(TM) i3-7100 CPU @ 3.90GHz', 'Intel64 Family 6 Model 158 Stepping 9', '2', '4') ON CONFLICT(Hostname) DO UPDATE SET Hostname = EXCLUDED.Hostname, Name = EXCLUDED.Name, Caption = EXCLUDED.Caption, NOC = EXCLUDED.NOC, NOLP = EXCLUDED.NOLP ;
INSERT INTO Hosts(Hostname) VALUES ('PM-SSAUS09004.pa.pref') ON CONFLICT(Hostname) DO UPDATE SET Hostname = EXCLUDED.Hostname ;
INSERT INTO OS(Hostname, Caption, BuildNumber, Architecture, Description) VALUES('PM-SSAUS09004.pa.pref', 'Microsoft Windows 10 Pro', '19045', '64 bits', 'Patrimonio 128189') ON CONFLICT(Hostname) DO UPDATE SET Hostname = EXCLUDED.Hostname, Caption = EXCLUDED.Caption, BuildNumber = EXCLUDED.BuildNumber, Architecture = EXCLUDED.Architecture, Description = EXCLUDED.Description ;
INSERT INTO Hosts(Hostname) VALUES ('PM-SSAUS09004.pa.pref') ON CONFLICT(Hostname) DO UPDATE SET Hostname = EXCLUDED.Hostname ;
INSERT INTO Networking(Hostname, IP, Gateway, Description, Index, DHCP) VALUES ('PM-SSAUS09004.pa.pref', '192.168.213.161', '192.168.213.1', 'Realtek PCIe GBE Family Controller', '1', 'True') ON CONFLICT(Hostname) DO UPDATE SET Hostname = EXCLUDED.Hostname, IP = EXCLUDED.IP, Gateway = EXCLUDED.Gateway, Description = EXCLUDED.Description, Index = EXCLUDED.Index, DHCP = EXCLUDED.DHCP ;
INSERT INTO Hosts(Hostname) VALUES ('PM-SSAUS07016.pa.pref') ON CONFLICT(Hostname) DO UPDATE SET Hostname = EXCLUDED.Hostname ;
INSERT INTO CPU(Hostname, Name, Caption, NOC, NOLP)VALUES('PM-SSAUS07016.pa.pref', 'AMD Ryzen 3 PRO 4350GE with Radeon Graphics', 'AMD64 Family 23 Model 96 Stepping 1', '4', '8') ON CONFLICT(Hostname) DO UPDATE SET Hostname = EXCLUDED.Hostname, Name = EXCLUDED.Name, Caption = EXCLUDED.Caption, NOC = EXCLUDED.NOC, NOLP = EXCLUDED.NOLP ;
INSERT INTO Hosts(Hostname) VALUES ('PM-SSAUS07016.pa.pref') ON CONFLICT(Hostname) DO UPDATE SET Hostname = EXCLUDED.Hostname ;
INSERT INTO OS(Hostname, Caption, BuildNumber, Architecture, Description) VALUES('PM-SSAUS07016.pa.pref', 'Microsoft Windows 10 Pro', '19044', '64 bits', 'P-169069 A-735940704') ON CONFLICT(Hostname) DO UPDATE SET Hostname = EXCLUDED.Hostname, Caption = EXCLUDED.Caption, BuildNumber = EXCLUDED.BuildNumber, Architecture = EXCLUDED.Architecture, Description = EXCLUDED.Description ;
INSERT INTO Hosts(Hostname) VALUES ('PM-SSAUS07016.pa.pref') ON CONFLICT(Hostname) DO UPDATE SET Hostname = EXCLUDED.Hostname ;
INSERT INTO Networking(Hostname, IP, Gateway, Description, Index, DHCP) VALUES ('PM-SSAUS07016.pa.pref', '192.168.196.63', '192.168.196.1', 'Realtek RTL8852AE WiFi 6 802.11ax PCIe Adapter', '2', 'True') ON CONFLICT(Hostname) DO UPDATE SET Hostname = EXCLUDED.Hostname, IP = EXCLUDED.IP, Gateway = EXCLUDED.Gateway, Description = EXCLUDED.Description, Index = EXCLUDED.Index, DHCP = EXCLUDED.DHCP ;
INSERT INTO Hosts(Hostname) VALUES ('PM-PROADM001.pa.pref') ON CONFLICT(Hostname) DO UPDATE SET Hostname = EXCLUDED.Hostname ;
INSERT INTO CPU(Hostname, Name, Caption, NOC, NOLP)VALUES('PM-PROADM001.pa.pref', 'Intel(R) Core(TM) i3-9100 CPU @ 3.60GHz', 'Intel64 Family 6 Model 158 Stepping 11', '4', '4') ON CONFLICT(Hostname) DO UPDATE SET Hostname = EXCLUDED.Hostname, Name = EXCLUDED.Name, Caption = EXCLUDED.Caption, NOC = EXCLUDED.NOC, NOLP = EXCLUDED.NOLP ;
INSERT INTO Hosts(Hostname) VALUES ('PM-PROADM001.pa.pref') ON CONFLICT(Hostname) DO UPDATE SET Hostname = EXCLUDED.Hostname ;
INSERT INTO OS(Hostname, Caption, BuildNumber, Architecture, Description) VALUES('PM-PROADM001.pa.pref', 'Microsoft Windows 10 Pro', '19045', '64 bits', 'Patrimônio 148096') ON CONFLICT(Hostname) DO UPDATE SET Hostname = EXCLUDED.Hostname, Caption = EXCLUDED.Caption, BuildNumber = EXCLUDED.BuildNumber, Architecture = EXCLUDED.Architecture, Description = EXCLUDED.Description ;
INSERT INTO Hosts(Hostname) VALUES ('PM-PROADM001.pa.pref') ON CONFLICT(Hostname) DO UPDATE SET Hostname = EXCLUDED.Hostname ;
INSERT INTO Networking(Hostname, IP, Gateway, Description, Index, DHCP) VALUES ('PM-PROADM001.pa.pref', '192.168.12.122', '192.168.12.1', 'Intel(R) Ethernet Connection (7) I219-V', '1', 'True') ON CONFLICT(Hostname) DO UPDATE SET Hostname = EXCLUDED.Hostname, IP = EXCLUDED.IP, Gateway = EXCLUDED.Gateway, Description = EXCLUDED.Description, Index = EXCLUDED.Index, DHCP = EXCLUDED.DHCP ;
INSERT INTO Hosts(Hostname) VALUES ('PM-SSAUS15028.pa.pref') ON CONFLICT(Hostname) DO UPDATE SET Hostname = EXCLUDED.Hostname ;
INSERT INTO CPU(Hostname, Name, Caption, NOC, NOLP)VALUES('PM-SSAUS15028.pa.pref', 'Intel(R) Core(TM) i3-10100 CPU @ 3.60GHz', 'Intel64 Family 6 Model 165 Stepping 3', '4', '8') ON CONFLICT(Hostname) DO UPDATE SET Hostname = EXCLUDED.Hostname, Name = EXCLUDED.Name, Caption = EXCLUDED.Caption, NOC = EXCLUDED.NOC, NOLP = EXCLUDED.NOLP ;
INSERT INTO Hosts(Hostname) VALUES ('PM-SSAUS15028.pa.pref') ON CONFLICT(Hostname) DO UPDATE SET Hostname = EXCLUDED.Hostname ;
INSERT INTO OS(Hostname, Caption, BuildNumber, Architecture, Description) VALUES('PM-SSAUS15028.pa.pref', 'Microsoft Windows 10 Pro', '19045', '64 bits', 'P-174576 A-217494726') ON CONFLICT(Hostname) DO UPDATE SET Hostname = EXCLUDED.Hostname, Caption = EXCLUDED.Caption, BuildNumber = EXCLUDED.BuildNumber, Architecture = EXCLUDED.Architecture, Description = EXCLUDED.Description ;
INSERT INTO Hosts(Hostname) VALUES ('PM-SSAUS15028.pa.pref') ON CONFLICT(Hostname) DO UPDATE SET Hostname = EXCLUDED.Hostname ;
INSERT INTO Networking(Hostname, IP, Gateway, Description, Index, DHCP) VALUES ('PM-SSAUS15028.pa.pref', '192.168.186.37', '192.168.186.1', 'Realtek PCIe GbE Family Controller', '1', 'True') ON CONFLICT(Hostname) DO UPDATE SET Hostname = EXCLUDED.Hostname, IP = EXCLUDED.IP, Gateway = EXCLUDED.Gateway, Description = EXCLUDED.Description, Index = EXCLUDED.Index, DHCP = EXCLUDED.DHCP ;
INSERT INTO Hosts(Hostname) VALUES ('PM-183506.pa.pref') ON CONFLICT(Hostname) DO UPDATE SET Hostname = EXCLUDED.Hostname ;
INSERT INTO CPU(Hostname, Name, Caption, NOC, NOLP)VALUES('PM-183506.pa.pref', 'Intel(R) Core(TM) i3-10100 CPU @ 3.60GHz', 'Intel64 Family 6 Model 165 Stepping 3', '4', '8') ON CONFLICT(Hostname) DO UPDATE SET Hostname = EXCLUDED.Hostname, Name = EXCLUDED.Name, Caption = EXCLUDED.Caption, NOC = EXCLUDED.NOC, NOLP = EXCLUDED.NOLP ;
INSERT INTO Hosts(Hostname) VALUES ('PM-183506.pa.pref') ON CONFLICT(Hostname) DO UPDATE SET Hostname = EXCLUDED.Hostname ;
INSERT INTO OS(Hostname, Caption, BuildNumber, Architecture, Description) VALUES('PM-183506.pa.pref', 'Microsoft Windows 10 Pro', '19045', '64 bits', 'P-174766 A-105535366') ON CONFLICT(Hostname) DO UPDATE SET Hostname = EXCLUDED.Hostname, Caption = EXCLUDED.Caption, BuildNumber = EXCLUDED.BuildNumber, Architecture = EXCLUDED.Architecture, Description = EXCLUDED.Description ;
INSERT INTO Hosts(Hostname) VALUES ('PM-183506.pa.pref') ON CONFLICT(Hostname) DO UPDATE SET Hostname = EXCLUDED.Hostname ;
INSERT INTO Networking(Hostname, IP, Gateway, Description, Index, DHCP) VALUES ('PM-183506.pa.pref', '192.168.8.133', '192.168.8.1', 'Realtek PCIe GbE Family Controller', '1', 'True') ON CONFLICT(Hostname) DO UPDATE SET Hostname = EXCLUDED.Hostname, IP = EXCLUDED.IP, Gateway = EXCLUDED.Gateway, Description = EXCLUDED.Description, Index = EXCLUDED.Index, DHCP = EXCLUDED.DHCP ;
INSERT INTO Hosts(Hostname) VALUES ('PM-SSAHPMINI059.pa.pref') ON CONFLICT(Hostname) DO UPDATE SET Hostname = EXCLUDED.Hostname ;
INSERT INTO CPU(Hostname, Name, Caption, NOC, NOLP)VALUES('PM-SSAHPMINI059.pa.pref', 'AMD Ryzen 3 PRO 4350GE with Radeon Graphics', 'AMD64 Family 23 Model 96 Stepping 1', '4', '8') ON CONFLICT(Hostname) DO UPDATE SET Hostname = EXCLUDED.Hostname, Name = EXCLUDED.Name, Caption = EXCLUDED.Caption, NOC = EXCLUDED.NOC, NOLP = EXCLUDED.NOLP ;
INSERT INTO Hosts(Hostname) VALUES ('PM-SSAHPMINI059.pa.pref') ON CONFLICT(Hostname) DO UPDATE SET Hostname = EXCLUDED.Hostname ;
INSERT INTO OS(Hostname, Caption, BuildNumber, Architecture, Description) VALUES('PM-SSAHPMINI059.pa.pref', 'Microsoft Windows 10 Pro', '19045', '64 bits', 'P-169066 A-643258811') ON CONFLICT(Hostname) DO UPDATE SET Hostname = EXCLUDED.Hostname, Caption = EXCLUDED.Caption, BuildNumber = EXCLUDED.BuildNumber, Architecture = EXCLUDED.Architecture, Description = EXCLUDED.Description ;
INSERT INTO Hosts(Hostname) VALUES ('PM-SSAHPMINI059.pa.pref') ON CONFLICT(Hostname) DO UPDATE SET Hostname = EXCLUDED.Hostname ;
INSERT INTO Networking(Hostname, IP, Gateway, Description, Index, DHCP) VALUES ('PM-SSAHPMINI059.pa.pref', '192.168.11.147', '192.168.11.1', 'Realtek RTL8852AE WiFi 6 802.11ax PCIe Adapter', '1', 'True') ON CONFLICT(Hostname) DO UPDATE SET Hostname = EXCLUDED.Hostname, IP = EXCLUDED.IP, Gateway = EXCLUDED.Gateway, Description = EXCLUDED.Description, Index = EXCLUDED.Index, DHCP = EXCLUDED.DHCP ;
INSERT INTO Hosts(Hostname) VALUES ('PM-SSAUS11007.pa.pref') ON CONFLICT(Hostname) DO UPDATE SET Hostname = EXCLUDED.Hostname ;
INSERT INTO CPU(Hostname, Name, Caption, NOC, NOLP)VALUES('PM-SSAUS11007.pa.pref', 'Intel(R) Core(TM) i5-3470 CPU @ 3.20GHz', 'Intel64 Family 6 Model 58 Stepping 9', '4', '4') ON CONFLICT(Hostname) DO UPDATE SET Hostname = EXCLUDED.Hostname, Name = EXCLUDED.Name, Caption = EXCLUDED.Caption, NOC = EXCLUDED.NOC, NOLP = EXCLUDED.NOLP ;
INSERT INTO Hosts(Hostname) VALUES ('PM-SSAUS11007.pa.pref') ON CONFLICT(Hostname) DO UPDATE SET Hostname = EXCLUDED.Hostname ;
INSERT INTO OS(Hostname, Caption, BuildNumber, Architecture, Description) VALUES('PM-SSAUS11007.pa.pref', 'Microsoft Windows 7 Professional ', '7601', '64-bit', 'Patrimonio 99965') ON CONFLICT(Hostname) DO UPDATE SET Hostname = EXCLUDED.Hostname, Caption = EXCLUDED.Caption, BuildNumber = EXCLUDED.BuildNumber, Architecture = EXCLUDED.Architecture, Description = EXCLUDED.Description ;
INSERT INTO Hosts(Hostname) VALUES ('PM-SSAUS11007.pa.pref') ON CONFLICT(Hostname) DO UPDATE SET Hostname = EXCLUDED.Hostname ;
INSERT INTO Networking(Hostname, IP, Gateway, Description, Index, DHCP) VALUES ('PM-SSAUS11007.pa.pref', '192.168.147.54', '192.168.147.1', 'Intel(R) 82579LM Gigabit Network Connection', '7', 'True') ON CONFLICT(Hostname) DO UPDATE SET Hostname = EXCLUDED.Hostname, IP = EXCLUDED.IP, Gateway = EXCLUDED.Gateway, Description = EXCLUDED.Description, Index = EXCLUDED.Index, DHCP = EXCLUDED.DHCP ;
INSERT INTO Hosts(Hostname) VALUES ('PM-SECED25002.pa.pref') ON CONFLICT(Hostname) DO UPDATE SET Hostname = EXCLUDED.Hostname ;
INSERT INTO CPU(Hostname, Name, Caption, NOC, NOLP)VALUES('PM-SECED25002.pa.pref', 'Intel(R) Pentium(R) CPU G2020 @ 2.90GHz', 'Intel64 Family 6 Model 58 Stepping 9', '2', '2') ON CONFLICT(Hostname) DO UPDATE SET Hostname = EXCLUDED.Hostname, Name = EXCLUDED.Name, Caption = EXCLUDED.Caption, NOC = EXCLUDED.NOC, NOLP = EXCLUDED.NOLP ;
INSERT INTO Hosts(Hostname) VALUES ('PM-SECED25002.pa.pref') ON CONFLICT(Hostname) DO UPDATE SET Hostname = EXCLUDED.Hostname ;
INSERT INTO OS(Hostname, Caption, BuildNumber, Architecture, Description) VALUES('PM-SECED25002.pa.pref', 'Microsoft Windows 7 Professional ', '7601', '64-bit', 'Patrimonio S/N') ON CONFLICT(Hostname) DO UPDATE SET Hostname = EXCLUDED.Hostname, Caption = EXCLUDED.Caption, BuildNumber = EXCLUDED.BuildNumber, Architecture = EXCLUDED.Architecture, Description = EXCLUDED.Description ;
INSERT INTO Hosts(Hostname) VALUES ('PM-SECED25002.pa.pref') ON CONFLICT(Hostname) DO UPDATE SET Hostname = EXCLUDED.Hostname ;
INSERT INTO Networking(Hostname, IP, Gateway, Description, Index, DHCP) VALUES ('PM-SECED25002.pa.pref', '192.168.179.82', '192.168.179.1', 'Realtek PCIe GBE Family Controller', '7', 'True') ON CONFLICT(Hostname) DO UPDATE SET Hostname = EXCLUDED.Hostname, IP = EXCLUDED.IP, Gateway = EXCLUDED.Gateway, Description = EXCLUDED.Description, Index = EXCLUDED.Index, DHCP = EXCLUDED.DHCP ;
INSERT INTO Hosts(Hostname) VALUES ('PM-183790.pa.pref') ON CONFLICT(Hostname) DO UPDATE SET Hostname = EXCLUDED.Hostname ;
INSERT INTO CPU(Hostname, Name, Caption, NOC, NOLP)VALUES('PM-183790.pa.pref', 'Intel(R) Core(TM) i5-3470 CPU @ 3.20GHz', 'Intel64 Family 6 Model 58 Stepping 9', '4', '4') ON CONFLICT(Hostname) DO UPDATE SET Hostname = EXCLUDED.Hostname, Name = EXCLUDED.Name, Caption = EXCLUDED.Caption, NOC = EXCLUDED.NOC, NOLP = EXCLUDED.NOLP ;
INSERT INTO Hosts(Hostname) VALUES ('PM-183790.pa.pref') ON CONFLICT(Hostname) DO UPDATE SET Hostname = EXCLUDED.Hostname ;
INSERT INTO OS(Hostname, Caption, BuildNumber, Architecture, Description) VALUES('PM-183790.pa.pref', 'Microsoft Windows 7 Professional ', '7601', '64-bit', 'Patrimonio s/n') ON CONFLICT(Hostname) DO UPDATE SET Hostname = EXCLUDED.Hostname, Caption = EXCLUDED.Caption, BuildNumber = EXCLUDED.BuildNumber, Architecture = EXCLUDED.Architecture, Description = EXCLUDED.Description ;
INSERT INTO Hosts(Hostname) VALUES ('PM-183790.pa.pref') ON CONFLICT(Hostname) DO UPDATE SET Hostname = EXCLUDED.Hostname ;
INSERT INTO Networking(Hostname, IP, Gateway, Description, Index, DHCP) VALUES ('PM-183790.pa.pref', '192.168.8.75', '192.168.8.1', 'Intel(R) 82579LM Gigabit Network Connection', '7', 'True') ON CONFLICT(Hostname) DO UPDATE SET Hostname = EXCLUDED.Hostname, IP = EXCLUDED.IP, Gateway = EXCLUDED.Gateway, Description = EXCLUDED.Description, Index = EXCLUDED.Index, DHCP = EXCLUDED.DHCP ;
INSERT INTO Hosts(Hostname) VALUES ('PM-SECED34085.pa.pref') ON CONFLICT(Hostname) DO UPDATE SET Hostname = EXCLUDED.Hostname ;
INSERT INTO CPU(Hostname, Name, Caption, NOC, NOLP)VALUES('PM-SECED34085.pa.pref', 'Intel(R) Pentium(R) 4 CPU 3.00GHz', 'Intel64 Family 15 Model 6 Stepping 5', '1', '2') ON CONFLICT(Hostname) DO UPDATE SET Hostname = EXCLUDED.Hostname, Name = EXCLUDED.Name, Caption = EXCLUDED.Caption, NOC = EXCLUDED.NOC, NOLP = EXCLUDED.NOLP ;
INSERT INTO Hosts(Hostname) VALUES ('PM-SECED34085.pa.pref') ON CONFLICT(Hostname) DO UPDATE SET Hostname = EXCLUDED.Hostname ;
INSERT INTO OS(Hostname, Caption, BuildNumber, Architecture, Description) VALUES('PM-SECED34085.pa.pref', 'Microsoft Windows 10 Pro', '19044', '64 bits', NULL) ON CONFLICT(Hostname) DO UPDATE SET Hostname = EXCLUDED.Hostname, Caption = EXCLUDED.Caption, BuildNumber = EXCLUDED.BuildNumber, Architecture = EXCLUDED.Architecture, Description = EXCLUDED.Description ;
INSERT INTO Hosts(Hostname) VALUES ('PM-SECED34085.pa.pref') ON CONFLICT(Hostname) DO UPDATE SET Hostname = EXCLUDED.Hostname ;
INSERT INTO Networking(Hostname, IP, Gateway, Description, Index, DHCP) VALUES ('PM-SECED34085.pa.pref', '192.168.116.176', '192.168.116.1', 'Realtek PCIe FE Family Controller', '2', 'True') ON CONFLICT(Hostname) DO UPDATE SET Hostname = EXCLUDED.Hostname, IP = EXCLUDED.IP, Gateway = EXCLUDED.Gateway, Description = EXCLUDED.Description, Index = EXCLUDED.Index, DHCP = EXCLUDED.DHCP ;
INSERT INTO Hosts(Hostname) VALUES ('PM-SECED22003.pa.pref') ON CONFLICT(Hostname) DO UPDATE SET Hostname = EXCLUDED.Hostname ;
INSERT INTO CPU(Hostname, Name, Caption, NOC, NOLP)VALUES('PM-SECED22003.pa.pref', 'Intel(R) Pentium(R) Gold G5420 CPU @ 3.80GHz', 'Intel64 Family 6 Model 158 Stepping 10', '2', '4') ON CONFLICT(Hostname) DO UPDATE SET Hostname = EXCLUDED.Hostname, Name = EXCLUDED.Name, Caption = EXCLUDED.Caption, NOC = EXCLUDED.NOC, NOLP = EXCLUDED.NOLP ;
INSERT INTO Hosts(Hostname) VALUES ('PM-SECED22003.pa.pref') ON CONFLICT(Hostname) DO UPDATE SET Hostname = EXCLUDED.Hostname ;
INSERT INTO OS(Hostname, Caption, BuildNumber, Architecture, Description) VALUES('PM-SECED22003.pa.pref', 'Microsoft Windows 10 Pro', '19045', '64 bits', 'Patrimonio 168917') ON CONFLICT(Hostname) DO UPDATE SET Hostname = EXCLUDED.Hostname, Caption = EXCLUDED.Caption, BuildNumber = EXCLUDED.BuildNumber, Architecture = EXCLUDED.Architecture, Description = EXCLUDED.Description ;
INSERT INTO Hosts(Hostname) VALUES ('PM-SECED22003.pa.pref') ON CONFLICT(Hostname) DO UPDATE SET Hostname = EXCLUDED.Hostname ;
INSERT INTO Networking(Hostname, IP, Gateway, Description, Index, DHCP) VALUES ('PM-SECED22003.pa.pref', '192.168.160.254', '192.168.160.1', 'Realtek PCIe GBE Family Controller', '1', 'True') ON CONFLICT(Hostname) DO UPDATE SET Hostname = EXCLUDED.Hostname, IP = EXCLUDED.IP, Gateway = EXCLUDED.Gateway, Description = EXCLUDED.Description, Index = EXCLUDED.Index, DHCP = EXCLUDED.DHCP ;
INSERT INTO Hosts(Hostname) VALUES ('PM-SSAUS12003.pa.pref') ON CONFLICT(Hostname) DO UPDATE SET Hostname = EXCLUDED.Hostname ;
INSERT INTO CPU(Hostname, Name, Caption, NOC, NOLP)VALUES('PM-SSAUS12003.pa.pref', 'Intel(R) Core(TM) i3-7100 CPU @ 3.90GHz', 'Intel64 Family 6 Model 158 Stepping 9', '2', '4') ON CONFLICT(Hostname) DO UPDATE SET Hostname = EXCLUDED.Hostname, Name = EXCLUDED.Name, Caption = EXCLUDED.Caption, NOC = EXCLUDED.NOC, NOLP = EXCLUDED.NOLP ;
INSERT INTO Hosts(Hostname) VALUES ('PM-SSAUS12003.pa.pref') ON CONFLICT(Hostname) DO UPDATE SET Hostname = EXCLUDED.Hostname ;
INSERT INTO OS(Hostname, Caption, BuildNumber, Architecture, Description) VALUES('PM-SSAUS12003.pa.pref', 'Microsoft Windows 10 Pro', '19045', '64 bits', NULL) ON CONFLICT(Hostname) DO UPDATE SET Hostname = EXCLUDED.Hostname, Caption = EXCLUDED.Caption, BuildNumber = EXCLUDED.BuildNumber, Architecture = EXCLUDED.Architecture, Description = EXCLUDED.Description ;
INSERT INTO Hosts(Hostname) VALUES ('PM-SSAUS12003.pa.pref') ON CONFLICT(Hostname) DO UPDATE SET Hostname = EXCLUDED.Hostname ;
INSERT INTO Networking(Hostname, IP, Gateway, Description, Index, DHCP) VALUES ('PM-SSAUS12003.pa.pref', '192.168.201.19', '192.168.201.1', 'Realtek PCIe GBE Family Controller', '2', 'True') ON CONFLICT(Hostname) DO UPDATE SET Hostname = EXCLUDED.Hostname, IP = EXCLUDED.IP, Gateway = EXCLUDED.Gateway, Description = EXCLUDED.Description, Index = EXCLUDED.Index, DHCP = EXCLUDED.DHCP ;
INSERT INTO Hosts(Hostname) VALUES ('PM-SUPADM006.pa.pref') ON CONFLICT(Hostname) DO UPDATE SET Hostname = EXCLUDED.Hostname ;
INSERT INTO CPU(Hostname, Name, Caption, NOC, NOLP)VALUES('PM-SUPADM006.pa.pref', 'Intel(R) Core(TM) i3-9100 CPU @ 3.60GHz', 'Intel64 Family 6 Model 158 Stepping 11', '4', '4') ON CONFLICT(Hostname) DO UPDATE SET Hostname = EXCLUDED.Hostname, Name = EXCLUDED.Name, Caption = EXCLUDED.Caption, NOC = EXCLUDED.NOC, NOLP = EXCLUDED.NOLP ;
INSERT INTO Hosts(Hostname) VALUES ('PM-SUPADM006.pa.pref') ON CONFLICT(Hostname) DO UPDATE SET Hostname = EXCLUDED.Hostname ;
INSERT INTO OS(Hostname, Caption, BuildNumber, Architecture, Description) VALUES('PM-SUPADM006.pa.pref', 'Microsoft Windows 10 Pro', '19045', '64 bits', NULL) ON CONFLICT(Hostname) DO UPDATE SET Hostname = EXCLUDED.Hostname, Caption = EXCLUDED.Caption, BuildNumber = EXCLUDED.BuildNumber, Architecture = EXCLUDED.Architecture, Description = EXCLUDED.Description ;
INSERT INTO Hosts(Hostname) VALUES ('PM-SUPADM006.pa.pref') ON CONFLICT(Hostname) DO UPDATE SET Hostname = EXCLUDED.Hostname ;
INSERT INTO Networking(Hostname, IP, Gateway, Description, Index, DHCP) VALUES ('PM-SUPADM006.pa.pref', '192.168.10.185', '192.168.10.1', 'Intel(R) Ethernet Connection (7) I219-V', '1', 'True') ON CONFLICT(Hostname) DO UPDATE SET Hostname = EXCLUDED.Hostname, IP = EXCLUDED.IP, Gateway = EXCLUDED.Gateway, Description = EXCLUDED.Description, Index = EXCLUDED.Index, DHCP = EXCLUDED.DHCP ;
INSERT INTO Hosts(Hostname) VALUES ('PM-SECED07003.pa.pref') ON CONFLICT(Hostname) DO UPDATE SET Hostname = EXCLUDED.Hostname ;
INSERT INTO CPU(Hostname, Name, Caption, NOC, NOLP)VALUES('PM-SECED07003.pa.pref', 'Intel(R) Core(TM) i3-7100 CPU @ 3.90GHz', 'Intel64 Family 6 Model 158 Stepping 9', '2', '4') ON CONFLICT(Hostname) DO UPDATE SET Hostname = EXCLUDED.Hostname, Name = EXCLUDED.Name, Caption = EXCLUDED.Caption, NOC = EXCLUDED.NOC, NOLP = EXCLUDED.NOLP ;
INSERT INTO Hosts(Hostname) VALUES ('PM-SECED07003.pa.pref') ON CONFLICT(Hostname) DO UPDATE SET Hostname = EXCLUDED.Hostname ;
INSERT INTO OS(Hostname, Caption, BuildNumber, Architecture, Description) VALUES('PM-SECED07003.pa.pref', 'Microsoft Windows 10 Pro', '19045', '64 bits', 'Patrimonio 132023') ON CONFLICT(Hostname) DO UPDATE SET Hostname = EXCLUDED.Hostname, Caption = EXCLUDED.Caption, BuildNumber = EXCLUDED.BuildNumber, Architecture = EXCLUDED.Architecture, Description = EXCLUDED.Description ;
INSERT INTO Hosts(Hostname) VALUES ('PM-SECED07003.pa.pref') ON CONFLICT(Hostname) DO UPDATE SET Hostname = EXCLUDED.Hostname ;
INSERT INTO Networking(Hostname, IP, Gateway, Description, Index, DHCP) VALUES ('PM-SECED07003.pa.pref', '192.168.215.64', '192.168.215.1', 'Realtek PCIe GBE Family Controller', '1', 'True') ON CONFLICT(Hostname) DO UPDATE SET Hostname = EXCLUDED.Hostname, IP = EXCLUDED.IP, Gateway = EXCLUDED.Gateway, Description = EXCLUDED.Description, Index = EXCLUDED.Index, DHCP = EXCLUDED.DHCP ;
INSERT INTO Hosts(Hostname) VALUES ('PM-SECED18007.pa.pref') ON CONFLICT(Hostname) DO UPDATE SET Hostname = EXCLUDED.Hostname ;
INSERT INTO CPU(Hostname, Name, Caption, NOC, NOLP)VALUES('PM-SECED18007.pa.pref', 'Intel(R) Pentium(R) Gold G5420 CPU @ 3.80GHz', 'Intel64 Family 6 Model 158 Stepping 10', '2', '4') ON CONFLICT(Hostname) DO UPDATE SET Hostname = EXCLUDED.Hostname, Name = EXCLUDED.Name, Caption = EXCLUDED.Caption, NOC = EXCLUDED.NOC, NOLP = EXCLUDED.NOLP ;
INSERT INTO Hosts(Hostname) VALUES ('PM-SECED18007.pa.pref') ON CONFLICT(Hostname) DO UPDATE SET Hostname = EXCLUDED.Hostname ;
INSERT INTO OS(Hostname, Caption, BuildNumber, Architecture, Description) VALUES('PM-SECED18007.pa.pref', 'Microsoft Windows 10 Pro', '19045', '64 bits', 'Patrimonio 169167') ON CONFLICT(Hostname) DO UPDATE SET Hostname = EXCLUDED.Hostname, Caption = EXCLUDED.Caption, BuildNumber = EXCLUDED.BuildNumber, Architecture = EXCLUDED.Architecture, Description = EXCLUDED.Description ;
INSERT INTO Hosts(Hostname) VALUES ('PM-SECED18007.pa.pref') ON CONFLICT(Hostname) DO UPDATE SET Hostname = EXCLUDED.Hostname ;
INSERT INTO Networking(Hostname, IP, Gateway, Description, Index, DHCP) VALUES ('PM-SECED18007.pa.pref', '192.168.14.206', '192.168.14.1', 'Realtek PCIe GBE Family Controller', '1', 'True') ON CONFLICT(Hostname) DO UPDATE SET Hostname = EXCLUDED.Hostname, IP = EXCLUDED.IP, Gateway = EXCLUDED.Gateway, Description = EXCLUDED.Description, Index = EXCLUDED.Index, DHCP = EXCLUDED.DHCP ;
INSERT INTO Hosts(Hostname) VALUES ('PM-SSAUS22004.pa.pref') ON CONFLICT(Hostname) DO UPDATE SET Hostname = EXCLUDED.Hostname ;
INSERT INTO CPU(Hostname, Name, Caption, NOC, NOLP)VALUES('PM-SSAUS22004.pa.pref', 'AMD A10-9700 RADEON R7, 10 COMPUTE CORES 4C+6G ', 'AMD64 Family 21 Model 101 Stepping 1', '4', '4') ON CONFLICT(Hostname) DO UPDATE SET Hostname = EXCLUDED.Hostname, Name = EXCLUDED.Name, Caption = EXCLUDED.Caption, NOC = EXCLUDED.NOC, NOLP = EXCLUDED.NOLP ;
INSERT INTO Hosts(Hostname) VALUES ('PM-SSAUS22004.pa.pref') ON CONFLICT(Hostname) DO UPDATE SET Hostname = EXCLUDED.Hostname ;
INSERT INTO OS(Hostname, Caption, BuildNumber, Architecture, Description) VALUES('PM-SSAUS22004.pa.pref', 'Microsoft Windows 10 Pro', '19045', '64 bits', 'Patrimonio142642') ON CONFLICT(Hostname) DO UPDATE SET Hostname = EXCLUDED.Hostname, Caption = EXCLUDED.Caption, BuildNumber = EXCLUDED.BuildNumber, Architecture = EXCLUDED.Architecture, Description = EXCLUDED.Description ;
INSERT INTO Hosts(Hostname) VALUES ('PM-SSAUS22004.pa.pref') ON CONFLICT(Hostname) DO UPDATE SET Hostname = EXCLUDED.Hostname ;
INSERT INTO Networking(Hostname, IP, Gateway, Description, Index, DHCP) VALUES ('PM-SSAUS22004.pa.pref', '192.168.112.24', '192.168.112.1', 'TP-Link Wireless N PCI Express Adapter', '1', 'True') ON CONFLICT(Hostname) DO UPDATE SET Hostname = EXCLUDED.Hostname, IP = EXCLUDED.IP, Gateway = EXCLUDED.Gateway, Description = EXCLUDED.Description, Index = EXCLUDED.Index, DHCP = EXCLUDED.DHCP ;
INSERT INTO Hosts(Hostname) VALUES ('PM-SSAUS38011.pa.pref') ON CONFLICT(Hostname) DO UPDATE SET Hostname = EXCLUDED.Hostname ;
INSERT INTO CPU(Hostname, Name, Caption, NOC, NOLP)VALUES('PM-SSAUS38011.pa.pref', 'AMD A10-9700 RADEON R7, 10 COMPUTE CORES 4C+6G ', 'AMD64 Family 21 Model 101 Stepping 1', '4', '4') ON CONFLICT(Hostname) DO UPDATE SET Hostname = EXCLUDED.Hostname, Name = EXCLUDED.Name, Caption = EXCLUDED.Caption, NOC = EXCLUDED.NOC, NOLP = EXCLUDED.NOLP ;
INSERT INTO Hosts(Hostname) VALUES ('PM-SSAUS38011.pa.pref') ON CONFLICT(Hostname) DO UPDATE SET Hostname = EXCLUDED.Hostname ;
INSERT INTO OS(Hostname, Caption, BuildNumber, Architecture, Description) VALUES('PM-SSAUS38011.pa.pref', 'Microsoft Windows 10 Pro', '19045', '64 bits', 'P-142650 A-940701787') ON CONFLICT(Hostname) DO UPDATE SET Hostname = EXCLUDED.Hostname, Caption = EXCLUDED.Caption, BuildNumber = EXCLUDED.BuildNumber, Architecture = EXCLUDED.Architecture, Description = EXCLUDED.Description ;
INSERT INTO Hosts(Hostname) VALUES ('PM-SSAUS38011.pa.pref') ON CONFLICT(Hostname) DO UPDATE SET Hostname = EXCLUDED.Hostname ;
INSERT INTO Networking(Hostname, IP, Gateway, Description, Index, DHCP) VALUES ('PM-SSAUS38011.pa.pref', '192.168.36.138', '192.168.36.1', 'Realtek PCIe GbE Family Controller', '11', 'True') ON CONFLICT(Hostname) DO UPDATE SET Hostname = EXCLUDED.Hostname, IP = EXCLUDED.IP, Gateway = EXCLUDED.Gateway, Description = EXCLUDED.Description, Index = EXCLUDED.Index, DHCP = EXCLUDED.DHCP ;
INSERT INTO Hosts(Hostname) VALUES ('PM-SAPADM015.pa.pref') ON CONFLICT(Hostname) DO UPDATE SET Hostname = EXCLUDED.Hostname ;
INSERT INTO CPU(Hostname, Name, Caption, NOC, NOLP)VALUES('PM-SAPADM015.pa.pref', 'AMD Athlon(tm) Neo X2 Dual Core Processor L325', 'AMD64 Family 15 Model 107 Stepping 2', '2', '2') ON CONFLICT(Hostname) DO UPDATE SET Hostname = EXCLUDED.Hostname, Name = EXCLUDED.Name, Caption = EXCLUDED.Caption, NOC = EXCLUDED.NOC, NOLP = EXCLUDED.NOLP ;
INSERT INTO Hosts(Hostname) VALUES ('PM-SAPADM015.pa.pref') ON CONFLICT(Hostname) DO UPDATE SET Hostname = EXCLUDED.Hostname ;
INSERT INTO OS(Hostname, Caption, BuildNumber, Architecture, Description) VALUES('PM-SAPADM015.pa.pref', 'Microsoft Windows 10 Pro', '19045', '64 bits', NULL) ON CONFLICT(Hostname) DO UPDATE SET Hostname = EXCLUDED.Hostname, Caption = EXCLUDED.Caption, BuildNumber = EXCLUDED.BuildNumber, Architecture = EXCLUDED.Architecture, Description = EXCLUDED.Description ;
INSERT INTO Hosts(Hostname) VALUES ('PM-SAPADM015.pa.pref') ON CONFLICT(Hostname) DO UPDATE SET Hostname = EXCLUDED.Hostname ;
INSERT INTO Networking(Hostname, IP, Gateway, Description, Index, DHCP) VALUES ('PM-SAPADM015.pa.pref', '192.168.20.107', '192.168.20.1', 'Realtek PCIe GbE Family Controller', '1', 'True') ON CONFLICT(Hostname) DO UPDATE SET Hostname = EXCLUDED.Hostname, IP = EXCLUDED.IP, Gateway = EXCLUDED.Gateway, Description = EXCLUDED.Description, Index = EXCLUDED.Index, DHCP = EXCLUDED.DHCP ;
INSERT INTO Hosts(Hostname) VALUES ('PM-SECED08008.pa.pref') ON CONFLICT(Hostname) DO UPDATE SET Hostname = EXCLUDED.Hostname ;
INSERT INTO CPU(Hostname, Name, Caption, NOC, NOLP)VALUES('PM-SECED08008.pa.pref', 'Intel(R) Pentium(R) Gold G5420 CPU @ 3.80GHz', 'Intel64 Family 6 Model 158 Stepping 10', '2', '4') ON CONFLICT(Hostname) DO UPDATE SET Hostname = EXCLUDED.Hostname, Name = EXCLUDED.Name, Caption = EXCLUDED.Caption, NOC = EXCLUDED.NOC, NOLP = EXCLUDED.NOLP ;
INSERT INTO Hosts(Hostname) VALUES ('PM-SECED08008.pa.pref') ON CONFLICT(Hostname) DO UPDATE SET Hostname = EXCLUDED.Hostname ;
INSERT INTO OS(Hostname, Caption, BuildNumber, Architecture, Description) VALUES('PM-SECED08008.pa.pref', 'Microsoft Windows 10 Pro', '19045', '64 bits', 'Patrimonio 168902') ON CONFLICT(Hostname) DO UPDATE SET Hostname = EXCLUDED.Hostname, Caption = EXCLUDED.Caption, BuildNumber = EXCLUDED.BuildNumber, Architecture = EXCLUDED.Architecture, Description = EXCLUDED.Description ;
INSERT INTO Hosts(Hostname) VALUES ('PM-SECED08008.pa.pref') ON CONFLICT(Hostname) DO UPDATE SET Hostname = EXCLUDED.Hostname ;
INSERT INTO Networking(Hostname, IP, Gateway, Description, Index, DHCP) VALUES ('PM-SECED08008.pa.pref', '192.168.81.162', '192.168.81.1', 'Realtek PCIe GBE Family Controller', '1', 'True') ON CONFLICT(Hostname) DO UPDATE SET Hostname = EXCLUDED.Hostname, IP = EXCLUDED.IP, Gateway = EXCLUDED.Gateway, Description = EXCLUDED.Description, Index = EXCLUDED.Index, DHCP = EXCLUDED.DHCP ;
INSERT INTO Hosts(Hostname) VALUES ('PM-SSAUS38015.pa.pref') ON CONFLICT(Hostname) DO UPDATE SET Hostname = EXCLUDED.Hostname ;
INSERT INTO CPU(Hostname, Name, Caption, NOC, NOLP)VALUES('PM-SSAUS38015.pa.pref', 'AMD Athlon(tm) Dual Core Processor 5000B', 'x64 Family 15 Model 107 Stepping 2', '2', '2') ON CONFLICT(Hostname) DO UPDATE SET Hostname = EXCLUDED.Hostname, Name = EXCLUDED.Name, Caption = EXCLUDED.Caption, NOC = EXCLUDED.NOC, NOLP = EXCLUDED.NOLP ;
INSERT INTO Hosts(Hostname) VALUES ('PM-SSAUS38015.pa.pref') ON CONFLICT(Hostname) DO UPDATE SET Hostname = EXCLUDED.Hostname ;
INSERT INTO OS(Hostname, Caption, BuildNumber, Architecture, Description) VALUES('PM-SSAUS38015.pa.pref', 'Microsoft Windows 7 Ultimate ', '7601', '32-bit', 'Patrimonio 85617') ON CONFLICT(Hostname) DO UPDATE SET Hostname = EXCLUDED.Hostname, Caption = EXCLUDED.Caption, BuildNumber = EXCLUDED.BuildNumber, Architecture = EXCLUDED.Architecture, Description = EXCLUDED.Description ;
INSERT INTO Hosts(Hostname) VALUES ('PM-SSAUS38015.pa.pref') ON CONFLICT(Hostname) DO UPDATE SET Hostname = EXCLUDED.Hostname ;
INSERT INTO Networking(Hostname, IP, Gateway, Description, Index, DHCP) VALUES ('PM-SSAUS38015.pa.pref', '192.168.36.52', '192.168.36.1', 'Broadcom NetXtreme Gigabit Ethernet', '7', 'True') ON CONFLICT(Hostname) DO UPDATE SET Hostname = EXCLUDED.Hostname, IP = EXCLUDED.IP, Gateway = EXCLUDED.Gateway, Description = EXCLUDED.Description, Index = EXCLUDED.Index, DHCP = EXCLUDED.DHCP ;
INSERT INTO Hosts(Hostname) VALUES ('PM-SPSPOP002.pa.pref') ON CONFLICT(Hostname) DO UPDATE SET Hostname = EXCLUDED.Hostname ;
INSERT INTO CPU(Hostname, Name, Caption, NOC, NOLP)VALUES('PM-SPSPOP002.pa.pref', 'Intel(R) Core(TM) i3-9100 CPU @ 3.60GHz', 'Intel64 Family 6 Model 158 Stepping 11', '4', '4') ON CONFLICT(Hostname) DO UPDATE SET Hostname = EXCLUDED.Hostname, Name = EXCLUDED.Name, Caption = EXCLUDED.Caption, NOC = EXCLUDED.NOC, NOLP = EXCLUDED.NOLP ;
INSERT INTO Hosts(Hostname) VALUES ('PM-SPSPOP002.pa.pref') ON CONFLICT(Hostname) DO UPDATE SET Hostname = EXCLUDED.Hostname ;
INSERT INTO OS(Hostname, Caption, BuildNumber, Architecture, Description) VALUES('PM-SPSPOP002.pa.pref', 'Microsoft Windows 10 Pro', '19045', '64 bits', NULL) ON CONFLICT(Hostname) DO UPDATE SET Hostname = EXCLUDED.Hostname, Caption = EXCLUDED.Caption, BuildNumber = EXCLUDED.BuildNumber, Architecture = EXCLUDED.Architecture, Description = EXCLUDED.Description ;
INSERT INTO Hosts(Hostname) VALUES ('PM-SPSPOP002.pa.pref') ON CONFLICT(Hostname) DO UPDATE SET Hostname = EXCLUDED.Hostname ;
INSERT INTO Networking(Hostname, IP, Gateway, Description, Index, DHCP) VALUES ('PM-SPSPOP002.pa.pref', '192.168.23.80', '192.168.23.1', 'Intel(R) Ethernet Connection (7) I219-V', '1', 'True') ON CONFLICT(Hostname) DO UPDATE SET Hostname = EXCLUDED.Hostname, IP = EXCLUDED.IP, Gateway = EXCLUDED.Gateway, Description = EXCLUDED.Description, Index = EXCLUDED.Index, DHCP = EXCLUDED.DHCP ;
INSERT INTO Hosts(Hostname) VALUES ('PM-1844930.pa.pref') ON CONFLICT(Hostname) DO UPDATE SET Hostname = EXCLUDED.Hostname ;
INSERT INTO CPU(Hostname, Name, Caption, NOC, NOLP)VALUES('PM-1844930.pa.pref', 'Intel(R) Core(TM) i5-3470 CPU @ 3.20GHz', 'Intel64 Family 6 Model 58 Stepping 9', '4', '4') ON CONFLICT(Hostname) DO UPDATE SET Hostname = EXCLUDED.Hostname, Name = EXCLUDED.Name, Caption = EXCLUDED.Caption, NOC = EXCLUDED.NOC, NOLP = EXCLUDED.NOLP ;
INSERT INTO Hosts(Hostname) VALUES ('PM-1844930.pa.pref') ON CONFLICT(Hostname) DO UPDATE SET Hostname = EXCLUDED.Hostname ;
INSERT INTO OS(Hostname, Caption, BuildNumber, Architecture, Description) VALUES('PM-1844930.pa.pref', 'Microsoft Windows 10 Pro', '19045', '64 bits', NULL) ON CONFLICT(Hostname) DO UPDATE SET Hostname = EXCLUDED.Hostname, Caption = EXCLUDED.Caption, BuildNumber = EXCLUDED.BuildNumber, Architecture = EXCLUDED.Architecture, Description = EXCLUDED.Description ;
INSERT INTO Hosts(Hostname) VALUES ('PM-1844930.pa.pref') ON CONFLICT(Hostname) DO UPDATE SET Hostname = EXCLUDED.Hostname ;
INSERT INTO Networking(Hostname, IP, Gateway, Description, Index, DHCP) VALUES ('PM-1844930.pa.pref', '192.168.32.204', '192.168.32.1', 'Intel(R) 82579LM Gigabit Network Connection', '1', 'True') ON CONFLICT(Hostname) DO UPDATE SET Hostname = EXCLUDED.Hostname, IP = EXCLUDED.IP, Gateway = EXCLUDED.Gateway, Description = EXCLUDED.Description, Index = EXCLUDED.Index, DHCP = EXCLUDED.DHCP ;
INSERT INTO Hosts(Hostname) VALUES ('PM-SECGPE002.pa.pref') ON CONFLICT(Hostname) DO UPDATE SET Hostname = EXCLUDED.Hostname ;
INSERT INTO CPU(Hostname, Name, Caption, NOC, NOLP)VALUES('PM-SECGPE002.pa.pref', 'Intel(R) Core(TM) i5-3470 CPU @ 3.20GHz', 'Intel64 Family 6 Model 58 Stepping 9', '4', '4') ON CONFLICT(Hostname) DO UPDATE SET Hostname = EXCLUDED.Hostname, Name = EXCLUDED.Name, Caption = EXCLUDED.Caption, NOC = EXCLUDED.NOC, NOLP = EXCLUDED.NOLP ;
INSERT INTO Hosts(Hostname) VALUES ('PM-SECGPE002.pa.pref') ON CONFLICT(Hostname) DO UPDATE SET Hostname = EXCLUDED.Hostname ;
INSERT INTO OS(Hostname, Caption, BuildNumber, Architecture, Description) VALUES('PM-SECGPE002.pa.pref', 'Microsoft Windows 10 Pro', '19045', '64 bits', 'PM-SECGPE002') ON CONFLICT(Hostname) DO UPDATE SET Hostname = EXCLUDED.Hostname, Caption = EXCLUDED.Caption, BuildNumber = EXCLUDED.BuildNumber, Architecture = EXCLUDED.Architecture, Description = EXCLUDED.Description ;
INSERT INTO Hosts(Hostname) VALUES ('PM-SECGPE002.pa.pref') ON CONFLICT(Hostname) DO UPDATE SET Hostname = EXCLUDED.Hostname ;
INSERT INTO Networking(Hostname, IP, Gateway, Description, Index, DHCP) VALUES ('PM-SECGPE002.pa.pref', '192.168.9.224', '192.168.9.1', 'Intel(R) 82579LM Gigabit Network Connection', '1', 'True') ON CONFLICT(Hostname) DO UPDATE SET Hostname = EXCLUDED.Hostname, IP = EXCLUDED.IP, Gateway = EXCLUDED.Gateway, Description = EXCLUDED.Description, Index = EXCLUDED.Index, DHCP = EXCLUDED.DHCP ;
INSERT INTO Hosts(Hostname) VALUES ('PM-SPSADM013.pa.pref') ON CONFLICT(Hostname) DO UPDATE SET Hostname = EXCLUDED.Hostname ;
INSERT INTO CPU(Hostname, Name, Caption, NOC, NOLP)VALUES('PM-SPSADM013.pa.pref', 'Intel(R) Core(TM) i5-3470 CPU @ 3.20GHz', 'Intel64 Family 6 Model 58 Stepping 9', '4', '4') ON CONFLICT(Hostname) DO UPDATE SET Hostname = EXCLUDED.Hostname, Name = EXCLUDED.Name, Caption = EXCLUDED.Caption, NOC = EXCLUDED.NOC, NOLP = EXCLUDED.NOLP ;
INSERT INTO Hosts(Hostname) VALUES ('PM-SPSADM013.pa.pref') ON CONFLICT(Hostname) DO UPDATE SET Hostname = EXCLUDED.Hostname ;
INSERT INTO OS(Hostname, Caption, BuildNumber, Architecture, Description) VALUES('PM-SPSADM013.pa.pref', 'Microsoft Windows 7 Professional ', '7601', '64-bit', 'Patrimonio 102438') ON CONFLICT(Hostname) DO UPDATE SET Hostname = EXCLUDED.Hostname, Caption = EXCLUDED.Caption, BuildNumber = EXCLUDED.BuildNumber, Architecture = EXCLUDED.Architecture, Description = EXCLUDED.Description ;
INSERT INTO Hosts(Hostname) VALUES ('PM-SPSADM013.pa.pref') ON CONFLICT(Hostname) DO UPDATE SET Hostname = EXCLUDED.Hostname ;
INSERT INTO Networking(Hostname, IP, Gateway, Description, Index, DHCP) VALUES ('PM-SPSADM013.pa.pref', '192.168.214.58', '192.168.214.1', 'Intel(R) 82579LM Gigabit Network Connection', '7', 'True') ON CONFLICT(Hostname) DO UPDATE SET Hostname = EXCLUDED.Hostname, IP = EXCLUDED.IP, Gateway = EXCLUDED.Gateway, Description = EXCLUDED.Description, Index = EXCLUDED.Index, DHCP = EXCLUDED.DHCP ;
INSERT INTO Hosts(Hostname) VALUES ('PM-SUPFIN006.pa.pref') ON CONFLICT(Hostname) DO UPDATE SET Hostname = EXCLUDED.Hostname ;
INSERT INTO CPU(Hostname, Name, Caption, NOC, NOLP)VALUES('PM-SUPFIN006.pa.pref', 'Intel(R) Core(TM) i3-9100 CPU @ 3.60GHz', 'Intel64 Family 6 Model 158 Stepping 11', '4', '4') ON CONFLICT(Hostname) DO UPDATE SET Hostname = EXCLUDED.Hostname, Name = EXCLUDED.Name, Caption = EXCLUDED.Caption, NOC = EXCLUDED.NOC, NOLP = EXCLUDED.NOLP ;
INSERT INTO Hosts(Hostname) VALUES ('PM-SUPFIN006.pa.pref') ON CONFLICT(Hostname) DO UPDATE SET Hostname = EXCLUDED.Hostname ;
INSERT INTO OS(Hostname, Caption, BuildNumber, Architecture, Description) VALUES('PM-SUPFIN006.pa.pref', 'Microsoft Windows 11 Pro', '22621', '64 bits', '149693') ON CONFLICT(Hostname) DO UPDATE SET Hostname = EXCLUDED.Hostname, Caption = EXCLUDED.Caption, BuildNumber = EXCLUDED.BuildNumber, Architecture = EXCLUDED.Architecture, Description = EXCLUDED.Description ;
INSERT INTO Hosts(Hostname) VALUES ('PM-SUPFIN006.pa.pref') ON CONFLICT(Hostname) DO UPDATE SET Hostname = EXCLUDED.Hostname ;
INSERT INTO Networking(Hostname, IP, Gateway, Description, Index, DHCP) VALUES ('PM-SUPFIN006.pa.pref', '192.168.8.228', '192.168.8.1', 'Intel(R) Ethernet Connection (7) I219-V', '1', 'True') ON CONFLICT(Hostname) DO UPDATE SET Hostname = EXCLUDED.Hostname, IP = EXCLUDED.IP, Gateway = EXCLUDED.Gateway, Description = EXCLUDED.Description, Index = EXCLUDED.Index, DHCP = EXCLUDED.DHCP ;
INSERT INTO Hosts(Hostname) VALUES ('PM-SECED30004.pa.pref') ON CONFLICT(Hostname) DO UPDATE SET Hostname = EXCLUDED.Hostname ;
INSERT INTO CPU(Hostname, Name, Caption, NOC, NOLP)VALUES('PM-SECED30004.pa.pref', 'Intel(R) Core(TM)2 Duo CPU     E8400  @ 3.00GHz', 'Intel64 Family 6 Model 23 Stepping 10', '2', '2') ON CONFLICT(Hostname) DO UPDATE SET Hostname = EXCLUDED.Hostname, Name = EXCLUDED.Name, Caption = EXCLUDED.Caption, NOC = EXCLUDED.NOC, NOLP = EXCLUDED.NOLP ;
INSERT INTO Hosts(Hostname) VALUES ('PM-SECED30004.pa.pref') ON CONFLICT(Hostname) DO UPDATE SET Hostname = EXCLUDED.Hostname ;
INSERT INTO OS(Hostname, Caption, BuildNumber, Architecture, Description) VALUES('PM-SECED30004.pa.pref', 'Microsoft Windows 7 Professional ', '7601', '64-bit', 'Patrimonio 115034') ON CONFLICT(Hostname) DO UPDATE SET Hostname = EXCLUDED.Hostname, Caption = EXCLUDED.Caption, BuildNumber = EXCLUDED.BuildNumber, Architecture = EXCLUDED.Architecture, Description = EXCLUDED.Description ;
INSERT INTO Hosts(Hostname) VALUES ('PM-SECED30004.pa.pref') ON CONFLICT(Hostname) DO UPDATE SET Hostname = EXCLUDED.Hostname ;
INSERT INTO Networking(Hostname, IP, Gateway, Description, Index, DHCP) VALUES ('PM-SECED30004.pa.pref', '192.168.162.103', '192.168.162.1', 'Broadcom NetLink (TM) Gigabit Ethernet', '7', 'True') ON CONFLICT(Hostname) DO UPDATE SET Hostname = EXCLUDED.Hostname, IP = EXCLUDED.IP, Gateway = EXCLUDED.Gateway, Description = EXCLUDED.Description, Index = EXCLUDED.Index, DHCP = EXCLUDED.DHCP ;
INSERT INTO Hosts(Hostname) VALUES ('PM-SIOCEM001.pa.pref') ON CONFLICT(Hostname) DO UPDATE SET Hostname = EXCLUDED.Hostname ;
INSERT INTO CPU(Hostname, Name, Caption, NOC, NOLP)VALUES('PM-SIOCEM001.pa.pref', 'Intel(R) Core(TM) i5-3470 CPU @ 3.20GHz', 'Intel64 Family 6 Model 58 Stepping 9', '4', '4') ON CONFLICT(Hostname) DO UPDATE SET Hostname = EXCLUDED.Hostname, Name = EXCLUDED.Name, Caption = EXCLUDED.Caption, NOC = EXCLUDED.NOC, NOLP = EXCLUDED.NOLP ;
INSERT INTO Hosts(Hostname) VALUES ('PM-SIOCEM001.pa.pref') ON CONFLICT(Hostname) DO UPDATE SET Hostname = EXCLUDED.Hostname ;
INSERT INTO OS(Hostname, Caption, BuildNumber, Architecture, Description) VALUES('PM-SIOCEM001.pa.pref', 'Microsoft Windows 7 Professional ', '7601', '64-bit', NULL) ON CONFLICT(Hostname) DO UPDATE SET Hostname = EXCLUDED.Hostname, Caption = EXCLUDED.Caption, BuildNumber = EXCLUDED.BuildNumber, Architecture = EXCLUDED.Architecture, Description = EXCLUDED.Description ;
INSERT INTO Hosts(Hostname) VALUES ('PM-SIOCEM001.pa.pref') ON CONFLICT(Hostname) DO UPDATE SET Hostname = EXCLUDED.Hostname ;
INSERT INTO Networking(Hostname, IP, Gateway, Description, Index, DHCP) VALUES ('PM-SIOCEM001.pa.pref', '192.168.217.241', '192.168.217.1', 'Intel(R) 82579LM Gigabit Network Connection', '7', 'True') ON CONFLICT(Hostname) DO UPDATE SET Hostname = EXCLUDED.Hostname, IP = EXCLUDED.IP, Gateway = EXCLUDED.Gateway, Description = EXCLUDED.Description, Index = EXCLUDED.Index, DHCP = EXCLUDED.DHCP ;
INSERT INTO Hosts(Hostname) VALUES ('PM-SPMFPO005.pa.pref') ON CONFLICT(Hostname) DO UPDATE SET Hostname = EXCLUDED.Hostname ;
INSERT INTO CPU(Hostname, Name, Caption, NOC, NOLP)VALUES('PM-SPMFPO005.pa.pref', 'Intel(R) Core(TM) i3-7100 CPU @ 3.90GHz', 'Intel64 Family 6 Model 158 Stepping 9', '2', '4') ON CONFLICT(Hostname) DO UPDATE SET Hostname = EXCLUDED.Hostname, Name = EXCLUDED.Name, Caption = EXCLUDED.Caption, NOC = EXCLUDED.NOC, NOLP = EXCLUDED.NOLP ;
INSERT INTO Hosts(Hostname) VALUES ('PM-SPMFPO005.pa.pref') ON CONFLICT(Hostname) DO UPDATE SET Hostname = EXCLUDED.Hostname ;
INSERT INTO OS(Hostname, Caption, BuildNumber, Architecture, Description) VALUES('PM-SPMFPO005.pa.pref', 'Microsoft Windows 10 Pro', '19045', '64 bits', '132177') ON CONFLICT(Hostname) DO UPDATE SET Hostname = EXCLUDED.Hostname, Caption = EXCLUDED.Caption, BuildNumber = EXCLUDED.BuildNumber, Architecture = EXCLUDED.Architecture, Description = EXCLUDED.Description ;
INSERT INTO Hosts(Hostname) VALUES ('PM-SPMFPO005.pa.pref') ON CONFLICT(Hostname) DO UPDATE SET Hostname = EXCLUDED.Hostname ;
INSERT INTO Networking(Hostname, IP, Gateway, Description, Index, DHCP) VALUES ('PM-SPMFPO005.pa.pref', '192.168.223.221', '192.168.223.1', 'Realtek PCIe GBE Family Controller', '1', 'True') ON CONFLICT(Hostname) DO UPDATE SET Hostname = EXCLUDED.Hostname, IP = EXCLUDED.IP, Gateway = EXCLUDED.Gateway, Description = EXCLUDED.Description, Index = EXCLUDED.Index, DHCP = EXCLUDED.DHCP ;
INSERT INTO Hosts(Hostname) VALUES ('PM-SAFADM006.pa.pref') ON CONFLICT(Hostname) DO UPDATE SET Hostname = EXCLUDED.Hostname ;
INSERT INTO CPU(Hostname, Name, Caption, NOC, NOLP)VALUES('PM-SAFADM006.pa.pref', 'Intel(R) Core(TM) i3-7100 CPU @ 3.90GHz', 'Intel64 Family 6 Model 158 Stepping 9', '2', '4') ON CONFLICT(Hostname) DO UPDATE SET Hostname = EXCLUDED.Hostname, Name = EXCLUDED.Name, Caption = EXCLUDED.Caption, NOC = EXCLUDED.NOC, NOLP = EXCLUDED.NOLP ;
INSERT INTO Hosts(Hostname) VALUES ('PM-SAFADM006.pa.pref') ON CONFLICT(Hostname) DO UPDATE SET Hostname = EXCLUDED.Hostname ;
INSERT INTO OS(Hostname, Caption, BuildNumber, Architecture, Description) VALUES('PM-SAFADM006.pa.pref', 'Microsoft Windows 10 Pro', '18362', '64 bits', NULL) ON CONFLICT(Hostname) DO UPDATE SET Hostname = EXCLUDED.Hostname, Caption = EXCLUDED.Caption, BuildNumber = EXCLUDED.BuildNumber, Architecture = EXCLUDED.Architecture, Description = EXCLUDED.Description ;
INSERT INTO Hosts(Hostname) VALUES ('PM-SAFADM006.pa.pref') ON CONFLICT(Hostname) DO UPDATE SET Hostname = EXCLUDED.Hostname ;
INSERT INTO Networking(Hostname, IP, Gateway, Description, Index, DHCP) VALUES ('PM-SAFADM006.pa.pref', '192.168.253.127', '192.168.253.1', 'Realtek PCIe GBE Family Controller', '1', 'True') ON CONFLICT(Hostname) DO UPDATE SET Hostname = EXCLUDED.Hostname, IP = EXCLUDED.IP, Gateway = EXCLUDED.Gateway, Description = EXCLUDED.Description, Index = EXCLUDED.Index, DHCP = EXCLUDED.DHCP ;
INSERT INTO Hosts(Hostname) VALUES ('PM-SECED23041.pa.pref') ON CONFLICT(Hostname) DO UPDATE SET Hostname = EXCLUDED.Hostname ;
INSERT INTO CPU(Hostname, Name, Caption, NOC, NOLP)VALUES('PM-SECED23041.pa.pref', 'Intel(R) Core(TM) i3-10100 CPU @ 3.60GHz', 'Intel64 Family 6 Model 165 Stepping 3', '4', '8') ON CONFLICT(Hostname) DO UPDATE SET Hostname = EXCLUDED.Hostname, Name = EXCLUDED.Name, Caption = EXCLUDED.Caption, NOC = EXCLUDED.NOC, NOLP = EXCLUDED.NOLP ;
INSERT INTO Hosts(Hostname) VALUES ('PM-SECED23041.pa.pref') ON CONFLICT(Hostname) DO UPDATE SET Hostname = EXCLUDED.Hostname ;
INSERT INTO OS(Hostname, Caption, BuildNumber, Architecture, Description) VALUES('PM-SECED23041.pa.pref', 'Microsoft Windows 10 Pro', '19045', '64 bits', 'R-63 455 109 A-815694622') ON CONFLICT(Hostname) DO UPDATE SET Hostname = EXCLUDED.Hostname, Caption = EXCLUDED.Caption, BuildNumber = EXCLUDED.BuildNumber, Architecture = EXCLUDED.Architecture, Description = EXCLUDED.Description ;
INSERT INTO Hosts(Hostname) VALUES ('PM-SECED23041.pa.pref') ON CONFLICT(Hostname) DO UPDATE SET Hostname = EXCLUDED.Hostname ;
INSERT INTO Networking(Hostname, IP, Gateway, Description, Index, DHCP) VALUES ('PM-SECED23041.pa.pref', '192.168.80.115', '192.168.80.1', 'Realtek PCIe GbE Family Controller', '1', 'True') ON CONFLICT(Hostname) DO UPDATE SET Hostname = EXCLUDED.Hostname, IP = EXCLUDED.IP, Gateway = EXCLUDED.Gateway, Description = EXCLUDED.Description, Index = EXCLUDED.Index, DHCP = EXCLUDED.DHCP ;
INSERT INTO Hosts(Hostname) VALUES ('PM-INFO0183.pa.pref') ON CONFLICT(Hostname) DO UPDATE SET Hostname = EXCLUDED.Hostname ;
INSERT INTO CPU(Hostname, Name, Caption, NOC, NOLP)VALUES('PM-INFO0183.pa.pref', 'Intel(R) Core(TM) i3-10100 CPU @ 3.60GHz', 'Intel64 Family 6 Model 165 Stepping 3', '4', '8') ON CONFLICT(Hostname) DO UPDATE SET Hostname = EXCLUDED.Hostname, Name = EXCLUDED.Name, Caption = EXCLUDED.Caption, NOC = EXCLUDED.NOC, NOLP = EXCLUDED.NOLP ;
INSERT INTO Hosts(Hostname) VALUES ('PM-INFO0183.pa.pref') ON CONFLICT(Hostname) DO UPDATE SET Hostname = EXCLUDED.Hostname ;
INSERT INTO OS(Hostname, Caption, BuildNumber, Architecture, Description) VALUES('PM-INFO0183.pa.pref', 'Microsoft Windows 10 Pro', '19044', '64 bits', 'P\\174598 A\\384323244') ON CONFLICT(Hostname) DO UPDATE SET Hostname = EXCLUDED.Hostname, Caption = EXCLUDED.Caption, BuildNumber = EXCLUDED.BuildNumber, Architecture = EXCLUDED.Architecture, Description = EXCLUDED.Description ;
INSERT INTO Hosts(Hostname) VALUES ('PM-INFO0183.pa.pref') ON CONFLICT(Hostname) DO UPDATE SET Hostname = EXCLUDED.Hostname ;
INSERT INTO Networking(Hostname, IP, Gateway, Description, Index, DHCP) VALUES ('PM-INFO0183.pa.pref', '192.168.108.164', '192.168.108.1', 'Realtek PCIe GbE Family Controller', '1', 'True') ON CONFLICT(Hostname) DO UPDATE SET Hostname = EXCLUDED.Hostname, IP = EXCLUDED.IP, Gateway = EXCLUDED.Gateway, Description = EXCLUDED.Description, Index = EXCLUDED.Index, DHCP = EXCLUDED.DHCP ;
INSERT INTO Hosts(Hostname) VALUES ('PM-SSAUS26011.pa.pref') ON CONFLICT(Hostname) DO UPDATE SET Hostname = EXCLUDED.Hostname ;
INSERT INTO CPU(Hostname, Name, Caption, NOC, NOLP)VALUES('PM-SSAUS26011.pa.pref', 'Intel(R) Core(TM) i5-3470 CPU @ 3.20GHz', 'Intel64 Family 6 Model 58 Stepping 9', '4', '4') ON CONFLICT(Hostname) DO UPDATE SET Hostname = EXCLUDED.Hostname, Name = EXCLUDED.Name, Caption = EXCLUDED.Caption, NOC = EXCLUDED.NOC, NOLP = EXCLUDED.NOLP ;
INSERT INTO Hosts(Hostname) VALUES ('PM-SSAUS26011.pa.pref') ON CONFLICT(Hostname) DO UPDATE SET Hostname = EXCLUDED.Hostname ;
INSERT INTO OS(Hostname, Caption, BuildNumber, Architecture, Description) VALUES('PM-SSAUS26011.pa.pref', 'Microsoft Windows 10 Pro', '19044', '64 bits', NULL) ON CONFLICT(Hostname) DO UPDATE SET Hostname = EXCLUDED.Hostname, Caption = EXCLUDED.Caption, BuildNumber = EXCLUDED.BuildNumber, Architecture = EXCLUDED.Architecture, Description = EXCLUDED.Description ;
INSERT INTO Hosts(Hostname) VALUES ('PM-SSAUS26011.pa.pref') ON CONFLICT(Hostname) DO UPDATE SET Hostname = EXCLUDED.Hostname ;
INSERT INTO Networking(Hostname, IP, Gateway, Description, Index, DHCP) VALUES ('PM-SSAUS26011.pa.pref', '192.168.221.171', '192.168.221.1', 'Intel(R) 82579LM Gigabit Network Connection', '1', 'True') ON CONFLICT(Hostname) DO UPDATE SET Hostname = EXCLUDED.Hostname, IP = EXCLUDED.IP, Gateway = EXCLUDED.Gateway, Description = EXCLUDED.Description, Index = EXCLUDED.Index, DHCP = EXCLUDED.DHCP ;
INSERT INTO Hosts(Hostname) VALUES ('PM-SAFADM007.pa.pref') ON CONFLICT(Hostname) DO UPDATE SET Hostname = EXCLUDED.Hostname ;
INSERT INTO CPU(Hostname, Name, Caption, NOC, NOLP)VALUES('PM-SAFADM007.pa.pref', 'Intel(R) Core(TM)2 Duo CPU     E7500  @ 2.93GHz', 'Intel64 Family 6 Model 23 Stepping 10', '2', '2') ON CONFLICT(Hostname) DO UPDATE SET Hostname = EXCLUDED.Hostname, Name = EXCLUDED.Name, Caption = EXCLUDED.Caption, NOC = EXCLUDED.NOC, NOLP = EXCLUDED.NOLP ;
INSERT INTO Hosts(Hostname) VALUES ('PM-SAFADM007.pa.pref') ON CONFLICT(Hostname) DO UPDATE SET Hostname = EXCLUDED.Hostname ;
INSERT INTO OS(Hostname, Caption, BuildNumber, Architecture, Description) VALUES('PM-SAFADM007.pa.pref', 'Microsoft Windows 7 Professional ', '7601', '64-bit', '99165') ON CONFLICT(Hostname) DO UPDATE SET Hostname = EXCLUDED.Hostname, Caption = EXCLUDED.Caption, BuildNumber = EXCLUDED.BuildNumber, Architecture = EXCLUDED.Architecture, Description = EXCLUDED.Description ;
INSERT INTO Hosts(Hostname) VALUES ('PM-SAFADM007.pa.pref') ON CONFLICT(Hostname) DO UPDATE SET Hostname = EXCLUDED.Hostname ;
INSERT INTO Networking(Hostname, IP, Gateway, Description, Index, DHCP) VALUES ('PM-SAFADM007.pa.pref', '192.168.223.150', '192.168.223.1', 'Intel(R) 82567V-4 Gigabit Network Connection', '11', 'True') ON CONFLICT(Hostname) DO UPDATE SET Hostname = EXCLUDED.Hostname, IP = EXCLUDED.IP, Gateway = EXCLUDED.Gateway, Description = EXCLUDED.Description, Index = EXCLUDED.Index, DHCP = EXCLUDED.DHCP ;
INSERT INTO Hosts(Hostname) VALUES ('PM-SECED09003.pa.pref') ON CONFLICT(Hostname) DO UPDATE SET Hostname = EXCLUDED.Hostname ;
INSERT INTO CPU(Hostname, Name, Caption, NOC, NOLP)VALUES('PM-SECED09003.pa.pref', 'Intel(R) Core(TM) i3-2120 CPU @ 3.30GHz', 'Intel64 Family 6 Model 42 Stepping 7', '2', '4') ON CONFLICT(Hostname) DO UPDATE SET Hostname = EXCLUDED.Hostname, Name = EXCLUDED.Name, Caption = EXCLUDED.Caption, NOC = EXCLUDED.NOC, NOLP = EXCLUDED.NOLP ;
INSERT INTO Hosts(Hostname) VALUES ('PM-SECED09003.pa.pref') ON CONFLICT(Hostname) DO UPDATE SET Hostname = EXCLUDED.Hostname ;
INSERT INTO OS(Hostname, Caption, BuildNumber, Architecture, Description) VALUES('PM-SECED09003.pa.pref', 'Microsoft Windows 7 Professional ', '7601', '64-bit', 'P///95763') ON CONFLICT(Hostname) DO UPDATE SET Hostname = EXCLUDED.Hostname, Caption = EXCLUDED.Caption, BuildNumber = EXCLUDED.BuildNumber, Architecture = EXCLUDED.Architecture, Description = EXCLUDED.Description ;
INSERT INTO Hosts(Hostname) VALUES ('PM-SECED09003.pa.pref') ON CONFLICT(Hostname) DO UPDATE SET Hostname = EXCLUDED.Hostname ;
INSERT INTO Networking(Hostname, IP, Gateway, Description, Index, DHCP) VALUES ('PM-SECED09003.pa.pref', '192.168.191.93', '192.168.191.1', 'Realtek PCIe GBE Family Controller', '7', 'True') ON CONFLICT(Hostname) DO UPDATE SET Hostname = EXCLUDED.Hostname, IP = EXCLUDED.IP, Gateway = EXCLUDED.Gateway, Description = EXCLUDED.Description, Index = EXCLUDED.Index, DHCP = EXCLUDED.DHCP ;
INSERT INTO Hosts(Hostname) VALUES ('PM-174589.pa.pref') ON CONFLICT(Hostname) DO UPDATE SET Hostname = EXCLUDED.Hostname ;
INSERT INTO CPU(Hostname, Name, Caption, NOC, NOLP)VALUES('PM-174589.pa.pref', 'Intel(R) Core(TM) i3-10100 CPU @ 3.60GHz', 'Intel64 Family 6 Model 165 Stepping 3', '4', '8') ON CONFLICT(Hostname) DO UPDATE SET Hostname = EXCLUDED.Hostname, Name = EXCLUDED.Name, Caption = EXCLUDED.Caption, NOC = EXCLUDED.NOC, NOLP = EXCLUDED.NOLP ;
INSERT INTO Hosts(Hostname) VALUES ('PM-174589.pa.pref') ON CONFLICT(Hostname) DO UPDATE SET Hostname = EXCLUDED.Hostname ;
INSERT INTO OS(Hostname, Caption, BuildNumber, Architecture, Description) VALUES('PM-174589.pa.pref', 'Microsoft Windows 10 Pro', '19045', '64 bits', 'P-174589 A-717020566') ON CONFLICT(Hostname) DO UPDATE SET Hostname = EXCLUDED.Hostname, Caption = EXCLUDED.Caption, BuildNumber = EXCLUDED.BuildNumber, Architecture = EXCLUDED.Architecture, Description = EXCLUDED.Description ;
INSERT INTO Hosts(Hostname) VALUES ('PM-174589.pa.pref') ON CONFLICT(Hostname) DO UPDATE SET Hostname = EXCLUDED.Hostname ;
INSERT INTO Networking(Hostname, IP, Gateway, Description, Index, DHCP) VALUES ('PM-174589.pa.pref', '192.168.11.159', '192.168.11.1', 'Realtek PCIe GbE Family Controller', '1', 'True') ON CONFLICT(Hostname) DO UPDATE SET Hostname = EXCLUDED.Hostname, IP = EXCLUDED.IP, Gateway = EXCLUDED.Gateway, Description = EXCLUDED.Description, Index = EXCLUDED.Index, DHCP = EXCLUDED.DHCP ;
INSERT INTO Hosts(Hostname) VALUES ('PM-SECED04010.pa.pref') ON CONFLICT(Hostname) DO UPDATE SET Hostname = EXCLUDED.Hostname ;
INSERT INTO CPU(Hostname, Name, Caption, NOC, NOLP)VALUES('PM-SECED04010.pa.pref', 'Intel(R) Core(TM) i3-3220 CPU @ 3.30GHz', 'Intel64 Family 6 Model 58 Stepping 9', '2', '4') ON CONFLICT(Hostname) DO UPDATE SET Hostname = EXCLUDED.Hostname, Name = EXCLUDED.Name, Caption = EXCLUDED.Caption, NOC = EXCLUDED.NOC, NOLP = EXCLUDED.NOLP ;
INSERT INTO Hosts(Hostname) VALUES ('PM-SECED04010.pa.pref') ON CONFLICT(Hostname) DO UPDATE SET Hostname = EXCLUDED.Hostname ;
INSERT INTO OS(Hostname, Caption, BuildNumber, Architecture, Description) VALUES('PM-SECED04010.pa.pref', 'Microsoft Windows 10 Pro', '19045', '64 bits', 'P-162586') ON CONFLICT(Hostname) DO UPDATE SET Hostname = EXCLUDED.Hostname, Caption = EXCLUDED.Caption, BuildNumber = EXCLUDED.BuildNumber, Architecture = EXCLUDED.Architecture, Description = EXCLUDED.Description ;
INSERT INTO Hosts(Hostname) VALUES ('PM-SECED04010.pa.pref') ON CONFLICT(Hostname) DO UPDATE SET Hostname = EXCLUDED.Hostname ;
INSERT INTO Networking(Hostname, IP, Gateway, Description, Index, DHCP) VALUES ('PM-SECED04010.pa.pref', '192.168.82.53', '192.168.82.1', 'Realtek PCIe GbE Family Controller', '1', 'True') ON CONFLICT(Hostname) DO UPDATE SET Hostname = EXCLUDED.Hostname, IP = EXCLUDED.IP, Gateway = EXCLUDED.Gateway, Description = EXCLUDED.Description, Index = EXCLUDED.Index, DHCP = EXCLUDED.DHCP ;
INSERT INTO Hosts(Hostname) VALUES ('PM-SECED21029.pa.pref') ON CONFLICT(Hostname) DO UPDATE SET Hostname = EXCLUDED.Hostname ;
INSERT INTO CPU(Hostname, Name, Caption, NOC, NOLP)VALUES('PM-SECED21029.pa.pref', '11th Gen Intel(R) Core(TM) i5-1135G7 @ 2.40GHz', 'Intel64 Family 6 Model 140 Stepping 1', '4', '8') ON CONFLICT(Hostname) DO UPDATE SET Hostname = EXCLUDED.Hostname, Name = EXCLUDED.Name, Caption = EXCLUDED.Caption, NOC = EXCLUDED.NOC, NOLP = EXCLUDED.NOLP ;
INSERT INTO Hosts(Hostname) VALUES ('PM-SECED21029.pa.pref') ON CONFLICT(Hostname) DO UPDATE SET Hostname = EXCLUDED.Hostname ;
INSERT INTO OS(Hostname, Caption, BuildNumber, Architecture, Description) VALUES('PM-SECED21029.pa.pref', 'Microsoft Windows 10 Pro', '19044', '64 bits', 'P-168679 A-342015690') ON CONFLICT(Hostname) DO UPDATE SET Hostname = EXCLUDED.Hostname, Caption = EXCLUDED.Caption, BuildNumber = EXCLUDED.BuildNumber, Architecture = EXCLUDED.Architecture, Description = EXCLUDED.Description ;
INSERT INTO Hosts(Hostname) VALUES ('PM-SECED21029.pa.pref') ON CONFLICT(Hostname) DO UPDATE SET Hostname = EXCLUDED.Hostname ;
INSERT INTO Networking(Hostname, IP, Gateway, Description, Index, DHCP) VALUES ('PM-SECED21029.pa.pref', '192.168.8.124', '192.168.8.1', 'Realtek PCIe GbE Family Controller', '3', 'True') ON CONFLICT(Hostname) DO UPDATE SET Hostname = EXCLUDED.Hostname, IP = EXCLUDED.IP, Gateway = EXCLUDED.Gateway, Description = EXCLUDED.Description, Index = EXCLUDED.Index, DHCP = EXCLUDED.DHCP ;
INSERT INTO Hosts(Hostname) VALUES ('PM-CONADM005.pa.pref') ON CONFLICT(Hostname) DO UPDATE SET Hostname = EXCLUDED.Hostname ;
INSERT INTO CPU(Hostname, Name, Caption, NOC, NOLP)VALUES('PM-CONADM005.pa.pref', 'Intel(R) Core(TM)2 Duo CPU     E7500  @ 2.93GHz', 'x64 Family 6 Model 23 Stepping 10', '2', '2') ON CONFLICT(Hostname) DO UPDATE SET Hostname = EXCLUDED.Hostname, Name = EXCLUDED.Name, Caption = EXCLUDED.Caption, NOC = EXCLUDED.NOC, NOLP = EXCLUDED.NOLP ;
INSERT INTO Hosts(Hostname) VALUES ('PM-CONADM005.pa.pref') ON CONFLICT(Hostname) DO UPDATE SET Hostname = EXCLUDED.Hostname ;
INSERT INTO OS(Hostname, Caption, BuildNumber, Architecture, Description) VALUES('PM-CONADM005.pa.pref', 'Microsoft Windows 7 Professional ', '7600', '32-bit', 'Patrimonio 89093') ON CONFLICT(Hostname) DO UPDATE SET Hostname = EXCLUDED.Hostname, Caption = EXCLUDED.Caption, BuildNumber = EXCLUDED.BuildNumber, Architecture = EXCLUDED.Architecture, Description = EXCLUDED.Description ;
INSERT INTO Hosts(Hostname) VALUES ('PM-CONADM005.pa.pref') ON CONFLICT(Hostname) DO UPDATE SET Hostname = EXCLUDED.Hostname ;
INSERT INTO Networking(Hostname, IP, Gateway, Description, Index, DHCP) VALUES ('PM-CONADM005.pa.pref', '192.168.28.66', '192.168.28.1', 'Placa PCI Wireless N 300 Mbps', '13', 'True') ON CONFLICT(Hostname) DO UPDATE SET Hostname = EXCLUDED.Hostname, IP = EXCLUDED.IP, Gateway = EXCLUDED.Gateway, Description = EXCLUDED.Description, Index = EXCLUDED.Index, DHCP = EXCLUDED.DHCP ;
INSERT INTO Hosts(Hostname) VALUES ('PM-SSAUS16009.pa.pref') ON CONFLICT(Hostname) DO UPDATE SET Hostname = EXCLUDED.Hostname ;
INSERT INTO CPU(Hostname, Name, Caption, NOC, NOLP)VALUES('PM-SSAUS16009.pa.pref', 'Intel(R) Core(TM) i5-3470 CPU @ 3.20GHz', 'Intel64 Family 6 Model 58 Stepping 9', '4', '4') ON CONFLICT(Hostname) DO UPDATE SET Hostname = EXCLUDED.Hostname, Name = EXCLUDED.Name, Caption = EXCLUDED.Caption, NOC = EXCLUDED.NOC, NOLP = EXCLUDED.NOLP ;
INSERT INTO Hosts(Hostname) VALUES ('PM-SSAUS16009.pa.pref') ON CONFLICT(Hostname) DO UPDATE SET Hostname = EXCLUDED.Hostname ;
INSERT INTO OS(Hostname, Caption, BuildNumber, Architecture, Description) VALUES('PM-SSAUS16009.pa.pref', 'Microsoft Windows 7 Professional ', '7601', '64-bit', '99928') ON CONFLICT(Hostname) DO UPDATE SET Hostname = EXCLUDED.Hostname, Caption = EXCLUDED.Caption, BuildNumber = EXCLUDED.BuildNumber, Architecture = EXCLUDED.Architecture, Description = EXCLUDED.Description ;
INSERT INTO Hosts(Hostname) VALUES ('PM-SSAUS16009.pa.pref') ON CONFLICT(Hostname) DO UPDATE SET Hostname = EXCLUDED.Hostname ;
INSERT INTO Networking(Hostname, IP, Gateway, Description, Index, DHCP) VALUES ('PM-SSAUS16009.pa.pref', '192.168.168.42', '192.168.168.1', 'Intel(R) 82579LM Gigabit Network Connection', '7', 'True') ON CONFLICT(Hostname) DO UPDATE SET Hostname = EXCLUDED.Hostname, IP = EXCLUDED.IP, Gateway = EXCLUDED.Gateway, Description = EXCLUDED.Description, Index = EXCLUDED.Index, DHCP = EXCLUDED.DHCP ;
INSERT INTO Hosts(Hostname) VALUES ('PM-SAFCON004.pa.pref') ON CONFLICT(Hostname) DO UPDATE SET Hostname = EXCLUDED.Hostname ;
INSERT INTO CPU(Hostname, Name, Caption, NOC, NOLP)VALUES('PM-SAFCON004.pa.pref', 'Intel(R) Core(TM) i3-7100 CPU @ 3.90GHz', 'Intel64 Family 6 Model 158 Stepping 9', '2', '4') ON CONFLICT(Hostname) DO UPDATE SET Hostname = EXCLUDED.Hostname, Name = EXCLUDED.Name, Caption = EXCLUDED.Caption, NOC = EXCLUDED.NOC, NOLP = EXCLUDED.NOLP ;
INSERT INTO Hosts(Hostname) VALUES ('PM-SAFCON004.pa.pref') ON CONFLICT(Hostname) DO UPDATE SET Hostname = EXCLUDED.Hostname ;
INSERT INTO OS(Hostname, Caption, BuildNumber, Architecture, Description) VALUES('PM-SAFCON004.pa.pref', 'Microsoft Windows 10 Pro', '18362', '64 bits', NULL) ON CONFLICT(Hostname) DO UPDATE SET Hostname = EXCLUDED.Hostname, Caption = EXCLUDED.Caption, BuildNumber = EXCLUDED.BuildNumber, Architecture = EXCLUDED.Architecture, Description = EXCLUDED.Description ;
INSERT INTO Hosts(Hostname) VALUES ('PM-SAFCON004.pa.pref') ON CONFLICT(Hostname) DO UPDATE SET Hostname = EXCLUDED.Hostname ;
INSERT INTO Networking(Hostname, IP, Gateway, Description, Index, DHCP) VALUES ('PM-SAFCON004.pa.pref', '192.168.253.127', '192.168.253.1', 'Realtek PCIe GBE Family Controller', '1', 'True') ON CONFLICT(Hostname) DO UPDATE SET Hostname = EXCLUDED.Hostname, IP = EXCLUDED.IP, Gateway = EXCLUDED.Gateway, Description = EXCLUDED.Description, Index = EXCLUDED.Index, DHCP = EXCLUDED.DHCP ;
INSERT INTO Hosts(Hostname) VALUES ('PM-SSADPGF003.pa.pref') ON CONFLICT(Hostname) DO UPDATE SET Hostname = EXCLUDED.Hostname ;
INSERT INTO CPU(Hostname, Name, Caption, NOC, NOLP)VALUES('PM-SSADPGF003.pa.pref', '12th Gen Intel(R) Core(TM) i3-12100', 'Intel64 Family 6 Model 151 Stepping 5', '4', '8') ON CONFLICT(Hostname) DO UPDATE SET Hostname = EXCLUDED.Hostname, Name = EXCLUDED.Name, Caption = EXCLUDED.Caption, NOC = EXCLUDED.NOC, NOLP = EXCLUDED.NOLP ;
INSERT INTO Hosts(Hostname) VALUES ('PM-SSADPGF003.pa.pref') ON CONFLICT(Hostname) DO UPDATE SET Hostname = EXCLUDED.Hostname ;
INSERT INTO OS(Hostname, Caption, BuildNumber, Architecture, Description) VALUES('PM-SSADPGF003.pa.pref', 'Microsoft Windows 11 Pro', '22621', '64 bits', NULL) ON CONFLICT(Hostname) DO UPDATE SET Hostname = EXCLUDED.Hostname, Caption = EXCLUDED.Caption, BuildNumber = EXCLUDED.BuildNumber, Architecture = EXCLUDED.Architecture, Description = EXCLUDED.Description ;
INSERT INTO Hosts(Hostname) VALUES ('PM-SSADPGF003.pa.pref') ON CONFLICT(Hostname) DO UPDATE SET Hostname = EXCLUDED.Hostname ;
INSERT INTO Networking(Hostname, IP, Gateway, Description, Index, DHCP) VALUES ('PM-SSADPGF003.pa.pref', '192.168.8.199', '192.168.8.1', 'Realtek PCIe GbE Family Controller', '1', 'True') ON CONFLICT(Hostname) DO UPDATE SET Hostname = EXCLUDED.Hostname, IP = EXCLUDED.IP, Gateway = EXCLUDED.Gateway, Description = EXCLUDED.Description, Index = EXCLUDED.Index, DHCP = EXCLUDED.DHCP ;
INSERT INTO Hosts(Hostname) VALUES ('PM-SUPADM025.pa.pref') ON CONFLICT(Hostname) DO UPDATE SET Hostname = EXCLUDED.Hostname ;
INSERT INTO CPU(Hostname, Name, Caption, NOC, NOLP)VALUES('PM-SUPADM025.pa.pref', 'Intel(R) Core(TM) i3-2120 CPU @ 3.30GHz', 'Intel64 Family 6 Model 42 Stepping 7', '2', '4') ON CONFLICT(Hostname) DO UPDATE SET Hostname = EXCLUDED.Hostname, Name = EXCLUDED.Name, Caption = EXCLUDED.Caption, NOC = EXCLUDED.NOC, NOLP = EXCLUDED.NOLP ;
INSERT INTO Hosts(Hostname) VALUES ('PM-SUPADM025.pa.pref') ON CONFLICT(Hostname) DO UPDATE SET Hostname = EXCLUDED.Hostname ;
INSERT INTO OS(Hostname, Caption, BuildNumber, Architecture, Description) VALUES('PM-SUPADM025.pa.pref', 'Microsoft Windows 10 Pro', '19044', '64 bits', 'RECURSOS HUMANOS') ON CONFLICT(Hostname) DO UPDATE SET Hostname = EXCLUDED.Hostname, Caption = EXCLUDED.Caption, BuildNumber = EXCLUDED.BuildNumber, Architecture = EXCLUDED.Architecture, Description = EXCLUDED.Description ;
INSERT INTO Hosts(Hostname) VALUES ('PM-SUPADM025.pa.pref') ON CONFLICT(Hostname) DO UPDATE SET Hostname = EXCLUDED.Hostname ;
INSERT INTO Networking(Hostname, IP, Gateway, Description, Index, DHCP) VALUES ('PM-SUPADM025.pa.pref', '192.168.8.190', '192.168.8.1', 'Realtek PCIe GbE Family Controller', '4', 'True') ON CONFLICT(Hostname) DO UPDATE SET Hostname = EXCLUDED.Hostname, IP = EXCLUDED.IP, Gateway = EXCLUDED.Gateway, Description = EXCLUDED.Description, Index = EXCLUDED.Index, DHCP = EXCLUDED.DHCP ;
INSERT INTO Hosts(Hostname) VALUES ('PM-SSAUS404.pa.pref') ON CONFLICT(Hostname) DO UPDATE SET Hostname = EXCLUDED.Hostname ;
INSERT INTO CPU(Hostname, Name, Caption, NOC, NOLP)VALUES('PM-SSAUS404.pa.pref', '12th Gen Intel(R) Core(TM) i3-12100', 'Intel64 Family 6 Model 151 Stepping 5', '4', '8') ON CONFLICT(Hostname) DO UPDATE SET Hostname = EXCLUDED.Hostname, Name = EXCLUDED.Name, Caption = EXCLUDED.Caption, NOC = EXCLUDED.NOC, NOLP = EXCLUDED.NOLP ;
INSERT INTO Hosts(Hostname) VALUES ('PM-SSAUS404.pa.pref') ON CONFLICT(Hostname) DO UPDATE SET Hostname = EXCLUDED.Hostname ;
INSERT INTO OS(Hostname, Caption, BuildNumber, Architecture, Description) VALUES('PM-SSAUS404.pa.pref', 'Microsoft Windows 11 Pro', '22621', '64 bits', 'PM-SSAUS40004') ON CONFLICT(Hostname) DO UPDATE SET Hostname = EXCLUDED.Hostname, Caption = EXCLUDED.Caption, BuildNumber = EXCLUDED.BuildNumber, Architecture = EXCLUDED.Architecture, Description = EXCLUDED.Description ;
INSERT INTO Hosts(Hostname) VALUES ('PM-SSAUS404.pa.pref') ON CONFLICT(Hostname) DO UPDATE SET Hostname = EXCLUDED.Hostname ;
INSERT INTO Networking(Hostname, IP, Gateway, Description, Index, DHCP) VALUES ('PM-SSAUS404.pa.pref', '192.168.13.232', '192.168.13.1', 'Realtek PCIe GbE Family Controller', '1', 'True') ON CONFLICT(Hostname) DO UPDATE SET Hostname = EXCLUDED.Hostname, IP = EXCLUDED.IP, Gateway = EXCLUDED.Gateway, Description = EXCLUDED.Description, Index = EXCLUDED.Index, DHCP = EXCLUDED.DHCP ;
INSERT INTO Hosts(Hostname) VALUES ('PM-SATFRI066.pa.pref') ON CONFLICT(Hostname) DO UPDATE SET Hostname = EXCLUDED.Hostname ;
INSERT INTO CPU(Hostname, Name, Caption, NOC, NOLP)VALUES('PM-SATFRI066.pa.pref', '12th Gen Intel(R) Core(TM) i3-12100', 'Intel64 Family 6 Model 151 Stepping 5', '4', '8') ON CONFLICT(Hostname) DO UPDATE SET Hostname = EXCLUDED.Hostname, Name = EXCLUDED.Name, Caption = EXCLUDED.Caption, NOC = EXCLUDED.NOC, NOLP = EXCLUDED.NOLP ;
INSERT INTO Hosts(Hostname) VALUES ('PM-SATFRI066.pa.pref') ON CONFLICT(Hostname) DO UPDATE SET Hostname = EXCLUDED.Hostname ;
INSERT INTO OS(Hostname, Caption, BuildNumber, Architecture, Description) VALUES('PM-SATFRI066.pa.pref', 'Microsoft Windows 11 Pro', '22621', '64 bits', NULL) ON CONFLICT(Hostname) DO UPDATE SET Hostname = EXCLUDED.Hostname, Caption = EXCLUDED.Caption, BuildNumber = EXCLUDED.BuildNumber, Architecture = EXCLUDED.Architecture, Description = EXCLUDED.Description ;
INSERT INTO Hosts(Hostname) VALUES ('PM-SATFRI066.pa.pref') ON CONFLICT(Hostname) DO UPDATE SET Hostname = EXCLUDED.Hostname ;
INSERT INTO Networking(Hostname, IP, Gateway, Description, Index, DHCP) VALUES ('PM-SATFRI066.pa.pref', '192.168.253.173', '192.168.253.1', 'Realtek PCIe GbE Family Controller', '1', 'True') ON CONFLICT(Hostname) DO UPDATE SET Hostname = EXCLUDED.Hostname, IP = EXCLUDED.IP, Gateway = EXCLUDED.Gateway, Description = EXCLUDED.Description, Index = EXCLUDED.Index, DHCP = EXCLUDED.DHCP ;
INSERT INTO Hosts(Hostname) VALUES ('PM-SSAREG021.pa.pref') ON CONFLICT(Hostname) DO UPDATE SET Hostname = EXCLUDED.Hostname ;
INSERT INTO CPU(Hostname, Name, Caption, NOC, NOLP)VALUES('PM-SSAREG021.pa.pref', 'Intel(R) Core(TM)2 Duo CPU     E7500  @ 2.93GHz', 'Intel64 Family 6 Model 23 Stepping 10', '2', '2') ON CONFLICT(Hostname) DO UPDATE SET Hostname = EXCLUDED.Hostname, Name = EXCLUDED.Name, Caption = EXCLUDED.Caption, NOC = EXCLUDED.NOC, NOLP = EXCLUDED.NOLP ;
INSERT INTO Hosts(Hostname) VALUES ('PM-SSAREG021.pa.pref') ON CONFLICT(Hostname) DO UPDATE SET Hostname = EXCLUDED.Hostname ;
INSERT INTO OS(Hostname, Caption, BuildNumber, Architecture, Description) VALUES('PM-SSAREG021.pa.pref', 'Microsoft Windows 7 Professional ', '7601', '64-bit', 'Patrimônio 109757') ON CONFLICT(Hostname) DO UPDATE SET Hostname = EXCLUDED.Hostname, Caption = EXCLUDED.Caption, BuildNumber = EXCLUDED.BuildNumber, Architecture = EXCLUDED.Architecture, Description = EXCLUDED.Description ;
INSERT INTO Hosts(Hostname) VALUES ('PM-SSAREG021.pa.pref') ON CONFLICT(Hostname) DO UPDATE SET Hostname = EXCLUDED.Hostname ;
INSERT INTO Networking(Hostname, IP, Gateway, Description, Index, DHCP) VALUES ('PM-SSAREG021.pa.pref', '192.168.11.137', '192.168.11.1', 'Intel(R) 82567V-4 Gigabit Network Connection', '7', 'True') ON CONFLICT(Hostname) DO UPDATE SET Hostname = EXCLUDED.Hostname, IP = EXCLUDED.IP, Gateway = EXCLUDED.Gateway, Description = EXCLUDED.Description, Index = EXCLUDED.Index, DHCP = EXCLUDED.DHCP ;
INSERT INTO Hosts(Hostname) VALUES ('PM-SSAUS12004.pa.pref') ON CONFLICT(Hostname) DO UPDATE SET Hostname = EXCLUDED.Hostname ;
INSERT INTO CPU(Hostname, Name, Caption, NOC, NOLP)VALUES('PM-SSAUS12004.pa.pref', 'AMD A10-9700 RADEON R7, 10 COMPUTE CORES 4C+6G ', 'AMD64 Family 21 Model 101 Stepping 1', '4', '4') ON CONFLICT(Hostname) DO UPDATE SET Hostname = EXCLUDED.Hostname, Name = EXCLUDED.Name, Caption = EXCLUDED.Caption, NOC = EXCLUDED.NOC, NOLP = EXCLUDED.NOLP ;
INSERT INTO Hosts(Hostname) VALUES ('PM-SSAUS12004.pa.pref') ON CONFLICT(Hostname) DO UPDATE SET Hostname = EXCLUDED.Hostname ;
INSERT INTO OS(Hostname, Caption, BuildNumber, Architecture, Description) VALUES('PM-SSAUS12004.pa.pref', 'Microsoft Windows 10 Pro', '19045', '64 bits', 'Patrimônio 142653') ON CONFLICT(Hostname) DO UPDATE SET Hostname = EXCLUDED.Hostname, Caption = EXCLUDED.Caption, BuildNumber = EXCLUDED.BuildNumber, Architecture = EXCLUDED.Architecture, Description = EXCLUDED.Description ;
INSERT INTO Hosts(Hostname) VALUES ('PM-SSAUS12004.pa.pref') ON CONFLICT(Hostname) DO UPDATE SET Hostname = EXCLUDED.Hostname ;
INSERT INTO Networking(Hostname, IP, Gateway, Description, Index, DHCP) VALUES ('PM-SSAUS12004.pa.pref', '192.168.201.220', '192.168.201.1', 'TP-Link Wireless N PCI Express Adapter', '1', 'True') ON CONFLICT(Hostname) DO UPDATE SET Hostname = EXCLUDED.Hostname, IP = EXCLUDED.IP, Gateway = EXCLUDED.Gateway, Description = EXCLUDED.Description, Index = EXCLUDED.Index, DHCP = EXCLUDED.DHCP ;
INSERT INTO Hosts(Hostname) VALUES ('PM-SSAUS31002.pa.pref') ON CONFLICT(Hostname) DO UPDATE SET Hostname = EXCLUDED.Hostname ;
INSERT INTO CPU(Hostname, Name, Caption, NOC, NOLP)VALUES('PM-SSAUS31002.pa.pref', 'Intel(R) Core(TM) i3-2120 CPU @ 3.30GHz', 'Intel64 Family 6 Model 42 Stepping 7', '2', '4') ON CONFLICT(Hostname) DO UPDATE SET Hostname = EXCLUDED.Hostname, Name = EXCLUDED.Name, Caption = EXCLUDED.Caption, NOC = EXCLUDED.NOC, NOLP = EXCLUDED.NOLP ;
INSERT INTO Hosts(Hostname) VALUES ('PM-SSAUS31002.pa.pref') ON CONFLICT(Hostname) DO UPDATE SET Hostname = EXCLUDED.Hostname ;
INSERT INTO OS(Hostname, Caption, BuildNumber, Architecture, Description) VALUES('PM-SSAUS31002.pa.pref', 'Microsoft Windows 7 Professional ', '7601', '64-bit', 'Patrimonio 95575') ON CONFLICT(Hostname) DO UPDATE SET Hostname = EXCLUDED.Hostname, Caption = EXCLUDED.Caption, BuildNumber = EXCLUDED.BuildNumber, Architecture = EXCLUDED.Architecture, Description = EXCLUDED.Description ;
INSERT INTO Hosts(Hostname) VALUES ('PM-SSAUS31002.pa.pref') ON CONFLICT(Hostname) DO UPDATE SET Hostname = EXCLUDED.Hostname ;
INSERT INTO Networking(Hostname, IP, Gateway, Description, Index, DHCP) VALUES ('PM-SSAUS31002.pa.pref', '192.168.124.59', '192.168.124.1', 'Realtek PCIe GBE Family Controller', '7', 'False') ON CONFLICT(Hostname) DO UPDATE SET Hostname = EXCLUDED.Hostname, IP = EXCLUDED.IP, Gateway = EXCLUDED.Gateway, Description = EXCLUDED.Description, Index = EXCLUDED.Index, DHCP = EXCLUDED.DHCP ;
INSERT INTO Hosts(Hostname) VALUES ('PM-SUCBBT010.pa.pref') ON CONFLICT(Hostname) DO UPDATE SET Hostname = EXCLUDED.Hostname ;
INSERT INTO CPU(Hostname, Name, Caption, NOC, NOLP)VALUES('PM-SUCBBT010.pa.pref', 'Intel(R) Core(TM) i3-3220 CPU @ 3.30GHz', 'Intel64 Family 6 Model 58 Stepping 9', '2', '4') ON CONFLICT(Hostname) DO UPDATE SET Hostname = EXCLUDED.Hostname, Name = EXCLUDED.Name, Caption = EXCLUDED.Caption, NOC = EXCLUDED.NOC, NOLP = EXCLUDED.NOLP ;
INSERT INTO Hosts(Hostname) VALUES ('PM-SUCBBT010.pa.pref') ON CONFLICT(Hostname) DO UPDATE SET Hostname = EXCLUDED.Hostname ;
INSERT INTO OS(Hostname, Caption, BuildNumber, Architecture, Description) VALUES('PM-SUCBBT010.pa.pref', 'Microsoft Windows 7 Professional ', '7601', '64-bit', 's/ patrimonio') ON CONFLICT(Hostname) DO UPDATE SET Hostname = EXCLUDED.Hostname, Caption = EXCLUDED.Caption, BuildNumber = EXCLUDED.BuildNumber, Architecture = EXCLUDED.Architecture, Description = EXCLUDED.Description ;
INSERT INTO Hosts(Hostname) VALUES ('PM-SUCBBT010.pa.pref') ON CONFLICT(Hostname) DO UPDATE SET Hostname = EXCLUDED.Hostname ;
INSERT INTO Networking(Hostname, IP, Gateway, Description, Index, DHCP) VALUES ('PM-SUCBBT010.pa.pref', NULL, NULL, NULL, NULL, NULL) ON CONFLICT(Hostname) DO UPDATE SET Hostname = EXCLUDED.Hostname, IP = EXCLUDED.IP, Gateway = EXCLUDED.Gateway, Description = EXCLUDED.Description, Index = EXCLUDED.Index, DHCP = EXCLUDED.DHCP ;
INSERT INTO Hosts(Hostname) VALUES ('PM-SSAUS14017.pa.pref') ON CONFLICT(Hostname) DO UPDATE SET Hostname = EXCLUDED.Hostname ;
INSERT INTO CPU(Hostname, Name, Caption, NOC, NOLP)VALUES('PM-SSAUS14017.pa.pref', NULL, NULL, NULL, NULL) ON CONFLICT(Hostname) DO UPDATE SET Hostname = EXCLUDED.Hostname, Name = EXCLUDED.Name, Caption = EXCLUDED.Caption, NOC = EXCLUDED.NOC, NOLP = EXCLUDED.NOLP ;
INSERT INTO Hosts(Hostname) VALUES ('PM-SSAUS14017.pa.pref') ON CONFLICT(Hostname) DO UPDATE SET Hostname = EXCLUDED.Hostname ;
INSERT INTO OS(Hostname, Caption, BuildNumber, Architecture, Description) VALUES('PM-SSAUS14017.pa.pref', NULL, NULL, NULL, NULL) ON CONFLICT(Hostname) DO UPDATE SET Hostname = EXCLUDED.Hostname, Caption = EXCLUDED.Caption, BuildNumber = EXCLUDED.BuildNumber, Architecture = EXCLUDED.Architecture, Description = EXCLUDED.Description ;
INSERT INTO Hosts(Hostname) VALUES ('PM-SSAUS14017.pa.pref') ON CONFLICT(Hostname) DO UPDATE SET Hostname = EXCLUDED.Hostname ;
INSERT INTO Networking(Hostname, IP, Gateway, Description, Index, DHCP) VALUES ('PM-SSAUS14017.pa.pref', NULL, NULL, NULL, NULL, NULL) ON CONFLICT(Hostname) DO UPDATE SET Hostname = EXCLUDED.Hostname, IP = EXCLUDED.IP, Gateway = EXCLUDED.Gateway, Description = EXCLUDED.Description, Index = EXCLUDED.Index, DHCP = EXCLUDED.DHCP ;
INSERT INTO Hosts(Hostname) VALUES ('PM-GABCAN002.pa.pref') ON CONFLICT(Hostname) DO UPDATE SET Hostname = EXCLUDED.Hostname ;
INSERT INTO CPU(Hostname, Name, Caption, NOC, NOLP)VALUES('PM-GABCAN002.pa.pref', 'Intel(R) Core(TM) i3-7100 CPU @ 3.90GHz', 'Intel64 Family 6 Model 158 Stepping 9', '2', '4') ON CONFLICT(Hostname) DO UPDATE SET Hostname = EXCLUDED.Hostname, Name = EXCLUDED.Name, Caption = EXCLUDED.Caption, NOC = EXCLUDED.NOC, NOLP = EXCLUDED.NOLP ;
INSERT INTO Hosts(Hostname) VALUES ('PM-GABCAN002.pa.pref') ON CONFLICT(Hostname) DO UPDATE SET Hostname = EXCLUDED.Hostname ;
INSERT INTO OS(Hostname, Caption, BuildNumber, Architecture, Description) VALUES('PM-GABCAN002.pa.pref', 'Microsoft Windows 10 Pro', '19045', '64 bits', 'Patrimonio 132189') ON CONFLICT(Hostname) DO UPDATE SET Hostname = EXCLUDED.Hostname, Caption = EXCLUDED.Caption, BuildNumber = EXCLUDED.BuildNumber, Architecture = EXCLUDED.Architecture, Description = EXCLUDED.Description ;
INSERT INTO Hosts(Hostname) VALUES ('PM-GABCAN002.pa.pref') ON CONFLICT(Hostname) DO UPDATE SET Hostname = EXCLUDED.Hostname ;
INSERT INTO Networking(Hostname, IP, Gateway, Description, Index, DHCP) VALUES ('PM-GABCAN002.pa.pref', '192.168.125.252', '192.168.125.1', 'Realtek PCIe GBE Family Controller', '1', 'True') ON CONFLICT(Hostname) DO UPDATE SET Hostname = EXCLUDED.Hostname, IP = EXCLUDED.IP, Gateway = EXCLUDED.Gateway, Description = EXCLUDED.Description, Index = EXCLUDED.Index, DHCP = EXCLUDED.DHCP ;
INSERT INTO Hosts(Hostname) VALUES ('PM-184481.pa.pref') ON CONFLICT(Hostname) DO UPDATE SET Hostname = EXCLUDED.Hostname ;
INSERT INTO CPU(Hostname, Name, Caption, NOC, NOLP)VALUES('PM-184481.pa.pref', '12th Gen Intel(R) Core(TM) i3-12100', 'Intel64 Family 6 Model 151 Stepping 5', '4', '8') ON CONFLICT(Hostname) DO UPDATE SET Hostname = EXCLUDED.Hostname, Name = EXCLUDED.Name, Caption = EXCLUDED.Caption, NOC = EXCLUDED.NOC, NOLP = EXCLUDED.NOLP ;
INSERT INTO Hosts(Hostname) VALUES ('PM-184481.pa.pref') ON CONFLICT(Hostname) DO UPDATE SET Hostname = EXCLUDED.Hostname ;
INSERT INTO OS(Hostname, Caption, BuildNumber, Architecture, Description) VALUES('PM-184481.pa.pref', 'Microsoft Windows 11 Pro', '22621', '64 bits', 'PM-184481') ON CONFLICT(Hostname) DO UPDATE SET Hostname = EXCLUDED.Hostname, Caption = EXCLUDED.Caption, BuildNumber = EXCLUDED.BuildNumber, Architecture = EXCLUDED.Architecture, Description = EXCLUDED.Description ;
INSERT INTO Hosts(Hostname) VALUES ('PM-184481.pa.pref') ON CONFLICT(Hostname) DO UPDATE SET Hostname = EXCLUDED.Hostname ;
INSERT INTO Networking(Hostname, IP, Gateway, Description, Index, DHCP) VALUES ('PM-184481.pa.pref', '192.168.176.82', '192.168.176.1', 'Realtek PCIe GbE Family Controller', '1', 'True') ON CONFLICT(Hostname) DO UPDATE SET Hostname = EXCLUDED.Hostname, IP = EXCLUDED.IP, Gateway = EXCLUDED.Gateway, Description = EXCLUDED.Description, Index = EXCLUDED.Index, DHCP = EXCLUDED.DHCP ;
INSERT INTO Hosts(Hostname) VALUES ('PM-SSAUS2402.pa.pref') ON CONFLICT(Hostname) DO UPDATE SET Hostname = EXCLUDED.Hostname ;
INSERT INTO CPU(Hostname, Name, Caption, NOC, NOLP)VALUES('PM-SSAUS2402.pa.pref', 'AMD Athlon(tm) Dual Core Processor 5000B', 'AMD64 Family 15 Model 107 Stepping 2', '2', '2') ON CONFLICT(Hostname) DO UPDATE SET Hostname = EXCLUDED.Hostname, Name = EXCLUDED.Name, Caption = EXCLUDED.Caption, NOC = EXCLUDED.NOC, NOLP = EXCLUDED.NOLP ;
INSERT INTO Hosts(Hostname) VALUES ('PM-SSAUS2402.pa.pref') ON CONFLICT(Hostname) DO UPDATE SET Hostname = EXCLUDED.Hostname ;
INSERT INTO OS(Hostname, Caption, BuildNumber, Architecture, Description) VALUES('PM-SSAUS2402.pa.pref', 'Microsoft Windows 10 Pro', '19045', '64 bits', NULL) ON CONFLICT(Hostname) DO UPDATE SET Hostname = EXCLUDED.Hostname, Caption = EXCLUDED.Caption, BuildNumber = EXCLUDED.BuildNumber, Architecture = EXCLUDED.Architecture, Description = EXCLUDED.Description ;
INSERT INTO Hosts(Hostname) VALUES ('PM-SSAUS2402.pa.pref') ON CONFLICT(Hostname) DO UPDATE SET Hostname = EXCLUDED.Hostname ;
INSERT INTO Networking(Hostname, IP, Gateway, Description, Index, DHCP) VALUES ('PM-SSAUS2402.pa.pref', '192.168.32.122', '192.168.32.1', 'Broadcom NetXtreme Gigabit Ethernet', '1', 'True') ON CONFLICT(Hostname) DO UPDATE SET Hostname = EXCLUDED.Hostname, IP = EXCLUDED.IP, Gateway = EXCLUDED.Gateway, Description = EXCLUDED.Description, Index = EXCLUDED.Index, DHCP = EXCLUDED.DHCP ;
INSERT INTO Hosts(Hostname) VALUES ('PM-SECMTR011.pa.pref') ON CONFLICT(Hostname) DO UPDATE SET Hostname = EXCLUDED.Hostname ;
INSERT INTO CPU(Hostname, Name, Caption, NOC, NOLP)VALUES('PM-SECMTR011.pa.pref', 'Intel(R) Core(TM) i3-2120 CPU @ 3.30GHz', 'Intel64 Family 6 Model 42 Stepping 7', '2', '4') ON CONFLICT(Hostname) DO UPDATE SET Hostname = EXCLUDED.Hostname, Name = EXCLUDED.Name, Caption = EXCLUDED.Caption, NOC = EXCLUDED.NOC, NOLP = EXCLUDED.NOLP ;
INSERT INTO Hosts(Hostname) VALUES ('PM-SECMTR011.pa.pref') ON CONFLICT(Hostname) DO UPDATE SET Hostname = EXCLUDED.Hostname ;
INSERT INTO OS(Hostname, Caption, BuildNumber, Architecture, Description) VALUES('PM-SECMTR011.pa.pref', 'Microsoft Windows 10 Pro', '19044', '64 bits', 'P-183475 A-677877027') ON CONFLICT(Hostname) DO UPDATE SET Hostname = EXCLUDED.Hostname, Caption = EXCLUDED.Caption, BuildNumber = EXCLUDED.BuildNumber, Architecture = EXCLUDED.Architecture, Description = EXCLUDED.Description ;
INSERT INTO Hosts(Hostname) VALUES ('PM-SECMTR011.pa.pref') ON CONFLICT(Hostname) DO UPDATE SET Hostname = EXCLUDED.Hostname ;
INSERT INTO Networking(Hostname, IP, Gateway, Description, Index, DHCP) VALUES ('PM-SECMTR011.pa.pref', '192.168.9.201', '192.168.9.1', 'Realtek PCIe GbE Family Controller', '1', 'True') ON CONFLICT(Hostname) DO UPDATE SET Hostname = EXCLUDED.Hostname, IP = EXCLUDED.IP, Gateway = EXCLUDED.Gateway, Description = EXCLUDED.Description, Index = EXCLUDED.Index, DHCP = EXCLUDED.DHCP ;
INSERT INTO Hosts(Hostname) VALUES ('PM-SSAUS0404007.pa.pref') ON CONFLICT(Hostname) DO UPDATE SET Hostname = EXCLUDED.Hostname ;
INSERT INTO CPU(Hostname, Name, Caption, NOC, NOLP)VALUES('PM-SSAUS0404007.pa.pref', 'Intel(R) Core(TM) i5-3470 CPU @ 3.20GHz', 'Intel64 Family 6 Model 58 Stepping 9', '4', '4') ON CONFLICT(Hostname) DO UPDATE SET Hostname = EXCLUDED.Hostname, Name = EXCLUDED.Name, Caption = EXCLUDED.Caption, NOC = EXCLUDED.NOC, NOLP = EXCLUDED.NOLP ;
INSERT INTO Hosts(Hostname) VALUES ('PM-SSAUS0404007.pa.pref') ON CONFLICT(Hostname) DO UPDATE SET Hostname = EXCLUDED.Hostname ;
INSERT INTO OS(Hostname, Caption, BuildNumber, Architecture, Description) VALUES('PM-SSAUS0404007.pa.pref', 'Microsoft Windows 7 Professional ', '7601', '64-bit', 'Patrimonio 92866') ON CONFLICT(Hostname) DO UPDATE SET Hostname = EXCLUDED.Hostname, Caption = EXCLUDED.Caption, BuildNumber = EXCLUDED.BuildNumber, Architecture = EXCLUDED.Architecture, Description = EXCLUDED.Description ;
INSERT INTO Hosts(Hostname) VALUES ('PM-SSAUS0404007.pa.pref') ON CONFLICT(Hostname) DO UPDATE SET Hostname = EXCLUDED.Hostname ;
INSERT INTO Networking(Hostname, IP, Gateway, Description, Index, DHCP) VALUES ('PM-SSAUS0404007.pa.pref', '192.168.137.114', '192.168.137.1', 'Intel(R) 82579LM Gigabit Network Connection', '7', 'True') ON CONFLICT(Hostname) DO UPDATE SET Hostname = EXCLUDED.Hostname, IP = EXCLUDED.IP, Gateway = EXCLUDED.Gateway, Description = EXCLUDED.Description, Index = EXCLUDED.Index, DHCP = EXCLUDED.DHCP ;
INSERT INTO Hosts(Hostname) VALUES ('PM-STTADM013.pa.pref') ON CONFLICT(Hostname) DO UPDATE SET Hostname = EXCLUDED.Hostname ;
INSERT INTO CPU(Hostname, Name, Caption, NOC, NOLP)VALUES('PM-STTADM013.pa.pref', 'Intel(R) Core(TM)2 Duo CPU     E7500  @ 2.93GHz', 'Intel64 Family 6 Model 23 Stepping 10', '2', '2') ON CONFLICT(Hostname) DO UPDATE SET Hostname = EXCLUDED.Hostname, Name = EXCLUDED.Name, Caption = EXCLUDED.Caption, NOC = EXCLUDED.NOC, NOLP = EXCLUDED.NOLP ;
INSERT INTO Hosts(Hostname) VALUES ('PM-STTADM013.pa.pref') ON CONFLICT(Hostname) DO UPDATE SET Hostname = EXCLUDED.Hostname ;
INSERT INTO OS(Hostname, Caption, BuildNumber, Architecture, Description) VALUES('PM-STTADM013.pa.pref', 'Microsoft Windows 7 Professional ', '7601', '64-bit', 'Patrimônio 101836') ON CONFLICT(Hostname) DO UPDATE SET Hostname = EXCLUDED.Hostname, Caption = EXCLUDED.Caption, BuildNumber = EXCLUDED.BuildNumber, Architecture = EXCLUDED.Architecture, Description = EXCLUDED.Description ;
INSERT INTO Hosts(Hostname) VALUES ('PM-STTADM013.pa.pref') ON CONFLICT(Hostname) DO UPDATE SET Hostname = EXCLUDED.Hostname ;
INSERT INTO Networking(Hostname, IP, Gateway, Description, Index, DHCP) VALUES ('PM-STTADM013.pa.pref', '192.168.10.169', '192.168.10.1', 'Intel(R) 82567V-4 Gigabit Network Connection', '7', 'True') ON CONFLICT(Hostname) DO UPDATE SET Hostname = EXCLUDED.Hostname, IP = EXCLUDED.IP, Gateway = EXCLUDED.Gateway, Description = EXCLUDED.Description, Index = EXCLUDED.Index, DHCP = EXCLUDED.DHCP ;
INSERT INTO Hosts(Hostname) VALUES ('PM-SSAHPMINI026.pa.pref') ON CONFLICT(Hostname) DO UPDATE SET Hostname = EXCLUDED.Hostname ;
INSERT INTO CPU(Hostname, Name, Caption, NOC, NOLP)VALUES('PM-SSAHPMINI026.pa.pref', 'AMD Ryzen 3 PRO 4350GE with Radeon Graphics', 'AMD64 Family 23 Model 96 Stepping 1', '4', '8') ON CONFLICT(Hostname) DO UPDATE SET Hostname = EXCLUDED.Hostname, Name = EXCLUDED.Name, Caption = EXCLUDED.Caption, NOC = EXCLUDED.NOC, NOLP = EXCLUDED.NOLP ;
INSERT INTO Hosts(Hostname) VALUES ('PM-SSAHPMINI026.pa.pref') ON CONFLICT(Hostname) DO UPDATE SET Hostname = EXCLUDED.Hostname ;
INSERT INTO OS(Hostname, Caption, BuildNumber, Architecture, Description) VALUES('PM-SSAHPMINI026.pa.pref', 'Microsoft Windows 10 Pro', '19045', '64 bits', 'P-169080 A-614618811') ON CONFLICT(Hostname) DO UPDATE SET Hostname = EXCLUDED.Hostname, Caption = EXCLUDED.Caption, BuildNumber = EXCLUDED.BuildNumber, Architecture = EXCLUDED.Architecture, Description = EXCLUDED.Description ;
INSERT INTO Hosts(Hostname) VALUES ('PM-SSAHPMINI026.pa.pref') ON CONFLICT(Hostname) DO UPDATE SET Hostname = EXCLUDED.Hostname ;
INSERT INTO Networking(Hostname, IP, Gateway, Description, Index, DHCP) VALUES ('PM-SSAHPMINI026.pa.pref', '192.168.11.106', '192.168.11.1', 'Realtek PCIe GbE Family Controller', '1', 'True') ON CONFLICT(Hostname) DO UPDATE SET Hostname = EXCLUDED.Hostname, IP = EXCLUDED.IP, Gateway = EXCLUDED.Gateway, Description = EXCLUDED.Description, Index = EXCLUDED.Index, DHCP = EXCLUDED.DHCP ;
INSERT INTO Hosts(Hostname) VALUES ('PM-ASCADM020.pa.pref') ON CONFLICT(Hostname) DO UPDATE SET Hostname = EXCLUDED.Hostname ;
INSERT INTO CPU(Hostname, Name, Caption, NOC, NOLP)VALUES('PM-ASCADM020.pa.pref', '12th Gen Intel(R) Core(TM) i3-12100', 'Intel64 Family 6 Model 151 Stepping 5', '4', '8') ON CONFLICT(Hostname) DO UPDATE SET Hostname = EXCLUDED.Hostname, Name = EXCLUDED.Name, Caption = EXCLUDED.Caption, NOC = EXCLUDED.NOC, NOLP = EXCLUDED.NOLP ;
INSERT INTO Hosts(Hostname) VALUES ('PM-ASCADM020.pa.pref') ON CONFLICT(Hostname) DO UPDATE SET Hostname = EXCLUDED.Hostname ;
INSERT INTO OS(Hostname, Caption, BuildNumber, Architecture, Description) VALUES('PM-ASCADM020.pa.pref', 'Microsoft Windows 11 Pro', '22621', '64 bits', 'P-sempatrimonio A-341686453') ON CONFLICT(Hostname) DO UPDATE SET Hostname = EXCLUDED.Hostname, Caption = EXCLUDED.Caption, BuildNumber = EXCLUDED.BuildNumber, Architecture = EXCLUDED.Architecture, Description = EXCLUDED.Description ;
INSERT INTO Hosts(Hostname) VALUES ('PM-ASCADM020.pa.pref') ON CONFLICT(Hostname) DO UPDATE SET Hostname = EXCLUDED.Hostname ;
INSERT INTO Networking(Hostname, IP, Gateway, Description, Index, DHCP) VALUES ('PM-ASCADM020.pa.pref', '192.168.8.106', '192.168.8.1', 'Realtek PCIe GbE Family Controller', '1', 'True') ON CONFLICT(Hostname) DO UPDATE SET Hostname = EXCLUDED.Hostname, IP = EXCLUDED.IP, Gateway = EXCLUDED.Gateway, Description = EXCLUDED.Description, Index = EXCLUDED.Index, DHCP = EXCLUDED.DHCP ;
INSERT INTO Hosts(Hostname) VALUES ('PM-SECED23047.pa.pref') ON CONFLICT(Hostname) DO UPDATE SET Hostname = EXCLUDED.Hostname ;
INSERT INTO CPU(Hostname, Name, Caption, NOC, NOLP)VALUES('PM-SECED23047.pa.pref', 'Intel(R) Core(TM) i3-10100 CPU @ 3.60GHz', 'Intel64 Family 6 Model 165 Stepping 3', '4', '8') ON CONFLICT(Hostname) DO UPDATE SET Hostname = EXCLUDED.Hostname, Name = EXCLUDED.Name, Caption = EXCLUDED.Caption, NOC = EXCLUDED.NOC, NOLP = EXCLUDED.NOLP ;
INSERT INTO Hosts(Hostname) VALUES ('PM-SECED23047.pa.pref') ON CONFLICT(Hostname) DO UPDATE SET Hostname = EXCLUDED.Hostname ;
INSERT INTO OS(Hostname, Caption, BuildNumber, Architecture, Description) VALUES('PM-SECED23047.pa.pref', 'Microsoft Windows 10 Pro', '19045', '64 bits', 'R//63 468 383 P//174698') ON CONFLICT(Hostname) DO UPDATE SET Hostname = EXCLUDED.Hostname, Caption = EXCLUDED.Caption, BuildNumber = EXCLUDED.BuildNumber, Architecture = EXCLUDED.Architecture, Description = EXCLUDED.Description ;
INSERT INTO Hosts(Hostname) VALUES ('PM-SECED23047.pa.pref') ON CONFLICT(Hostname) DO UPDATE SET Hostname = EXCLUDED.Hostname ;
INSERT INTO Networking(Hostname, IP, Gateway, Description, Index, DHCP) VALUES ('PM-SECED23047.pa.pref', '192.168.80.128', '192.168.80.1', 'Realtek PCIe GbE Family Controller', '1', 'True') ON CONFLICT(Hostname) DO UPDATE SET Hostname = EXCLUDED.Hostname, IP = EXCLUDED.IP, Gateway = EXCLUDED.Gateway, Description = EXCLUDED.Description, Index = EXCLUDED.Index, DHCP = EXCLUDED.DHCP ;
INSERT INTO Hosts(Hostname) VALUES ('PM-SSAHPMINI034.pa.pref') ON CONFLICT(Hostname) DO UPDATE SET Hostname = EXCLUDED.Hostname ;
INSERT INTO CPU(Hostname, Name, Caption, NOC, NOLP)VALUES('PM-SSAHPMINI034.pa.pref', 'AMD Ryzen 3 PRO 4350GE with Radeon Graphics', 'AMD64 Family 23 Model 96 Stepping 1', '4', '8') ON CONFLICT(Hostname) DO UPDATE SET Hostname = EXCLUDED.Hostname, Name = EXCLUDED.Name, Caption = EXCLUDED.Caption, NOC = EXCLUDED.NOC, NOLP = EXCLUDED.NOLP ;
INSERT INTO Hosts(Hostname) VALUES ('PM-SSAHPMINI034.pa.pref') ON CONFLICT(Hostname) DO UPDATE SET Hostname = EXCLUDED.Hostname ;
INSERT INTO OS(Hostname, Caption, BuildNumber, Architecture, Description) VALUES('PM-SSAHPMINI034.pa.pref', 'Microsoft Windows 10 Pro', '19044', '64 bits', 'P-169091 A-521665358') ON CONFLICT(Hostname) DO UPDATE SET Hostname = EXCLUDED.Hostname, Caption = EXCLUDED.Caption, BuildNumber = EXCLUDED.BuildNumber, Architecture = EXCLUDED.Architecture, Description = EXCLUDED.Description ;
INSERT INTO Hosts(Hostname) VALUES ('PM-SSAHPMINI034.pa.pref') ON CONFLICT(Hostname) DO UPDATE SET Hostname = EXCLUDED.Hostname ;
INSERT INTO Networking(Hostname, IP, Gateway, Description, Index, DHCP) VALUES ('PM-SSAHPMINI034.pa.pref', '192.168.11.231', '192.168.11.1', 'Realtek PCIe GbE Family Controller', '1', 'True') ON CONFLICT(Hostname) DO UPDATE SET Hostname = EXCLUDED.Hostname, IP = EXCLUDED.IP, Gateway = EXCLUDED.Gateway, Description = EXCLUDED.Description, Index = EXCLUDED.Index, DHCP = EXCLUDED.DHCP ;
INSERT INTO Hosts(Hostname) VALUES ('PM-SIOADM026.pa.pref') ON CONFLICT(Hostname) DO UPDATE SET Hostname = EXCLUDED.Hostname ;
INSERT INTO CPU(Hostname, Name, Caption, NOC, NOLP)VALUES('PM-SIOADM026.pa.pref', 'Intel(R) Core(TM) i3-10100 CPU @ 3.60GHz', 'Intel64 Family 6 Model 165 Stepping 3', '4', '8') ON CONFLICT(Hostname) DO UPDATE SET Hostname = EXCLUDED.Hostname, Name = EXCLUDED.Name, Caption = EXCLUDED.Caption, NOC = EXCLUDED.NOC, NOLP = EXCLUDED.NOLP ;
INSERT INTO Hosts(Hostname) VALUES ('PM-SIOADM026.pa.pref') ON CONFLICT(Hostname) DO UPDATE SET Hostname = EXCLUDED.Hostname ;
INSERT INTO OS(Hostname, Caption, BuildNumber, Architecture, Description) VALUES('PM-SIOADM026.pa.pref', 'Microsoft Windows 10 Pro', '19045', '64 bits', 'P-174497 A-521266817') ON CONFLICT(Hostname) DO UPDATE SET Hostname = EXCLUDED.Hostname, Caption = EXCLUDED.Caption, BuildNumber = EXCLUDED.BuildNumber, Architecture = EXCLUDED.Architecture, Description = EXCLUDED.Description ;
INSERT INTO Hosts(Hostname) VALUES ('PM-SIOADM026.pa.pref') ON CONFLICT(Hostname) DO UPDATE SET Hostname = EXCLUDED.Hostname ;
INSERT INTO Networking(Hostname, IP, Gateway, Description, Index, DHCP) VALUES ('PM-SIOADM026.pa.pref', '192.168.10.70', '192.168.10.1', 'Realtek PCIe GbE Family Controller', '1', 'True') ON CONFLICT(Hostname) DO UPDATE SET Hostname = EXCLUDED.Hostname, IP = EXCLUDED.IP, Gateway = EXCLUDED.Gateway, Description = EXCLUDED.Description, Index = EXCLUDED.Index, DHCP = EXCLUDED.DHCP ;
INSERT INTO Hosts(Hostname) VALUES ('PM-SPMAPJ010.pa.pref') ON CONFLICT(Hostname) DO UPDATE SET Hostname = EXCLUDED.Hostname ;
INSERT INTO CPU(Hostname, Name, Caption, NOC, NOLP)VALUES('PM-SPMAPJ010.pa.pref', 'Intel(R) Core(TM) i3-10100 CPU @ 3.60GHz', 'Intel64 Family 6 Model 165 Stepping 3', '4', '8') ON CONFLICT(Hostname) DO UPDATE SET Hostname = EXCLUDED.Hostname, Name = EXCLUDED.Name, Caption = EXCLUDED.Caption, NOC = EXCLUDED.NOC, NOLP = EXCLUDED.NOLP ;
INSERT INTO Hosts(Hostname) VALUES ('PM-SPMAPJ010.pa.pref') ON CONFLICT(Hostname) DO UPDATE SET Hostname = EXCLUDED.Hostname ;
INSERT INTO OS(Hostname, Caption, BuildNumber, Architecture, Description) VALUES('PM-SPMAPJ010.pa.pref', 'Microsoft Windows 10 Pro', '19044', '64 bits', 'P-174746 A-716722752') ON CONFLICT(Hostname) DO UPDATE SET Hostname = EXCLUDED.Hostname, Caption = EXCLUDED.Caption, BuildNumber = EXCLUDED.BuildNumber, Architecture = EXCLUDED.Architecture, Description = EXCLUDED.Description ;
INSERT INTO Hosts(Hostname) VALUES ('PM-SPMAPJ010.pa.pref') ON CONFLICT(Hostname) DO UPDATE SET Hostname = EXCLUDED.Hostname ;
INSERT INTO Networking(Hostname, IP, Gateway, Description, Index, DHCP) VALUES ('PM-SPMAPJ010.pa.pref', '192.168.223.247', '192.168.223.1', 'Realtek PCIe GbE Family Controller', '1', 'True') ON CONFLICT(Hostname) DO UPDATE SET Hostname = EXCLUDED.Hostname, IP = EXCLUDED.IP, Gateway = EXCLUDED.Gateway, Description = EXCLUDED.Description, Index = EXCLUDED.Index, DHCP = EXCLUDED.DHCP ;
INSERT INTO Hosts(Hostname) VALUES ('PM-SIOGAR008.pa.pref') ON CONFLICT(Hostname) DO UPDATE SET Hostname = EXCLUDED.Hostname ;
INSERT INTO CPU(Hostname, Name, Caption, NOC, NOLP)VALUES('PM-SIOGAR008.pa.pref', 'AMD Athlon(tm) Dual Core Processor 5000B', 'AMD64 Family 15 Model 107 Stepping 2', '2', '2') ON CONFLICT(Hostname) DO UPDATE SET Hostname = EXCLUDED.Hostname, Name = EXCLUDED.Name, Caption = EXCLUDED.Caption, NOC = EXCLUDED.NOC, NOLP = EXCLUDED.NOLP ;
INSERT INTO Hosts(Hostname) VALUES ('PM-SIOGAR008.pa.pref') ON CONFLICT(Hostname) DO UPDATE SET Hostname = EXCLUDED.Hostname ;
INSERT INTO OS(Hostname, Caption, BuildNumber, Architecture, Description) VALUES('PM-SIOGAR008.pa.pref', 'Microsoft Windows 10 Pro', '19045', '64 bits', 'P-85697 A-176421930') ON CONFLICT(Hostname) DO UPDATE SET Hostname = EXCLUDED.Hostname, Caption = EXCLUDED.Caption, BuildNumber = EXCLUDED.BuildNumber, Architecture = EXCLUDED.Architecture, Description = EXCLUDED.Description ;
INSERT INTO Hosts(Hostname) VALUES ('PM-SIOGAR008.pa.pref') ON CONFLICT(Hostname) DO UPDATE SET Hostname = EXCLUDED.Hostname ;
INSERT INTO Networking(Hostname, IP, Gateway, Description, Index, DHCP) VALUES ('PM-SIOGAR008.pa.pref', '192.168.230.179', '192.168.230.1', 'Broadcom NetXtreme Gigabit Ethernet', '1', 'True') ON CONFLICT(Hostname) DO UPDATE SET Hostname = EXCLUDED.Hostname, IP = EXCLUDED.IP, Gateway = EXCLUDED.Gateway, Description = EXCLUDED.Description, Index = EXCLUDED.Index, DHCP = EXCLUDED.DHCP ;
INSERT INTO Hosts(Hostname) VALUES ('PM-SECED080010.pa.pref') ON CONFLICT(Hostname) DO UPDATE SET Hostname = EXCLUDED.Hostname ;
INSERT INTO CPU(Hostname, Name, Caption, NOC, NOLP)VALUES('PM-SECED080010.pa.pref', 'Intel(R) Core(TM) i3 CPU         550  @ 3.20GHz', 'Intel64 Family 6 Model 37 Stepping 5', '2', '4') ON CONFLICT(Hostname) DO UPDATE SET Hostname = EXCLUDED.Hostname, Name = EXCLUDED.Name, Caption = EXCLUDED.Caption, NOC = EXCLUDED.NOC, NOLP = EXCLUDED.NOLP ;
INSERT INTO Hosts(Hostname) VALUES ('PM-SECED080010.pa.pref') ON CONFLICT(Hostname) DO UPDATE SET Hostname = EXCLUDED.Hostname ;
INSERT INTO OS(Hostname, Caption, BuildNumber, Architecture, Description) VALUES('PM-SECED080010.pa.pref', 'Microsoft Windows 10 Pro', '19045', '64 bits', 'S/P A-626336476') ON CONFLICT(Hostname) DO UPDATE SET Hostname = EXCLUDED.Hostname, Caption = EXCLUDED.Caption, BuildNumber = EXCLUDED.BuildNumber, Architecture = EXCLUDED.Architecture, Description = EXCLUDED.Description ;
INSERT INTO Hosts(Hostname) VALUES ('PM-SECED080010.pa.pref') ON CONFLICT(Hostname) DO UPDATE SET Hostname = EXCLUDED.Hostname ;
INSERT INTO Networking(Hostname, IP, Gateway, Description, Index, DHCP) VALUES ('PM-SECED080010.pa.pref', '192.168.81.225', '192.168.81.1', 'Realtek PCIe FE Family Controller', '1', 'True') ON CONFLICT(Hostname) DO UPDATE SET Hostname = EXCLUDED.Hostname, IP = EXCLUDED.IP, Gateway = EXCLUDED.Gateway, Description = EXCLUDED.Description, Index = EXCLUDED.Index, DHCP = EXCLUDED.DHCP ;
INSERT INTO Hosts(Hostname) VALUES ('PM-SSAUS23009.pa.pref') ON CONFLICT(Hostname) DO UPDATE SET Hostname = EXCLUDED.Hostname ;
INSERT INTO CPU(Hostname, Name, Caption, NOC, NOLP)VALUES('PM-SSAUS23009.pa.pref', 'AMD A10-9700 RADEON R7, 10 COMPUTE CORES 4C+6G ', 'AMD64 Family 21 Model 101 Stepping 1', '4', '4') ON CONFLICT(Hostname) DO UPDATE SET Hostname = EXCLUDED.Hostname, Name = EXCLUDED.Name, Caption = EXCLUDED.Caption, NOC = EXCLUDED.NOC, NOLP = EXCLUDED.NOLP ;
INSERT INTO Hosts(Hostname) VALUES ('PM-SSAUS23009.pa.pref') ON CONFLICT(Hostname) DO UPDATE SET Hostname = EXCLUDED.Hostname ;
INSERT INTO OS(Hostname, Caption, BuildNumber, Architecture, Description) VALUES('PM-SSAUS23009.pa.pref', 'Microsoft Windows 10 Pro', '19045', '64 bits', NULL) ON CONFLICT(Hostname) DO UPDATE SET Hostname = EXCLUDED.Hostname, Caption = EXCLUDED.Caption, BuildNumber = EXCLUDED.BuildNumber, Architecture = EXCLUDED.Architecture, Description = EXCLUDED.Description ;
INSERT INTO Hosts(Hostname) VALUES ('PM-SSAUS23009.pa.pref') ON CONFLICT(Hostname) DO UPDATE SET Hostname = EXCLUDED.Hostname ;
INSERT INTO Networking(Hostname, IP, Gateway, Description, Index, DHCP) VALUES ('PM-SSAUS23009.pa.pref', '192.168.176.83', '192.168.176.1', 'Realtek PCIe GBE Family Controller', '2', 'True') ON CONFLICT(Hostname) DO UPDATE SET Hostname = EXCLUDED.Hostname, IP = EXCLUDED.IP, Gateway = EXCLUDED.Gateway, Description = EXCLUDED.Description, Index = EXCLUDED.Index, DHCP = EXCLUDED.DHCP ;
INSERT INTO Hosts(Hostname) VALUES ('PM-SSAHPMINI090.pa.pref') ON CONFLICT(Hostname) DO UPDATE SET Hostname = EXCLUDED.Hostname ;
INSERT INTO CPU(Hostname, Name, Caption, NOC, NOLP)VALUES('PM-SSAHPMINI090.pa.pref', 'AMD Ryzen 3 PRO 4350GE with Radeon Graphics', 'AMD64 Family 23 Model 96 Stepping 1', '4', '8') ON CONFLICT(Hostname) DO UPDATE SET Hostname = EXCLUDED.Hostname, Name = EXCLUDED.Name, Caption = EXCLUDED.Caption, NOC = EXCLUDED.NOC, NOLP = EXCLUDED.NOLP ;
INSERT INTO Hosts(Hostname) VALUES ('PM-SSAHPMINI090.pa.pref') ON CONFLICT(Hostname) DO UPDATE SET Hostname = EXCLUDED.Hostname ;
INSERT INTO OS(Hostname, Caption, BuildNumber, Architecture, Description) VALUES('PM-SSAHPMINI090.pa.pref', 'Microsoft Windows 10 Pro', '19045', '64 bits', 'P-169042 A-980074612') ON CONFLICT(Hostname) DO UPDATE SET Hostname = EXCLUDED.Hostname, Caption = EXCLUDED.Caption, BuildNumber = EXCLUDED.BuildNumber, Architecture = EXCLUDED.Architecture, Description = EXCLUDED.Description ;
INSERT INTO Hosts(Hostname) VALUES ('PM-SSAHPMINI090.pa.pref') ON CONFLICT(Hostname) DO UPDATE SET Hostname = EXCLUDED.Hostname ;
INSERT INTO Networking(Hostname, IP, Gateway, Description, Index, DHCP) VALUES ('PM-SSAHPMINI090.pa.pref', '192.168.11.121', '192.168.11.1', 'Realtek PCIe GbE Family Controller', '1', 'True') ON CONFLICT(Hostname) DO UPDATE SET Hostname = EXCLUDED.Hostname, IP = EXCLUDED.IP, Gateway = EXCLUDED.Gateway, Description = EXCLUDED.Description, Index = EXCLUDED.Index, DHCP = EXCLUDED.DHCP ;
INSERT INTO Hosts(Hostname) VALUES ('PM-SECED33022.pa.pref') ON CONFLICT(Hostname) DO UPDATE SET Hostname = EXCLUDED.Hostname ;
INSERT INTO CPU(Hostname, Name, Caption, NOC, NOLP)VALUES('PM-SECED33022.pa.pref', 'Intel(R) Core(TM) i3-10100 CPU @ 3.60GHz', 'Intel64 Family 6 Model 165 Stepping 3', '4', '8') ON CONFLICT(Hostname) DO UPDATE SET Hostname = EXCLUDED.Hostname, Name = EXCLUDED.Name, Caption = EXCLUDED.Caption, NOC = EXCLUDED.NOC, NOLP = EXCLUDED.NOLP ;
INSERT INTO Hosts(Hostname) VALUES ('PM-SECED33022.pa.pref') ON CONFLICT(Hostname) DO UPDATE SET Hostname = EXCLUDED.Hostname ;
INSERT INTO OS(Hostname, Caption, BuildNumber, Architecture, Description) VALUES('PM-SECED33022.pa.pref', 'Microsoft Windows 10 Pro', '19044', '64 bits', 'P-174584 A-926021554') ON CONFLICT(Hostname) DO UPDATE SET Hostname = EXCLUDED.Hostname, Caption = EXCLUDED.Caption, BuildNumber = EXCLUDED.BuildNumber, Architecture = EXCLUDED.Architecture, Description = EXCLUDED.Description ;
INSERT INTO Hosts(Hostname) VALUES ('PM-SECED33022.pa.pref') ON CONFLICT(Hostname) DO UPDATE SET Hostname = EXCLUDED.Hostname ;
INSERT INTO Networking(Hostname, IP, Gateway, Description, Index, DHCP) VALUES ('PM-SECED33022.pa.pref', '192.168.75.132', '192.168.75.1', 'Realtek PCIe GbE Family Controller', '1', 'True') ON CONFLICT(Hostname) DO UPDATE SET Hostname = EXCLUDED.Hostname, IP = EXCLUDED.IP, Gateway = EXCLUDED.Gateway, Description = EXCLUDED.Description, Index = EXCLUDED.Index, DHCP = EXCLUDED.DHCP ;
INSERT INTO Hosts(Hostname) VALUES ('PM-SSAHPMINI058.pa.pref') ON CONFLICT(Hostname) DO UPDATE SET Hostname = EXCLUDED.Hostname ;
INSERT INTO CPU(Hostname, Name, Caption, NOC, NOLP)VALUES('PM-SSAHPMINI058.pa.pref', 'AMD Ryzen 3 PRO 4350GE with Radeon Graphics', 'AMD64 Family 23 Model 96 Stepping 1', '4', '8') ON CONFLICT(Hostname) DO UPDATE SET Hostname = EXCLUDED.Hostname, Name = EXCLUDED.Name, Caption = EXCLUDED.Caption, NOC = EXCLUDED.NOC, NOLP = EXCLUDED.NOLP ;
INSERT INTO Hosts(Hostname) VALUES ('PM-SSAHPMINI058.pa.pref') ON CONFLICT(Hostname) DO UPDATE SET Hostname = EXCLUDED.Hostname ;
INSERT INTO OS(Hostname, Caption, BuildNumber, Architecture, Description) VALUES('PM-SSAHPMINI058.pa.pref', 'Microsoft Windows 10 Pro', '19045', '64 bits', 'P-169098 A-962203774') ON CONFLICT(Hostname) DO UPDATE SET Hostname = EXCLUDED.Hostname, Caption = EXCLUDED.Caption, BuildNumber = EXCLUDED.BuildNumber, Architecture = EXCLUDED.Architecture, Description = EXCLUDED.Description ;
INSERT INTO Hosts(Hostname) VALUES ('PM-SSAHPMINI058.pa.pref') ON CONFLICT(Hostname) DO UPDATE SET Hostname = EXCLUDED.Hostname ;
INSERT INTO Networking(Hostname, IP, Gateway, Description, Index, DHCP) VALUES ('PM-SSAHPMINI058.pa.pref', '192.168.11.184', '192.168.11.1', 'Realtek PCIe GbE Family Controller', '1', 'True') ON CONFLICT(Hostname) DO UPDATE SET Hostname = EXCLUDED.Hostname, IP = EXCLUDED.IP, Gateway = EXCLUDED.Gateway, Description = EXCLUDED.Description, Index = EXCLUDED.Index, DHCP = EXCLUDED.DHCP ;
INSERT INTO Hosts(Hostname) VALUES ('PM-142640.pa.pref') ON CONFLICT(Hostname) DO UPDATE SET Hostname = EXCLUDED.Hostname ;
INSERT INTO CPU(Hostname, Name, Caption, NOC, NOLP)VALUES('PM-142640.pa.pref', 'Intel(R) Core(TM) i3-2120 CPU @ 3.30GHz', 'Intel64 Family 6 Model 42 Stepping 7', '2', '4') ON CONFLICT(Hostname) DO UPDATE SET Hostname = EXCLUDED.Hostname, Name = EXCLUDED.Name, Caption = EXCLUDED.Caption, NOC = EXCLUDED.NOC, NOLP = EXCLUDED.NOLP ;
INSERT INTO Hosts(Hostname) VALUES ('PM-142640.pa.pref') ON CONFLICT(Hostname) DO UPDATE SET Hostname = EXCLUDED.Hostname ;
INSERT INTO OS(Hostname, Caption, BuildNumber, Architecture, Description) VALUES('PM-142640.pa.pref', 'Microsoft Windows 10 Pro', '19045', '64 bits', 'P-95593') ON CONFLICT(Hostname) DO UPDATE SET Hostname = EXCLUDED.Hostname, Caption = EXCLUDED.Caption, BuildNumber = EXCLUDED.BuildNumber, Architecture = EXCLUDED.Architecture, Description = EXCLUDED.Description ;
INSERT INTO Hosts(Hostname) VALUES ('PM-142640.pa.pref') ON CONFLICT(Hostname) DO UPDATE SET Hostname = EXCLUDED.Hostname ;
INSERT INTO Networking(Hostname, IP, Gateway, Description, Index, DHCP) VALUES ('PM-142640.pa.pref', '192.168.11.150', '192.168.11.1', 'Realtek PCIe GbE Family Controller', '1', 'True') ON CONFLICT(Hostname) DO UPDATE SET Hostname = EXCLUDED.Hostname, IP = EXCLUDED.IP, Gateway = EXCLUDED.Gateway, Description = EXCLUDED.Description, Index = EXCLUDED.Index, DHCP = EXCLUDED.DHCP ;
INSERT INTO Hosts(Hostname) VALUES ('PM-SSAUS18003.pa.pref') ON CONFLICT(Hostname) DO UPDATE SET Hostname = EXCLUDED.Hostname ;
INSERT INTO CPU(Hostname, Name, Caption, NOC, NOLP)VALUES('PM-SSAUS18003.pa.pref', 'Intel(R) Core(TM) i3-7100 CPU @ 3.90GHz', 'Intel64 Family 6 Model 158 Stepping 9', '2', '4') ON CONFLICT(Hostname) DO UPDATE SET Hostname = EXCLUDED.Hostname, Name = EXCLUDED.Name, Caption = EXCLUDED.Caption, NOC = EXCLUDED.NOC, NOLP = EXCLUDED.NOLP ;
INSERT INTO Hosts(Hostname) VALUES ('PM-SSAUS18003.pa.pref') ON CONFLICT(Hostname) DO UPDATE SET Hostname = EXCLUDED.Hostname ;
INSERT INTO OS(Hostname, Caption, BuildNumber, Architecture, Description) VALUES('PM-SSAUS18003.pa.pref', 'Microsoft Windows 10 Pro', '19045', '64 bits', 'Patrimonio 128178') ON CONFLICT(Hostname) DO UPDATE SET Hostname = EXCLUDED.Hostname, Caption = EXCLUDED.Caption, BuildNumber = EXCLUDED.BuildNumber, Architecture = EXCLUDED.Architecture, Description = EXCLUDED.Description ;
INSERT INTO Hosts(Hostname) VALUES ('PM-SSAUS18003.pa.pref') ON CONFLICT(Hostname) DO UPDATE SET Hostname = EXCLUDED.Hostname ;
INSERT INTO Networking(Hostname, IP, Gateway, Description, Index, DHCP) VALUES ('PM-SSAUS18003.pa.pref', '192.168.41.77', '192.168.41.1', 'Realtek PCIe GBE Family Controller', '1', 'True') ON CONFLICT(Hostname) DO UPDATE SET Hostname = EXCLUDED.Hostname, IP = EXCLUDED.IP, Gateway = EXCLUDED.Gateway, Description = EXCLUDED.Description, Index = EXCLUDED.Index, DHCP = EXCLUDED.DHCP ;
INSERT INTO Hosts(Hostname) VALUES ('PM-SSAUS09002.pa.pref') ON CONFLICT(Hostname) DO UPDATE SET Hostname = EXCLUDED.Hostname ;
INSERT INTO CPU(Hostname, Name, Caption, NOC, NOLP)VALUES('PM-SSAUS09002.pa.pref', 'Intel(R) Core(TM) i3-7100 CPU @ 3.90GHz', 'Intel64 Family 6 Model 158 Stepping 9', '2', '4') ON CONFLICT(Hostname) DO UPDATE SET Hostname = EXCLUDED.Hostname, Name = EXCLUDED.Name, Caption = EXCLUDED.Caption, NOC = EXCLUDED.NOC, NOLP = EXCLUDED.NOLP ;
INSERT INTO Hosts(Hostname) VALUES ('PM-SSAUS09002.pa.pref') ON CONFLICT(Hostname) DO UPDATE SET Hostname = EXCLUDED.Hostname ;
INSERT INTO OS(Hostname, Caption, BuildNumber, Architecture, Description) VALUES('PM-SSAUS09002.pa.pref', 'Microsoft Windows 10 Pro', '19045', '64 bits', 'Patrimonio 128174') ON CONFLICT(Hostname) DO UPDATE SET Hostname = EXCLUDED.Hostname, Caption = EXCLUDED.Caption, BuildNumber = EXCLUDED.BuildNumber, Architecture = EXCLUDED.Architecture, Description = EXCLUDED.Description ;
INSERT INTO Hosts(Hostname) VALUES ('PM-SSAUS09002.pa.pref') ON CONFLICT(Hostname) DO UPDATE SET Hostname = EXCLUDED.Hostname ;
INSERT INTO Networking(Hostname, IP, Gateway, Description, Index, DHCP) VALUES ('PM-SSAUS09002.pa.pref', '192.168.213.72', '192.168.213.1', 'Realtek PCIe GBE Family Controller', '1', 'True') ON CONFLICT(Hostname) DO UPDATE SET Hostname = EXCLUDED.Hostname, IP = EXCLUDED.IP, Gateway = EXCLUDED.Gateway, Description = EXCLUDED.Description, Index = EXCLUDED.Index, DHCP = EXCLUDED.DHCP ;
INSERT INTO Hosts(Hostname) VALUES ('PM-SSAUS25005.pa.pref') ON CONFLICT(Hostname) DO UPDATE SET Hostname = EXCLUDED.Hostname ;
INSERT INTO CPU(Hostname, Name, Caption, NOC, NOLP)VALUES('PM-SSAUS25005.pa.pref', 'AMD A10-9700 RADEON R7, 10 COMPUTE CORES 4C+6G ', 'AMD64 Family 21 Model 101 Stepping 1', '4', '4') ON CONFLICT(Hostname) DO UPDATE SET Hostname = EXCLUDED.Hostname, Name = EXCLUDED.Name, Caption = EXCLUDED.Caption, NOC = EXCLUDED.NOC, NOLP = EXCLUDED.NOLP ;
INSERT INTO Hosts(Hostname) VALUES ('PM-SSAUS25005.pa.pref') ON CONFLICT(Hostname) DO UPDATE SET Hostname = EXCLUDED.Hostname ;
INSERT INTO OS(Hostname, Caption, BuildNumber, Architecture, Description) VALUES('PM-SSAUS25005.pa.pref', 'Microsoft Windows 10 Pro', '19045', '64 bits', 'Patrimônio 142337') ON CONFLICT(Hostname) DO UPDATE SET Hostname = EXCLUDED.Hostname, Caption = EXCLUDED.Caption, BuildNumber = EXCLUDED.BuildNumber, Architecture = EXCLUDED.Architecture, Description = EXCLUDED.Description ;
INSERT INTO Hosts(Hostname) VALUES ('PM-SSAUS25005.pa.pref') ON CONFLICT(Hostname) DO UPDATE SET Hostname = EXCLUDED.Hostname ;
INSERT INTO Networking(Hostname, IP, Gateway, Description, Index, DHCP) VALUES ('PM-SSAUS25005.pa.pref', '192.168.37.22', '192.168.37.1', 'TP-Link Wireless N PCI Express Adapter', '1', 'True') ON CONFLICT(Hostname) DO UPDATE SET Hostname = EXCLUDED.Hostname, IP = EXCLUDED.IP, Gateway = EXCLUDED.Gateway, Description = EXCLUDED.Description, Index = EXCLUDED.Index, DHCP = EXCLUDED.DHCP ;
INSERT INTO Hosts(Hostname) VALUES ('PM-GABASS002.pa.pref') ON CONFLICT(Hostname) DO UPDATE SET Hostname = EXCLUDED.Hostname ;
INSERT INTO CPU(Hostname, Name, Caption, NOC, NOLP)VALUES('PM-GABASS002.pa.pref', 'Intel(R) Core(TM) i3-10100 CPU @ 3.60GHz', 'Intel64 Family 6 Model 165 Stepping 3', '4', '8') ON CONFLICT(Hostname) DO UPDATE SET Hostname = EXCLUDED.Hostname, Name = EXCLUDED.Name, Caption = EXCLUDED.Caption, NOC = EXCLUDED.NOC, NOLP = EXCLUDED.NOLP ;
INSERT INTO Hosts(Hostname) VALUES ('PM-GABASS002.pa.pref') ON CONFLICT(Hostname) DO UPDATE SET Hostname = EXCLUDED.Hostname ;
INSERT INTO OS(Hostname, Caption, BuildNumber, Architecture, Description) VALUES('PM-GABASS002.pa.pref', 'Microsoft Windows 10 Pro', '19045', '64 bits', 'P-174766 A-105535366') ON CONFLICT(Hostname) DO UPDATE SET Hostname = EXCLUDED.Hostname, Caption = EXCLUDED.Caption, BuildNumber = EXCLUDED.BuildNumber, Architecture = EXCLUDED.Architecture, Description = EXCLUDED.Description ;
INSERT INTO Hosts(Hostname) VALUES ('PM-GABASS002.pa.pref') ON CONFLICT(Hostname) DO UPDATE SET Hostname = EXCLUDED.Hostname ;
INSERT INTO Networking(Hostname, IP, Gateway, Description, Index, DHCP) VALUES ('PM-GABASS002.pa.pref', '192.168.8.133', '192.168.8.1', 'Realtek PCIe GbE Family Controller', '1', 'True') ON CONFLICT(Hostname) DO UPDATE SET Hostname = EXCLUDED.Hostname, IP = EXCLUDED.IP, Gateway = EXCLUDED.Gateway, Description = EXCLUDED.Description, Index = EXCLUDED.Index, DHCP = EXCLUDED.DHCP ;
INSERT INTO Hosts(Hostname) VALUES ('PM-SPMAPJ007.pa.pref') ON CONFLICT(Hostname) DO UPDATE SET Hostname = EXCLUDED.Hostname ;
INSERT INTO CPU(Hostname, Name, Caption, NOC, NOLP)VALUES('PM-SPMAPJ007.pa.pref', 'Intel(R) Core(TM) i3-7100 CPU @ 3.90GHz', 'Intel64 Family 6 Model 158 Stepping 9', '2', '4') ON CONFLICT(Hostname) DO UPDATE SET Hostname = EXCLUDED.Hostname, Name = EXCLUDED.Name, Caption = EXCLUDED.Caption, NOC = EXCLUDED.NOC, NOLP = EXCLUDED.NOLP ;
INSERT INTO Hosts(Hostname) VALUES ('PM-SPMAPJ007.pa.pref') ON CONFLICT(Hostname) DO UPDATE SET Hostname = EXCLUDED.Hostname ;
INSERT INTO OS(Hostname, Caption, BuildNumber, Architecture, Description) VALUES('PM-SPMAPJ007.pa.pref', 'Microsoft Windows 10 Pro', '19045', '64 bits', 'P-132182 A-676120288') ON CONFLICT(Hostname) DO UPDATE SET Hostname = EXCLUDED.Hostname, Caption = EXCLUDED.Caption, BuildNumber = EXCLUDED.BuildNumber, Architecture = EXCLUDED.Architecture, Description = EXCLUDED.Description ;
INSERT INTO Hosts(Hostname) VALUES ('PM-SPMAPJ007.pa.pref') ON CONFLICT(Hostname) DO UPDATE SET Hostname = EXCLUDED.Hostname ;
INSERT INTO Networking(Hostname, IP, Gateway, Description, Index, DHCP) VALUES ('PM-SPMAPJ007.pa.pref', '192.168.223.236', '192.168.223.1', 'Realtek PCIe GBE Family Controller', '1', 'True') ON CONFLICT(Hostname) DO UPDATE SET Hostname = EXCLUDED.Hostname, IP = EXCLUDED.IP, Gateway = EXCLUDED.Gateway, Description = EXCLUDED.Description, Index = EXCLUDED.Index, DHCP = EXCLUDED.DHCP ;
INSERT INTO Hosts(Hostname) VALUES ('PM-SSAAB002.pa.pref') ON CONFLICT(Hostname) DO UPDATE SET Hostname = EXCLUDED.Hostname ;
INSERT INTO CPU(Hostname, Name, Caption, NOC, NOLP)VALUES('PM-SSAAB002.pa.pref', 'Intel(R) Core(TM) i5-3470 CPU @ 3.20GHz', 'Intel64 Family 6 Model 58 Stepping 9', '4', '4') ON CONFLICT(Hostname) DO UPDATE SET Hostname = EXCLUDED.Hostname, Name = EXCLUDED.Name, Caption = EXCLUDED.Caption, NOC = EXCLUDED.NOC, NOLP = EXCLUDED.NOLP ;
INSERT INTO Hosts(Hostname) VALUES ('PM-SSAAB002.pa.pref') ON CONFLICT(Hostname) DO UPDATE SET Hostname = EXCLUDED.Hostname ;
INSERT INTO OS(Hostname, Caption, BuildNumber, Architecture, Description) VALUES('PM-SSAAB002.pa.pref', 'Microsoft Windows 7 Professional ', '7601', '64-bit', 'Patrimônio 92826') ON CONFLICT(Hostname) DO UPDATE SET Hostname = EXCLUDED.Hostname, Caption = EXCLUDED.Caption, BuildNumber = EXCLUDED.BuildNumber, Architecture = EXCLUDED.Architecture, Description = EXCLUDED.Description ;
INSERT INTO Hosts(Hostname) VALUES ('PM-SSAAB002.pa.pref') ON CONFLICT(Hostname) DO UPDATE SET Hostname = EXCLUDED.Hostname ;
INSERT INTO Networking(Hostname, IP, Gateway, Description, Index, DHCP) VALUES ('PM-SSAAB002.pa.pref', '192.168.11.188', '192.168.11.1', 'Intel(R) 82579LM Gigabit Network Connection', '7', 'True') ON CONFLICT(Hostname) DO UPDATE SET Hostname = EXCLUDED.Hostname, IP = EXCLUDED.IP, Gateway = EXCLUDED.Gateway, Description = EXCLUDED.Description, Index = EXCLUDED.Index, DHCP = EXCLUDED.DHCP ;
INSERT INTO Hosts(Hostname) VALUES ('PM-SSAUS26015.pa.pref') ON CONFLICT(Hostname) DO UPDATE SET Hostname = EXCLUDED.Hostname ;
INSERT INTO CPU(Hostname, Name, Caption, NOC, NOLP)VALUES('PM-SSAUS26015.pa.pref', 'Intel(R) Core(TM) i5-7200U CPU @ 2.50GHz', 'Intel64 Family 6 Model 142 Stepping 9', '2', '4') ON CONFLICT(Hostname) DO UPDATE SET Hostname = EXCLUDED.Hostname, Name = EXCLUDED.Name, Caption = EXCLUDED.Caption, NOC = EXCLUDED.NOC, NOLP = EXCLUDED.NOLP ;
INSERT INTO Hosts(Hostname) VALUES ('PM-SSAUS26015.pa.pref') ON CONFLICT(Hostname) DO UPDATE SET Hostname = EXCLUDED.Hostname ;
INSERT INTO OS(Hostname, Caption, BuildNumber, Architecture, Description) VALUES('PM-SSAUS26015.pa.pref', 'Microsoft Windows 10 Pro', '19045', '64 bits', 'Patrimônio142540') ON CONFLICT(Hostname) DO UPDATE SET Hostname = EXCLUDED.Hostname, Caption = EXCLUDED.Caption, BuildNumber = EXCLUDED.BuildNumber, Architecture = EXCLUDED.Architecture, Description = EXCLUDED.Description ;
INSERT INTO Hosts(Hostname) VALUES ('PM-SSAUS26015.pa.pref') ON CONFLICT(Hostname) DO UPDATE SET Hostname = EXCLUDED.Hostname ;
INSERT INTO Networking(Hostname, IP, Gateway, Description, Index, DHCP) VALUES ('PM-SSAUS26015.pa.pref', '192.168.221.21', '192.168.221.1', 'Qualcomm Atheros QCA9377 Wireless Network Adapter', '2', 'True') ON CONFLICT(Hostname) DO UPDATE SET Hostname = EXCLUDED.Hostname, IP = EXCLUDED.IP, Gateway = EXCLUDED.Gateway, Description = EXCLUDED.Description, Index = EXCLUDED.Index, DHCP = EXCLUDED.DHCP ;
INSERT INTO Hosts(Hostname) VALUES ('PM-SSAAXM009.pa.pref') ON CONFLICT(Hostname) DO UPDATE SET Hostname = EXCLUDED.Hostname ;
INSERT INTO CPU(Hostname, Name, Caption, NOC, NOLP)VALUES('PM-SSAAXM009.pa.pref', '12th Gen Intel(R) Core(TM) i3-12100', 'Intel64 Family 6 Model 151 Stepping 5', '4', '8') ON CONFLICT(Hostname) DO UPDATE SET Hostname = EXCLUDED.Hostname, Name = EXCLUDED.Name, Caption = EXCLUDED.Caption, NOC = EXCLUDED.NOC, NOLP = EXCLUDED.NOLP ;
INSERT INTO Hosts(Hostname) VALUES ('PM-SSAAXM009.pa.pref') ON CONFLICT(Hostname) DO UPDATE SET Hostname = EXCLUDED.Hostname ;
INSERT INTO OS(Hostname, Caption, BuildNumber, Architecture, Description) VALUES('PM-SSAAXM009.pa.pref', 'Microsoft Windows 11 Pro', '22621', '64 bits', 'P-// 163424') ON CONFLICT(Hostname) DO UPDATE SET Hostname = EXCLUDED.Hostname, Caption = EXCLUDED.Caption, BuildNumber = EXCLUDED.BuildNumber, Architecture = EXCLUDED.Architecture, Description = EXCLUDED.Description ;
INSERT INTO Hosts(Hostname) VALUES ('PM-SSAAXM009.pa.pref') ON CONFLICT(Hostname) DO UPDATE SET Hostname = EXCLUDED.Hostname ;
INSERT INTO Networking(Hostname, IP, Gateway, Description, Index, DHCP) VALUES ('PM-SSAAXM009.pa.pref', '192.168.40.9', '192.168.40.1', 'Realtek PCIe GbE Family Controller', '1', 'True') ON CONFLICT(Hostname) DO UPDATE SET Hostname = EXCLUDED.Hostname, IP = EXCLUDED.IP, Gateway = EXCLUDED.Gateway, Description = EXCLUDED.Description, Index = EXCLUDED.Index, DHCP = EXCLUDED.DHCP ;
INSERT INTO Hosts(Hostname) VALUES ('PM-SAFTES01.pa.pref') ON CONFLICT(Hostname) DO UPDATE SET Hostname = EXCLUDED.Hostname ;
INSERT INTO CPU(Hostname, Name, Caption, NOC, NOLP)VALUES('PM-SAFTES01.pa.pref', '12th Gen Intel(R) Core(TM) i3-12100', 'Intel64 Family 6 Model 151 Stepping 5', '4', '8') ON CONFLICT(Hostname) DO UPDATE SET Hostname = EXCLUDED.Hostname, Name = EXCLUDED.Name, Caption = EXCLUDED.Caption, NOC = EXCLUDED.NOC, NOLP = EXCLUDED.NOLP ;
INSERT INTO Hosts(Hostname) VALUES ('PM-SAFTES01.pa.pref') ON CONFLICT(Hostname) DO UPDATE SET Hostname = EXCLUDED.Hostname ;
INSERT INTO OS(Hostname, Caption, BuildNumber, Architecture, Description) VALUES('PM-SAFTES01.pa.pref', 'Microsoft Windows 11 Pro', '22621', '64 bits', NULL) ON CONFLICT(Hostname) DO UPDATE SET Hostname = EXCLUDED.Hostname, Caption = EXCLUDED.Caption, BuildNumber = EXCLUDED.BuildNumber, Architecture = EXCLUDED.Architecture, Description = EXCLUDED.Description ;
INSERT INTO Hosts(Hostname) VALUES ('PM-SAFTES01.pa.pref') ON CONFLICT(Hostname) DO UPDATE SET Hostname = EXCLUDED.Hostname ;
INSERT INTO Networking(Hostname, IP, Gateway, Description, Index, DHCP) VALUES ('PM-SAFTES01.pa.pref', '192.168.253.210', '192.168.253.1', 'Realtek PCIe GbE Family Controller', '1', 'True') ON CONFLICT(Hostname) DO UPDATE SET Hostname = EXCLUDED.Hostname, IP = EXCLUDED.IP, Gateway = EXCLUDED.Gateway, Description = EXCLUDED.Description, Index = EXCLUDED.Index, DHCP = EXCLUDED.DHCP ;
INSERT INTO Hosts(Hostname) VALUES ('PM-SAFCON01.pa.pref') ON CONFLICT(Hostname) DO UPDATE SET Hostname = EXCLUDED.Hostname ;
INSERT INTO CPU(Hostname, Name, Caption, NOC, NOLP)VALUES('PM-SAFCON01.pa.pref', '12th Gen Intel(R) Core(TM) i3-12100', 'Intel64 Family 6 Model 151 Stepping 5', '4', '8') ON CONFLICT(Hostname) DO UPDATE SET Hostname = EXCLUDED.Hostname, Name = EXCLUDED.Name, Caption = EXCLUDED.Caption, NOC = EXCLUDED.NOC, NOLP = EXCLUDED.NOLP ;
INSERT INTO Hosts(Hostname) VALUES ('PM-SAFCON01.pa.pref') ON CONFLICT(Hostname) DO UPDATE SET Hostname = EXCLUDED.Hostname ;
INSERT INTO OS(Hostname, Caption, BuildNumber, Architecture, Description) VALUES('PM-SAFCON01.pa.pref', 'Microsoft Windows 11 Pro', '22621', '64 bits', NULL) ON CONFLICT(Hostname) DO UPDATE SET Hostname = EXCLUDED.Hostname, Caption = EXCLUDED.Caption, BuildNumber = EXCLUDED.BuildNumber, Architecture = EXCLUDED.Architecture, Description = EXCLUDED.Description ;
INSERT INTO Hosts(Hostname) VALUES ('PM-SAFCON01.pa.pref') ON CONFLICT(Hostname) DO UPDATE SET Hostname = EXCLUDED.Hostname ;
INSERT INTO Networking(Hostname, IP, Gateway, Description, Index, DHCP) VALUES ('PM-SAFCON01.pa.pref', '192.168.253.131', '192.168.253.1', 'Realtek PCIe GbE Family Controller', '1', 'True') ON CONFLICT(Hostname) DO UPDATE SET Hostname = EXCLUDED.Hostname, IP = EXCLUDED.IP, Gateway = EXCLUDED.Gateway, Description = EXCLUDED.Description, Index = EXCLUDED.Index, DHCP = EXCLUDED.DHCP ;
INSERT INTO Hosts(Hostname) VALUES ('PM-SSAUS38005.pa.pref') ON CONFLICT(Hostname) DO UPDATE SET Hostname = EXCLUDED.Hostname ;
INSERT INTO CPU(Hostname, Name, Caption, NOC, NOLP)VALUES('PM-SSAUS38005.pa.pref', 'AMD A10-9700 RADEON R7, 10 COMPUTE CORES 4C+6G ', 'AMD64 Family 21 Model 101 Stepping 1', '4', '4') ON CONFLICT(Hostname) DO UPDATE SET Hostname = EXCLUDED.Hostname, Name = EXCLUDED.Name, Caption = EXCLUDED.Caption, NOC = EXCLUDED.NOC, NOLP = EXCLUDED.NOLP ;
INSERT INTO Hosts(Hostname) VALUES ('PM-SSAUS38005.pa.pref') ON CONFLICT(Hostname) DO UPDATE SET Hostname = EXCLUDED.Hostname ;
INSERT INTO OS(Hostname, Caption, BuildNumber, Architecture, Description) VALUES('PM-SSAUS38005.pa.pref', 'Microsoft Windows 10 Pro', '19044', '64 bits', 'Patrimônio: 142656') ON CONFLICT(Hostname) DO UPDATE SET Hostname = EXCLUDED.Hostname, Caption = EXCLUDED.Caption, BuildNumber = EXCLUDED.BuildNumber, Architecture = EXCLUDED.Architecture, Description = EXCLUDED.Description ;
INSERT INTO Hosts(Hostname) VALUES ('PM-SSAUS38005.pa.pref') ON CONFLICT(Hostname) DO UPDATE SET Hostname = EXCLUDED.Hostname ;
INSERT INTO Networking(Hostname, IP, Gateway, Description, Index, DHCP) VALUES ('PM-SSAUS38005.pa.pref', '192.168.36.243', '192.168.36.1', 'Realtek PCIe GbE Family Controller', '2', 'True') ON CONFLICT(Hostname) DO UPDATE SET Hostname = EXCLUDED.Hostname, IP = EXCLUDED.IP, Gateway = EXCLUDED.Gateway, Description = EXCLUDED.Description, Index = EXCLUDED.Index, DHCP = EXCLUDED.DHCP ;
INSERT INTO Hosts(Hostname) VALUES ('PM-SECED01007.pa.pref') ON CONFLICT(Hostname) DO UPDATE SET Hostname = EXCLUDED.Hostname ;
INSERT INTO CPU(Hostname, Name, Caption, NOC, NOLP)VALUES('PM-SECED01007.pa.pref', 'Intel(R) Pentium(R) Gold G5420 CPU @ 3.80GHz', 'Intel64 Family 6 Model 158 Stepping 10', '2', '4') ON CONFLICT(Hostname) DO UPDATE SET Hostname = EXCLUDED.Hostname, Name = EXCLUDED.Name, Caption = EXCLUDED.Caption, NOC = EXCLUDED.NOC, NOLP = EXCLUDED.NOLP ;
INSERT INTO Hosts(Hostname) VALUES ('PM-SECED01007.pa.pref') ON CONFLICT(Hostname) DO UPDATE SET Hostname = EXCLUDED.Hostname ;
INSERT INTO OS(Hostname, Caption, BuildNumber, Architecture, Description) VALUES('PM-SECED01007.pa.pref', 'Microsoft Windows 10 Pro', '19045', '64 bits', 'Patrimonio 168834') ON CONFLICT(Hostname) DO UPDATE SET Hostname = EXCLUDED.Hostname, Caption = EXCLUDED.Caption, BuildNumber = EXCLUDED.BuildNumber, Architecture = EXCLUDED.Architecture, Description = EXCLUDED.Description ;
INSERT INTO Hosts(Hostname) VALUES ('PM-SECED01007.pa.pref') ON CONFLICT(Hostname) DO UPDATE SET Hostname = EXCLUDED.Hostname ;
INSERT INTO Networking(Hostname, IP, Gateway, Description, Index, DHCP) VALUES ('PM-SECED01007.pa.pref', '192.168.144.82', '192.168.144.1', 'Realtek PCIe GBE Family Controller', '1', 'True') ON CONFLICT(Hostname) DO UPDATE SET Hostname = EXCLUDED.Hostname, IP = EXCLUDED.IP, Gateway = EXCLUDED.Gateway, Description = EXCLUDED.Description, Index = EXCLUDED.Index, DHCP = EXCLUDED.DHCP ;
INSERT INTO Hosts(Hostname) VALUES ('PM-SECADM013.pa.pref') ON CONFLICT(Hostname) DO UPDATE SET Hostname = EXCLUDED.Hostname ;
INSERT INTO CPU(Hostname, Name, Caption, NOC, NOLP)VALUES('PM-SECADM013.pa.pref', 'Intel(R) Core(TM) i5-3470 CPU @ 3.20GHz', 'Intel64 Family 6 Model 58 Stepping 9', '4', '4') ON CONFLICT(Hostname) DO UPDATE SET Hostname = EXCLUDED.Hostname, Name = EXCLUDED.Name, Caption = EXCLUDED.Caption, NOC = EXCLUDED.NOC, NOLP = EXCLUDED.NOLP ;
INSERT INTO Hosts(Hostname) VALUES ('PM-SECADM013.pa.pref') ON CONFLICT(Hostname) DO UPDATE SET Hostname = EXCLUDED.Hostname ;
INSERT INTO OS(Hostname, Caption, BuildNumber, Architecture, Description) VALUES('PM-SECADM013.pa.pref', 'Microsoft Windows 7 Professional ', '7601', '64-bit', 'Patrimonio 102365') ON CONFLICT(Hostname) DO UPDATE SET Hostname = EXCLUDED.Hostname, Caption = EXCLUDED.Caption, BuildNumber = EXCLUDED.BuildNumber, Architecture = EXCLUDED.Architecture, Description = EXCLUDED.Description ;
INSERT INTO Hosts(Hostname) VALUES ('PM-SECADM013.pa.pref') ON CONFLICT(Hostname) DO UPDATE SET Hostname = EXCLUDED.Hostname ;
INSERT INTO Networking(Hostname, IP, Gateway, Description, Index, DHCP) VALUES ('PM-SECADM013.pa.pref', '192.168.9.171', '192.168.9.1', 'Intel(R) 82579LM Gigabit Network Connection', '7', 'True') ON CONFLICT(Hostname) DO UPDATE SET Hostname = EXCLUDED.Hostname, IP = EXCLUDED.IP, Gateway = EXCLUDED.Gateway, Description = EXCLUDED.Description, Index = EXCLUDED.Index, DHCP = EXCLUDED.DHCP ;
INSERT INTO Hosts(Hostname) VALUES ('PM-184485.pa.pref') ON CONFLICT(Hostname) DO UPDATE SET Hostname = EXCLUDED.Hostname ;
INSERT INTO CPU(Hostname, Name, Caption, NOC, NOLP)VALUES('PM-184485.pa.pref', '12th Gen Intel(R) Core(TM) i3-12100', 'Intel64 Family 6 Model 151 Stepping 5', '4', '8') ON CONFLICT(Hostname) DO UPDATE SET Hostname = EXCLUDED.Hostname, Name = EXCLUDED.Name, Caption = EXCLUDED.Caption, NOC = EXCLUDED.NOC, NOLP = EXCLUDED.NOLP ;
INSERT INTO Hosts(Hostname) VALUES ('PM-184485.pa.pref') ON CONFLICT(Hostname) DO UPDATE SET Hostname = EXCLUDED.Hostname ;
INSERT INTO OS(Hostname, Caption, BuildNumber, Architecture, Description) VALUES('PM-184485.pa.pref', 'Microsoft Windows 11 Pro', '22621', '64 bits', NULL) ON CONFLICT(Hostname) DO UPDATE SET Hostname = EXCLUDED.Hostname, Caption = EXCLUDED.Caption, BuildNumber = EXCLUDED.BuildNumber, Architecture = EXCLUDED.Architecture, Description = EXCLUDED.Description ;
INSERT INTO Hosts(Hostname) VALUES ('PM-184485.pa.pref') ON CONFLICT(Hostname) DO UPDATE SET Hostname = EXCLUDED.Hostname ;
INSERT INTO Networking(Hostname, IP, Gateway, Description, Index, DHCP) VALUES ('PM-184485.pa.pref', '192.168.173.225', '192.168.173.1', 'Realtek PCIe GbE Family Controller', '1', 'True') ON CONFLICT(Hostname) DO UPDATE SET Hostname = EXCLUDED.Hostname, IP = EXCLUDED.IP, Gateway = EXCLUDED.Gateway, Description = EXCLUDED.Description, Index = EXCLUDED.Index, DHCP = EXCLUDED.DHCP ;
INSERT INTO Hosts(Hostname) VALUES ('PM-VASCONCELOS.pa.pref') ON CONFLICT(Hostname) DO UPDATE SET Hostname = EXCLUDED.Hostname ;
INSERT INTO CPU(Hostname, Name, Caption, NOC, NOLP)VALUES('PM-VASCONCELOS.pa.pref', 'Intel(R) Pentium(R) Gold G5420 CPU @ 3.80GHz', 'Intel64 Family 6 Model 158 Stepping 10', '2', '4') ON CONFLICT(Hostname) DO UPDATE SET Hostname = EXCLUDED.Hostname, Name = EXCLUDED.Name, Caption = EXCLUDED.Caption, NOC = EXCLUDED.NOC, NOLP = EXCLUDED.NOLP ;
INSERT INTO Hosts(Hostname) VALUES ('PM-VASCONCELOS.pa.pref') ON CONFLICT(Hostname) DO UPDATE SET Hostname = EXCLUDED.Hostname ;
INSERT INTO OS(Hostname, Caption, BuildNumber, Architecture, Description) VALUES('PM-VASCONCELOS.pa.pref', 'Microsoft Windows 10 Pro', '19045', '64 bits', NULL) ON CONFLICT(Hostname) DO UPDATE SET Hostname = EXCLUDED.Hostname, Caption = EXCLUDED.Caption, BuildNumber = EXCLUDED.BuildNumber, Architecture = EXCLUDED.Architecture, Description = EXCLUDED.Description ;
INSERT INTO Hosts(Hostname) VALUES ('PM-VASCONCELOS.pa.pref') ON CONFLICT(Hostname) DO UPDATE SET Hostname = EXCLUDED.Hostname ;
INSERT INTO Networking(Hostname, IP, Gateway, Description, Index, DHCP) VALUES ('PM-VASCONCELOS.pa.pref', '192.168.165.140', '192.168.165.1', 'Realtek PCIe GbE Family Controller', '1', 'True') ON CONFLICT(Hostname) DO UPDATE SET Hostname = EXCLUDED.Hostname, IP = EXCLUDED.IP, Gateway = EXCLUDED.Gateway, Description = EXCLUDED.Description, Index = EXCLUDED.Index, DHCP = EXCLUDED.DHCP ;
INSERT INTO Hosts(Hostname) VALUES ('PM-SECMTR099.pa.pref') ON CONFLICT(Hostname) DO UPDATE SET Hostname = EXCLUDED.Hostname ;
INSERT INTO CPU(Hostname, Name, Caption, NOC, NOLP)VALUES('PM-SECMTR099.pa.pref', 'Intel(R) Core(TM) i3-7100 CPU @ 3.90GHz', 'Intel64 Family 6 Model 158 Stepping 9', '2', '4') ON CONFLICT(Hostname) DO UPDATE SET Hostname = EXCLUDED.Hostname, Name = EXCLUDED.Name, Caption = EXCLUDED.Caption, NOC = EXCLUDED.NOC, NOLP = EXCLUDED.NOLP ;
INSERT INTO Hosts(Hostname) VALUES ('PM-SECMTR099.pa.pref') ON CONFLICT(Hostname) DO UPDATE SET Hostname = EXCLUDED.Hostname ;
INSERT INTO OS(Hostname, Caption, BuildNumber, Architecture, Description) VALUES('PM-SECMTR099.pa.pref', 'Microsoft Windows 10 Pro', '19045', '64 bits', 'Patrimonio 132030') ON CONFLICT(Hostname) DO UPDATE SET Hostname = EXCLUDED.Hostname, Caption = EXCLUDED.Caption, BuildNumber = EXCLUDED.BuildNumber, Architecture = EXCLUDED.Architecture, Description = EXCLUDED.Description ;
INSERT INTO Hosts(Hostname) VALUES ('PM-SECMTR099.pa.pref') ON CONFLICT(Hostname) DO UPDATE SET Hostname = EXCLUDED.Hostname ;
INSERT INTO Networking(Hostname, IP, Gateway, Description, Index, DHCP) VALUES ('PM-SECMTR099.pa.pref', '192.168.9.179', '192.168.9.1', 'Realtek PCIe GbE Family Controller', '1', 'True') ON CONFLICT(Hostname) DO UPDATE SET Hostname = EXCLUDED.Hostname, IP = EXCLUDED.IP, Gateway = EXCLUDED.Gateway, Description = EXCLUDED.Description, Index = EXCLUDED.Index, DHCP = EXCLUDED.DHCP ;
INSERT INTO Hosts(Hostname) VALUES ('PM-SSAODT006.pa.pref') ON CONFLICT(Hostname) DO UPDATE SET Hostname = EXCLUDED.Hostname ;
INSERT INTO CPU(Hostname, Name, Caption, NOC, NOLP)VALUES('PM-SSAODT006.pa.pref', 'AMD A10-9700 RADEON R7, 10 COMPUTE CORES 4C+6G ', 'AMD64 Family 21 Model 101 Stepping 1', '4', '4') ON CONFLICT(Hostname) DO UPDATE SET Hostname = EXCLUDED.Hostname, Name = EXCLUDED.Name, Caption = EXCLUDED.Caption, NOC = EXCLUDED.NOC, NOLP = EXCLUDED.NOLP ;
INSERT INTO Hosts(Hostname) VALUES ('PM-SSAODT006.pa.pref') ON CONFLICT(Hostname) DO UPDATE SET Hostname = EXCLUDED.Hostname ;
INSERT INTO OS(Hostname, Caption, BuildNumber, Architecture, Description) VALUES('PM-SSAODT006.pa.pref', 'Microsoft Windows 10 Pro', '19045', '64 bits', 'Patrimonio 145540') ON CONFLICT(Hostname) DO UPDATE SET Hostname = EXCLUDED.Hostname, Caption = EXCLUDED.Caption, BuildNumber = EXCLUDED.BuildNumber, Architecture = EXCLUDED.Architecture, Description = EXCLUDED.Description ;
INSERT INTO Hosts(Hostname) VALUES ('PM-SSAODT006.pa.pref') ON CONFLICT(Hostname) DO UPDATE SET Hostname = EXCLUDED.Hostname ;
INSERT INTO Networking(Hostname, IP, Gateway, Description, Index, DHCP) VALUES ('PM-SSAODT006.pa.pref', '192.168.102.135', '192.168.102.1', 'TP-Link Wireless N PCI Express Adapter', '1', 'True') ON CONFLICT(Hostname) DO UPDATE SET Hostname = EXCLUDED.Hostname, IP = EXCLUDED.IP, Gateway = EXCLUDED.Gateway, Description = EXCLUDED.Description, Index = EXCLUDED.Index, DHCP = EXCLUDED.DHCP ;
INSERT INTO Hosts(Hostname) VALUES ('PM-SULADM003.pa.pref') ON CONFLICT(Hostname) DO UPDATE SET Hostname = EXCLUDED.Hostname ;
INSERT INTO CPU(Hostname, Name, Caption, NOC, NOLP)VALUES('PM-SULADM003.pa.pref', 'Intel(R) Core(TM) i3-7100 CPU @ 3.90GHz', 'Intel64 Family 6 Model 158 Stepping 9', '2', '4') ON CONFLICT(Hostname) DO UPDATE SET Hostname = EXCLUDED.Hostname, Name = EXCLUDED.Name, Caption = EXCLUDED.Caption, NOC = EXCLUDED.NOC, NOLP = EXCLUDED.NOLP ;
INSERT INTO Hosts(Hostname) VALUES ('PM-SULADM003.pa.pref') ON CONFLICT(Hostname) DO UPDATE SET Hostname = EXCLUDED.Hostname ;
INSERT INTO OS(Hostname, Caption, BuildNumber, Architecture, Description) VALUES('PM-SULADM003.pa.pref', 'Microsoft Windows 10 Pro', '19045', '64 bits', NULL) ON CONFLICT(Hostname) DO UPDATE SET Hostname = EXCLUDED.Hostname, Caption = EXCLUDED.Caption, BuildNumber = EXCLUDED.BuildNumber, Architecture = EXCLUDED.Architecture, Description = EXCLUDED.Description ;
INSERT INTO Hosts(Hostname) VALUES ('PM-SULADM003.pa.pref') ON CONFLICT(Hostname) DO UPDATE SET Hostname = EXCLUDED.Hostname ;
INSERT INTO Networking(Hostname, IP, Gateway, Description, Index, DHCP) VALUES ('PM-SULADM003.pa.pref', '192.168.28.76', '192.168.28.1', 'Realtek PCIe GbE Family Controller', '1', 'True') ON CONFLICT(Hostname) DO UPDATE SET Hostname = EXCLUDED.Hostname, IP = EXCLUDED.IP, Gateway = EXCLUDED.Gateway, Description = EXCLUDED.Description, Index = EXCLUDED.Index, DHCP = EXCLUDED.DHCP ;
INSERT INTO Hosts(Hostname) VALUES ('PM-SPMPLD001.pa.pref') ON CONFLICT(Hostname) DO UPDATE SET Hostname = EXCLUDED.Hostname ;
INSERT INTO CPU(Hostname, Name, Caption, NOC, NOLP)VALUES('PM-SPMPLD001.pa.pref', 'Intel(R) Core(TM) i5-3470 CPU @ 3.20GHz', 'Intel64 Family 6 Model 58 Stepping 9', '4', '4') ON CONFLICT(Hostname) DO UPDATE SET Hostname = EXCLUDED.Hostname, Name = EXCLUDED.Name, Caption = EXCLUDED.Caption, NOC = EXCLUDED.NOC, NOLP = EXCLUDED.NOLP ;
INSERT INTO Hosts(Hostname) VALUES ('PM-SPMPLD001.pa.pref') ON CONFLICT(Hostname) DO UPDATE SET Hostname = EXCLUDED.Hostname ;
INSERT INTO OS(Hostname, Caption, BuildNumber, Architecture, Description) VALUES('PM-SPMPLD001.pa.pref', 'Microsoft Windows 10 Pro', '19045', '64 bits', 'P-109173 A-192067521') ON CONFLICT(Hostname) DO UPDATE SET Hostname = EXCLUDED.Hostname, Caption = EXCLUDED.Caption, BuildNumber = EXCLUDED.BuildNumber, Architecture = EXCLUDED.Architecture, Description = EXCLUDED.Description ;
INSERT INTO Hosts(Hostname) VALUES ('PM-SPMPLD001.pa.pref') ON CONFLICT(Hostname) DO UPDATE SET Hostname = EXCLUDED.Hostname ;
INSERT INTO Networking(Hostname, IP, Gateway, Description, Index, DHCP) VALUES ('PM-SPMPLD001.pa.pref', '192.168.223.241', '192.168.223.1', 'Intel(R) 82579LM Gigabit Network Connection', '1', 'True') ON CONFLICT(Hostname) DO UPDATE SET Hostname = EXCLUDED.Hostname, IP = EXCLUDED.IP, Gateway = EXCLUDED.Gateway, Description = EXCLUDED.Description, Index = EXCLUDED.Index, DHCP = EXCLUDED.DHCP ;
INSERT INTO Hosts(Hostname) VALUES ('PM-SSAUS20012.pa.pref') ON CONFLICT(Hostname) DO UPDATE SET Hostname = EXCLUDED.Hostname ;
INSERT INTO CPU(Hostname, Name, Caption, NOC, NOLP)VALUES('PM-SSAUS20012.pa.pref', 'Intel(R) Core(TM) i3-9100 CPU @ 3.60GHz', 'Intel64 Family 6 Model 158 Stepping 11', '4', '4') ON CONFLICT(Hostname) DO UPDATE SET Hostname = EXCLUDED.Hostname, Name = EXCLUDED.Name, Caption = EXCLUDED.Caption, NOC = EXCLUDED.NOC, NOLP = EXCLUDED.NOLP ;
INSERT INTO Hosts(Hostname) VALUES ('PM-SSAUS20012.pa.pref') ON CONFLICT(Hostname) DO UPDATE SET Hostname = EXCLUDED.Hostname ;
INSERT INTO OS(Hostname, Caption, BuildNumber, Architecture, Description) VALUES('PM-SSAUS20012.pa.pref', 'Microsoft Windows 10 Pro', '19045', '64 bits', 'Patrimônio 150598') ON CONFLICT(Hostname) DO UPDATE SET Hostname = EXCLUDED.Hostname, Caption = EXCLUDED.Caption, BuildNumber = EXCLUDED.BuildNumber, Architecture = EXCLUDED.Architecture, Description = EXCLUDED.Description ;
INSERT INTO Hosts(Hostname) VALUES ('PM-SSAUS20012.pa.pref') ON CONFLICT(Hostname) DO UPDATE SET Hostname = EXCLUDED.Hostname ;
INSERT INTO Networking(Hostname, IP, Gateway, Description, Index, DHCP) VALUES ('PM-SSAUS20012.pa.pref', '192.168.100.54', '192.168.100.1', 'Intel(R) Ethernet Connection (7) I219-V', '1', 'True') ON CONFLICT(Hostname) DO UPDATE SET Hostname = EXCLUDED.Hostname, IP = EXCLUDED.IP, Gateway = EXCLUDED.Gateway, Description = EXCLUDED.Description, Index = EXCLUDED.Index, DHCP = EXCLUDED.DHCP ;
INSERT INTO Hosts(Hostname) VALUES ('PM-SSAUS17018.pa.pref') ON CONFLICT(Hostname) DO UPDATE SET Hostname = EXCLUDED.Hostname ;
INSERT INTO CPU(Hostname, Name, Caption, NOC, NOLP)VALUES('PM-SSAUS17018.pa.pref', 'Intel(R) Core(TM) i3-9100 CPU @ 3.60GHz', 'Intel64 Family 6 Model 158 Stepping 11', '4', '4') ON CONFLICT(Hostname) DO UPDATE SET Hostname = EXCLUDED.Hostname, Name = EXCLUDED.Name, Caption = EXCLUDED.Caption, NOC = EXCLUDED.NOC, NOLP = EXCLUDED.NOLP ;
INSERT INTO Hosts(Hostname) VALUES ('PM-SSAUS17018.pa.pref') ON CONFLICT(Hostname) DO UPDATE SET Hostname = EXCLUDED.Hostname ;
INSERT INTO OS(Hostname, Caption, BuildNumber, Architecture, Description) VALUES('PM-SSAUS17018.pa.pref', 'Microsoft Windows 10 Pro', '19045', '64 bits', NULL) ON CONFLICT(Hostname) DO UPDATE SET Hostname = EXCLUDED.Hostname, Caption = EXCLUDED.Caption, BuildNumber = EXCLUDED.BuildNumber, Architecture = EXCLUDED.Architecture, Description = EXCLUDED.Description ;
INSERT INTO Hosts(Hostname) VALUES ('PM-SSAUS17018.pa.pref') ON CONFLICT(Hostname) DO UPDATE SET Hostname = EXCLUDED.Hostname ;
INSERT INTO Networking(Hostname, IP, Gateway, Description, Index, DHCP) VALUES ('PM-SSAUS17018.pa.pref', '192.168.128.245', '192.168.128.1', 'Intel(R) Ethernet Connection (7) I219-V', '1', 'True') ON CONFLICT(Hostname) DO UPDATE SET Hostname = EXCLUDED.Hostname, IP = EXCLUDED.IP, Gateway = EXCLUDED.Gateway, Description = EXCLUDED.Description, Index = EXCLUDED.Index, DHCP = EXCLUDED.DHCP ;
INSERT INTO Hosts(Hostname) VALUES ('PM-SSAUS28014.pa.pref') ON CONFLICT(Hostname) DO UPDATE SET Hostname = EXCLUDED.Hostname ;
INSERT INTO CPU(Hostname, Name, Caption, NOC, NOLP)VALUES('PM-SSAUS28014.pa.pref', 'AMD Ryzen 3 5400U with Radeon Graphics         ', 'AMD64 Family 25 Model 80 Stepping 0', '4', '8') ON CONFLICT(Hostname) DO UPDATE SET Hostname = EXCLUDED.Hostname, Name = EXCLUDED.Name, Caption = EXCLUDED.Caption, NOC = EXCLUDED.NOC, NOLP = EXCLUDED.NOLP ;
INSERT INTO Hosts(Hostname) VALUES ('PM-SSAUS28014.pa.pref') ON CONFLICT(Hostname) DO UPDATE SET Hostname = EXCLUDED.Hostname ;
INSERT INTO OS(Hostname, Caption, BuildNumber, Architecture, Description) VALUES('PM-SSAUS28014.pa.pref', 'Microsoft Windows 10 Pro', '19045', '64 bits', 'Patrimônio 168954') ON CONFLICT(Hostname) DO UPDATE SET Hostname = EXCLUDED.Hostname, Caption = EXCLUDED.Caption, BuildNumber = EXCLUDED.BuildNumber, Architecture = EXCLUDED.Architecture, Description = EXCLUDED.Description ;
INSERT INTO Hosts(Hostname) VALUES ('PM-SSAUS28014.pa.pref') ON CONFLICT(Hostname) DO UPDATE SET Hostname = EXCLUDED.Hostname ;
INSERT INTO Networking(Hostname, IP, Gateway, Description, Index, DHCP) VALUES ('PM-SSAUS28014.pa.pref', '192.168.168.94', '192.168.168.1', 'MediaTek MT7921 Wi-Fi 6 802.11ax PCIe Adapter', '1', 'True') ON CONFLICT(Hostname) DO UPDATE SET Hostname = EXCLUDED.Hostname, IP = EXCLUDED.IP, Gateway = EXCLUDED.Gateway, Description = EXCLUDED.Description, Index = EXCLUDED.Index, DHCP = EXCLUDED.DHCP ;
INSERT INTO Hosts(Hostname) VALUES ('PM-SIOADM006.pa.pref') ON CONFLICT(Hostname) DO UPDATE SET Hostname = EXCLUDED.Hostname ;
INSERT INTO CPU(Hostname, Name, Caption, NOC, NOLP)VALUES('PM-SIOADM006.pa.pref', 'Intel(R) Core(TM) i3-7100 CPU @ 3.90GHz', 'Intel64 Family 6 Model 158 Stepping 9', '2', '4') ON CONFLICT(Hostname) DO UPDATE SET Hostname = EXCLUDED.Hostname, Name = EXCLUDED.Name, Caption = EXCLUDED.Caption, NOC = EXCLUDED.NOC, NOLP = EXCLUDED.NOLP ;
INSERT INTO Hosts(Hostname) VALUES ('PM-SIOADM006.pa.pref') ON CONFLICT(Hostname) DO UPDATE SET Hostname = EXCLUDED.Hostname ;
INSERT INTO OS(Hostname, Caption, BuildNumber, Architecture, Description) VALUES('PM-SIOADM006.pa.pref', 'Microsoft Windows 10 Pro', '19045', '64 bits', 'Patrimonio 133499') ON CONFLICT(Hostname) DO UPDATE SET Hostname = EXCLUDED.Hostname, Caption = EXCLUDED.Caption, BuildNumber = EXCLUDED.BuildNumber, Architecture = EXCLUDED.Architecture, Description = EXCLUDED.Description ;
INSERT INTO Hosts(Hostname) VALUES ('PM-SIOADM006.pa.pref') ON CONFLICT(Hostname) DO UPDATE SET Hostname = EXCLUDED.Hostname ;
INSERT INTO Networking(Hostname, IP, Gateway, Description, Index, DHCP) VALUES ('PM-SIOADM006.pa.pref', '192.168.8.205', '192.168.8.1', 'Realtek PCIe GBE Family Controller', '1', 'True') ON CONFLICT(Hostname) DO UPDATE SET Hostname = EXCLUDED.Hostname, IP = EXCLUDED.IP, Gateway = EXCLUDED.Gateway, Description = EXCLUDED.Description, Index = EXCLUDED.Index, DHCP = EXCLUDED.DHCP ;
INSERT INTO Hosts(Hostname) VALUES ('PM-PROADM035.pa.pref') ON CONFLICT(Hostname) DO UPDATE SET Hostname = EXCLUDED.Hostname ;
INSERT INTO CPU(Hostname, Name, Caption, NOC, NOLP)VALUES('PM-PROADM035.pa.pref', 'Intel(R) Core(TM) i3-3220 CPU @ 3.30GHz', 'Intel64 Family 6 Model 58 Stepping 9', '2', '4') ON CONFLICT(Hostname) DO UPDATE SET Hostname = EXCLUDED.Hostname, Name = EXCLUDED.Name, Caption = EXCLUDED.Caption, NOC = EXCLUDED.NOC, NOLP = EXCLUDED.NOLP ;
INSERT INTO Hosts(Hostname) VALUES ('PM-PROADM035.pa.pref') ON CONFLICT(Hostname) DO UPDATE SET Hostname = EXCLUDED.Hostname ;
INSERT INTO OS(Hostname, Caption, BuildNumber, Architecture, Description) VALUES('PM-PROADM035.pa.pref', 'Microsoft Windows 10 Pro', '19044', '64 bits', 'PM-PROADM035') ON CONFLICT(Hostname) DO UPDATE SET Hostname = EXCLUDED.Hostname, Caption = EXCLUDED.Caption, BuildNumber = EXCLUDED.BuildNumber, Architecture = EXCLUDED.Architecture, Description = EXCLUDED.Description ;
INSERT INTO Hosts(Hostname) VALUES ('PM-PROADM035.pa.pref') ON CONFLICT(Hostname) DO UPDATE SET Hostname = EXCLUDED.Hostname ;
INSERT INTO Networking(Hostname, IP, Gateway, Description, Index, DHCP) VALUES ('PM-PROADM035.pa.pref', '192.168.12.114', '192.168.12.1', 'Realtek PCIe GbE Family Controller', '1', 'True') ON CONFLICT(Hostname) DO UPDATE SET Hostname = EXCLUDED.Hostname, IP = EXCLUDED.IP, Gateway = EXCLUDED.Gateway, Description = EXCLUDED.Description, Index = EXCLUDED.Index, DHCP = EXCLUDED.DHCP ;
INSERT INTO Hosts(Hostname) VALUES ('PM-128180.pa.pref') ON CONFLICT(Hostname) DO UPDATE SET Hostname = EXCLUDED.Hostname ;
INSERT INTO CPU(Hostname, Name, Caption, NOC, NOLP)VALUES('PM-128180.pa.pref', 'Intel(R) Core(TM) i3-7100 CPU @ 3.90GHz', 'Intel64 Family 6 Model 158 Stepping 9', '2', '4') ON CONFLICT(Hostname) DO UPDATE SET Hostname = EXCLUDED.Hostname, Name = EXCLUDED.Name, Caption = EXCLUDED.Caption, NOC = EXCLUDED.NOC, NOLP = EXCLUDED.NOLP ;
INSERT INTO Hosts(Hostname) VALUES ('PM-128180.pa.pref') ON CONFLICT(Hostname) DO UPDATE SET Hostname = EXCLUDED.Hostname ;
INSERT INTO OS(Hostname, Caption, BuildNumber, Architecture, Description) VALUES('PM-128180.pa.pref', 'Microsoft Windows 10 Pro', '19045', '64 bits', 'PATRIMONIO 128180') ON CONFLICT(Hostname) DO UPDATE SET Hostname = EXCLUDED.Hostname, Caption = EXCLUDED.Caption, BuildNumber = EXCLUDED.BuildNumber, Architecture = EXCLUDED.Architecture, Description = EXCLUDED.Description ;
INSERT INTO Hosts(Hostname) VALUES ('PM-128180.pa.pref') ON CONFLICT(Hostname) DO UPDATE SET Hostname = EXCLUDED.Hostname ;
INSERT INTO Networking(Hostname, IP, Gateway, Description, Index, DHCP) VALUES ('PM-128180.pa.pref', '192.168.9.221', '192.168.9.1', 'Realtek PCIe GbE Family Controller', '1', 'True') ON CONFLICT(Hostname) DO UPDATE SET Hostname = EXCLUDED.Hostname, IP = EXCLUDED.IP, Gateway = EXCLUDED.Gateway, Description = EXCLUDED.Description, Index = EXCLUDED.Index, DHCP = EXCLUDED.DHCP ;
INSERT INTO Hosts(Hostname) VALUES ('PM-SUPADM017.pa.pref') ON CONFLICT(Hostname) DO UPDATE SET Hostname = EXCLUDED.Hostname ;
INSERT INTO CPU(Hostname, Name, Caption, NOC, NOLP)VALUES('PM-SUPADM017.pa.pref', 'Intel(R) Core(TM) i3-10100 CPU @ 3.60GHz', 'Intel64 Family 6 Model 165 Stepping 3', '4', '8') ON CONFLICT(Hostname) DO UPDATE SET Hostname = EXCLUDED.Hostname, Name = EXCLUDED.Name, Caption = EXCLUDED.Caption, NOC = EXCLUDED.NOC, NOLP = EXCLUDED.NOLP ;
INSERT INTO Hosts(Hostname) VALUES ('PM-SUPADM017.pa.pref') ON CONFLICT(Hostname) DO UPDATE SET Hostname = EXCLUDED.Hostname ;
INSERT INTO OS(Hostname, Caption, BuildNumber, Architecture, Description) VALUES('PM-SUPADM017.pa.pref', 'Microsoft Windows 10 Pro', '19045', '64 bits', 'P\\174434 ANY 321 143 766') ON CONFLICT(Hostname) DO UPDATE SET Hostname = EXCLUDED.Hostname, Caption = EXCLUDED.Caption, BuildNumber = EXCLUDED.BuildNumber, Architecture = EXCLUDED.Architecture, Description = EXCLUDED.Description ;
INSERT INTO Hosts(Hostname) VALUES ('PM-SUPADM017.pa.pref') ON CONFLICT(Hostname) DO UPDATE SET Hostname = EXCLUDED.Hostname ;
INSERT INTO Networking(Hostname, IP, Gateway, Description, Index, DHCP) VALUES ('PM-SUPADM017.pa.pref', '192.168.8.208', '192.168.8.1', 'Realtek PCIe GbE Family Controller', '1', 'True') ON CONFLICT(Hostname) DO UPDATE SET Hostname = EXCLUDED.Hostname, IP = EXCLUDED.IP, Gateway = EXCLUDED.Gateway, Description = EXCLUDED.Description, Index = EXCLUDED.Index, DHCP = EXCLUDED.DHCP ;
INSERT INTO Hosts(Hostname) VALUES ('PM-SURCOM001.pa.pref') ON CONFLICT(Hostname) DO UPDATE SET Hostname = EXCLUDED.Hostname ;
INSERT INTO CPU(Hostname, Name, Caption, NOC, NOLP)VALUES('PM-SURCOM001.pa.pref', 'Intel(R) Core(TM) i5-7200U CPU @ 2.50GHz', 'Intel64 Family 6 Model 142 Stepping 9', '2', '4') ON CONFLICT(Hostname) DO UPDATE SET Hostname = EXCLUDED.Hostname, Name = EXCLUDED.Name, Caption = EXCLUDED.Caption, NOC = EXCLUDED.NOC, NOLP = EXCLUDED.NOLP ;
INSERT INTO Hosts(Hostname) VALUES ('PM-SURCOM001.pa.pref') ON CONFLICT(Hostname) DO UPDATE SET Hostname = EXCLUDED.Hostname ;
INSERT INTO OS(Hostname, Caption, BuildNumber, Architecture, Description) VALUES('PM-SURCOM001.pa.pref', 'Microsoft Windows 10 Pro', '19045', '64 bits', 'Patrimonio 145611') ON CONFLICT(Hostname) DO UPDATE SET Hostname = EXCLUDED.Hostname, Caption = EXCLUDED.Caption, BuildNumber = EXCLUDED.BuildNumber, Architecture = EXCLUDED.Architecture, Description = EXCLUDED.Description ;
INSERT INTO Hosts(Hostname) VALUES ('PM-SURCOM001.pa.pref') ON CONFLICT(Hostname) DO UPDATE SET Hostname = EXCLUDED.Hostname ;
INSERT INTO Networking(Hostname, IP, Gateway, Description, Index, DHCP) VALUES ('PM-SURCOM001.pa.pref', '192.168.198.64', '192.168.198.1', 'Realtek PCIe FE Family Controller', '1', 'True') ON CONFLICT(Hostname) DO UPDATE SET Hostname = EXCLUDED.Hostname, IP = EXCLUDED.IP, Gateway = EXCLUDED.Gateway, Description = EXCLUDED.Description, Index = EXCLUDED.Index, DHCP = EXCLUDED.DHCP ;
INSERT INTO Hosts(Hostname) VALUES ('PRINTSERVERPMPA.pa.pref') ON CONFLICT(Hostname) DO UPDATE SET Hostname = EXCLUDED.Hostname ;
INSERT INTO CPU(Hostname, Name, Caption, NOC, NOLP)VALUES('PRINTSERVERPMPA.pa.pref', 'Pentium(R) Dual-Core  CPU      E5400  @ 2.70GHz', 'x64 Family 6 Model 23 Stepping 10', '2', '2') ON CONFLICT(Hostname) DO UPDATE SET Hostname = EXCLUDED.Hostname, Name = EXCLUDED.Name, Caption = EXCLUDED.Caption, NOC = EXCLUDED.NOC, NOLP = EXCLUDED.NOLP ;
INSERT INTO Hosts(Hostname) VALUES ('PRINTSERVERPMPA.pa.pref') ON CONFLICT(Hostname) DO UPDATE SET Hostname = EXCLUDED.Hostname ;
INSERT INTO OS(Hostname, Caption, BuildNumber, Architecture, Description) VALUES('PRINTSERVERPMPA.pa.pref', 'Microsoft Windows 7 Professional ', '7601', '32-bit', NULL) ON CONFLICT(Hostname) DO UPDATE SET Hostname = EXCLUDED.Hostname, Caption = EXCLUDED.Caption, BuildNumber = EXCLUDED.BuildNumber, Architecture = EXCLUDED.Architecture, Description = EXCLUDED.Description ;
INSERT INTO Hosts(Hostname) VALUES ('PRINTSERVERPMPA.pa.pref') ON CONFLICT(Hostname) DO UPDATE SET Hostname = EXCLUDED.Hostname ;
INSERT INTO Networking(Hostname, IP, Gateway, Description, Index, DHCP) VALUES ('PRINTSERVERPMPA.pa.pref', '10.250.240.20', '10.250.240.1', 'NIC Gigabit Ethernet PCI Realtek Família RTL8169/8110 (NDIS 6.20)', '7', 'False') ON CONFLICT(Hostname) DO UPDATE SET Hostname = EXCLUDED.Hostname, IP = EXCLUDED.IP, Gateway = EXCLUDED.Gateway, Description = EXCLUDED.Description, Index = EXCLUDED.Index, DHCP = EXCLUDED.DHCP ;
INSERT INTO Hosts(Hostname) VALUES ('PM-INFO04.pa.pref') ON CONFLICT(Hostname) DO UPDATE SET Hostname = EXCLUDED.Hostname ;
INSERT INTO CPU(Hostname, Name, Caption, NOC, NOLP)VALUES('PM-INFO04.pa.pref', 'Intel(R) Core(TM) i3-10100 CPU @ 3.60GHz', 'Intel64 Family 6 Model 165 Stepping 3', '4', '8') ON CONFLICT(Hostname) DO UPDATE SET Hostname = EXCLUDED.Hostname, Name = EXCLUDED.Name, Caption = EXCLUDED.Caption, NOC = EXCLUDED.NOC, NOLP = EXCLUDED.NOLP ;
INSERT INTO Hosts(Hostname) VALUES ('PM-INFO04.pa.pref') ON CONFLICT(Hostname) DO UPDATE SET Hostname = EXCLUDED.Hostname ;
INSERT INTO OS(Hostname, Caption, BuildNumber, Architecture, Description) VALUES('PM-INFO04.pa.pref', 'Microsoft Windows 11 Pro', '22621', '64 bits', 'P-174809 A-736068092') ON CONFLICT(Hostname) DO UPDATE SET Hostname = EXCLUDED.Hostname, Caption = EXCLUDED.Caption, BuildNumber = EXCLUDED.BuildNumber, Architecture = EXCLUDED.Architecture, Description = EXCLUDED.Description ;
INSERT INTO Hosts(Hostname) VALUES ('PM-INFO04.pa.pref') ON CONFLICT(Hostname) DO UPDATE SET Hostname = EXCLUDED.Hostname ;
INSERT INTO Networking(Hostname, IP, Gateway, Description, Index, DHCP) VALUES ('PM-INFO04.pa.pref', '192.168.179.75', '192.168.179.1', 'Realtek PCIe GbE Family Controller', '1', 'True') ON CONFLICT(Hostname) DO UPDATE SET Hostname = EXCLUDED.Hostname, IP = EXCLUDED.IP, Gateway = EXCLUDED.Gateway, Description = EXCLUDED.Description, Index = EXCLUDED.Index, DHCP = EXCLUDED.DHCP ;
INSERT INTO Hosts(Hostname) VALUES ('PM-SSAUS06008.pa.pref') ON CONFLICT(Hostname) DO UPDATE SET Hostname = EXCLUDED.Hostname ;
INSERT INTO CPU(Hostname, Name, Caption, NOC, NOLP)VALUES('PM-SSAUS06008.pa.pref', 'Intel(R) Core(TM) i5-3470 CPU @ 3.20GHz', 'Intel64 Family 6 Model 58 Stepping 9', '4', '4') ON CONFLICT(Hostname) DO UPDATE SET Hostname = EXCLUDED.Hostname, Name = EXCLUDED.Name, Caption = EXCLUDED.Caption, NOC = EXCLUDED.NOC, NOLP = EXCLUDED.NOLP ;
INSERT INTO Hosts(Hostname) VALUES ('PM-SSAUS06008.pa.pref') ON CONFLICT(Hostname) DO UPDATE SET Hostname = EXCLUDED.Hostname ;
INSERT INTO OS(Hostname, Caption, BuildNumber, Architecture, Description) VALUES('PM-SSAUS06008.pa.pref', 'Microsoft Windows 10 Pro', '19044', '64 bits', NULL) ON CONFLICT(Hostname) DO UPDATE SET Hostname = EXCLUDED.Hostname, Caption = EXCLUDED.Caption, BuildNumber = EXCLUDED.BuildNumber, Architecture = EXCLUDED.Architecture, Description = EXCLUDED.Description ;
INSERT INTO Hosts(Hostname) VALUES ('PM-SSAUS06008.pa.pref') ON CONFLICT(Hostname) DO UPDATE SET Hostname = EXCLUDED.Hostname ;
INSERT INTO Networking(Hostname, IP, Gateway, Description, Index, DHCP) VALUES ('PM-SSAUS06008.pa.pref', '192.168.170.69', '192.168.170.1', 'Intel(R) 82579LM Gigabit Network Connection', '8', 'True') ON CONFLICT(Hostname) DO UPDATE SET Hostname = EXCLUDED.Hostname, IP = EXCLUDED.IP, Gateway = EXCLUDED.Gateway, Description = EXCLUDED.Description, Index = EXCLUDED.Index, DHCP = EXCLUDED.DHCP ;
INSERT INTO Hosts(Hostname) VALUES ('PM-SECED26007.pa.pref') ON CONFLICT(Hostname) DO UPDATE SET Hostname = EXCLUDED.Hostname ;
INSERT INTO CPU(Hostname, Name, Caption, NOC, NOLP)VALUES('PM-SECED26007.pa.pref', 'Intel(R) Core(TM) i3-10100 CPU @ 3.60GHz', 'Intel64 Family 6 Model 165 Stepping 3', '4', '8') ON CONFLICT(Hostname) DO UPDATE SET Hostname = EXCLUDED.Hostname, Name = EXCLUDED.Name, Caption = EXCLUDED.Caption, NOC = EXCLUDED.NOC, NOLP = EXCLUDED.NOLP ;
INSERT INTO Hosts(Hostname) VALUES ('PM-SECED26007.pa.pref') ON CONFLICT(Hostname) DO UPDATE SET Hostname = EXCLUDED.Hostname ;
INSERT INTO OS(Hostname, Caption, BuildNumber, Architecture, Description) VALUES('PM-SECED26007.pa.pref', 'Microsoft Windows 10 Pro', '19045', '64 bits', 'P-174712 A-728985202') ON CONFLICT(Hostname) DO UPDATE SET Hostname = EXCLUDED.Hostname, Caption = EXCLUDED.Caption, BuildNumber = EXCLUDED.BuildNumber, Architecture = EXCLUDED.Architecture, Description = EXCLUDED.Description ;
INSERT INTO Hosts(Hostname) VALUES ('PM-SECED26007.pa.pref') ON CONFLICT(Hostname) DO UPDATE SET Hostname = EXCLUDED.Hostname ;
INSERT INTO Networking(Hostname, IP, Gateway, Description, Index, DHCP) VALUES ('PM-SECED26007.pa.pref', '192.168.105.61', '192.168.105.1', 'Realtek PCIe GbE Family Controller', '1', 'True') ON CONFLICT(Hostname) DO UPDATE SET Hostname = EXCLUDED.Hostname, IP = EXCLUDED.IP, Gateway = EXCLUDED.Gateway, Description = EXCLUDED.Description, Index = EXCLUDED.Index, DHCP = EXCLUDED.DHCP ;
INSERT INTO Hosts(Hostname) VALUES ('PM-SSADPGF014.pa.pref') ON CONFLICT(Hostname) DO UPDATE SET Hostname = EXCLUDED.Hostname ;
INSERT INTO CPU(Hostname, Name, Caption, NOC, NOLP)VALUES('PM-SSADPGF014.pa.pref', '12th Gen Intel(R) Core(TM) i3-12100', 'Intel64 Family 6 Model 151 Stepping 5', '4', '8') ON CONFLICT(Hostname) DO UPDATE SET Hostname = EXCLUDED.Hostname, Name = EXCLUDED.Name, Caption = EXCLUDED.Caption, NOC = EXCLUDED.NOC, NOLP = EXCLUDED.NOLP ;
INSERT INTO Hosts(Hostname) VALUES ('PM-SSADPGF014.pa.pref') ON CONFLICT(Hostname) DO UPDATE SET Hostname = EXCLUDED.Hostname ;
INSERT INTO OS(Hostname, Caption, BuildNumber, Architecture, Description) VALUES('PM-SSADPGF014.pa.pref', 'Microsoft Windows 11 Pro', '22621', '64 bits', 'DPGF S/P') ON CONFLICT(Hostname) DO UPDATE SET Hostname = EXCLUDED.Hostname, Caption = EXCLUDED.Caption, BuildNumber = EXCLUDED.BuildNumber, Architecture = EXCLUDED.Architecture, Description = EXCLUDED.Description ;
INSERT INTO Hosts(Hostname) VALUES ('PM-SSADPGF014.pa.pref') ON CONFLICT(Hostname) DO UPDATE SET Hostname = EXCLUDED.Hostname ;
INSERT INTO Networking(Hostname, IP, Gateway, Description, Index, DHCP) VALUES ('PM-SSADPGF014.pa.pref', '192.168.11.72', '192.168.11.1', 'Realtek PCIe GbE Family Controller', '1', 'True') ON CONFLICT(Hostname) DO UPDATE SET Hostname = EXCLUDED.Hostname, IP = EXCLUDED.IP, Gateway = EXCLUDED.Gateway, Description = EXCLUDED.Description, Index = EXCLUDED.Index, DHCP = EXCLUDED.DHCP ;
INSERT INTO Hosts(Hostname) VALUES ('PM-SSAHPMINI040.pa.pref') ON CONFLICT(Hostname) DO UPDATE SET Hostname = EXCLUDED.Hostname ;
INSERT INTO CPU(Hostname, Name, Caption, NOC, NOLP)VALUES('PM-SSAHPMINI040.pa.pref', 'AMD Ryzen 3 PRO 4350GE with Radeon Graphics', 'AMD64 Family 23 Model 96 Stepping 1', '4', '8') ON CONFLICT(Hostname) DO UPDATE SET Hostname = EXCLUDED.Hostname, Name = EXCLUDED.Name, Caption = EXCLUDED.Caption, NOC = EXCLUDED.NOC, NOLP = EXCLUDED.NOLP ;
INSERT INTO Hosts(Hostname) VALUES ('PM-SSAHPMINI040.pa.pref') ON CONFLICT(Hostname) DO UPDATE SET Hostname = EXCLUDED.Hostname ;
INSERT INTO OS(Hostname, Caption, BuildNumber, Architecture, Description) VALUES('PM-SSAHPMINI040.pa.pref', 'Microsoft Windows 10 Pro', '19045', '64 bits', 'P-169072 A-833265219') ON CONFLICT(Hostname) DO UPDATE SET Hostname = EXCLUDED.Hostname, Caption = EXCLUDED.Caption, BuildNumber = EXCLUDED.BuildNumber, Architecture = EXCLUDED.Architecture, Description = EXCLUDED.Description ;
INSERT INTO Hosts(Hostname) VALUES ('PM-SSAHPMINI040.pa.pref') ON CONFLICT(Hostname) DO UPDATE SET Hostname = EXCLUDED.Hostname ;
INSERT INTO Networking(Hostname, IP, Gateway, Description, Index, DHCP) VALUES ('PM-SSAHPMINI040.pa.pref', '192.168.34.77', '192.168.34.1', 'Realtek RTL8852AE WiFi 6 802.11ax PCIe Adapter', '1', 'True') ON CONFLICT(Hostname) DO UPDATE SET Hostname = EXCLUDED.Hostname, IP = EXCLUDED.IP, Gateway = EXCLUDED.Gateway, Description = EXCLUDED.Description, Index = EXCLUDED.Index, DHCP = EXCLUDED.DHCP ;
INSERT INTO Hosts(Hostname) VALUES ('PM-SSATFD004.pa.pref') ON CONFLICT(Hostname) DO UPDATE SET Hostname = EXCLUDED.Hostname ;
INSERT INTO CPU(Hostname, Name, Caption, NOC, NOLP)VALUES('PM-SSATFD004.pa.pref', 'Intel(R) Core(TM) i5-3470 CPU @ 3.20GHz', 'Intel64 Family 6 Model 58 Stepping 9', '4', '4') ON CONFLICT(Hostname) DO UPDATE SET Hostname = EXCLUDED.Hostname, Name = EXCLUDED.Name, Caption = EXCLUDED.Caption, NOC = EXCLUDED.NOC, NOLP = EXCLUDED.NOLP ;
INSERT INTO Hosts(Hostname) VALUES ('PM-SSATFD004.pa.pref') ON CONFLICT(Hostname) DO UPDATE SET Hostname = EXCLUDED.Hostname ;
INSERT INTO OS(Hostname, Caption, BuildNumber, Architecture, Description) VALUES('PM-SSATFD004.pa.pref', 'Microsoft Windows 7 Professional ', '7601', '64-bit', 'Patrimônio: 118145') ON CONFLICT(Hostname) DO UPDATE SET Hostname = EXCLUDED.Hostname, Caption = EXCLUDED.Caption, BuildNumber = EXCLUDED.BuildNumber, Architecture = EXCLUDED.Architecture, Description = EXCLUDED.Description ;
INSERT INTO Hosts(Hostname) VALUES ('PM-SSATFD004.pa.pref') ON CONFLICT(Hostname) DO UPDATE SET Hostname = EXCLUDED.Hostname ;
INSERT INTO Networking(Hostname, IP, Gateway, Description, Index, DHCP) VALUES ('PM-SSATFD004.pa.pref', '192.168.11.60', '192.168.11.1', 'Intel(R) 82579LM Gigabit Network Connection', '7', 'True') ON CONFLICT(Hostname) DO UPDATE SET Hostname = EXCLUDED.Hostname, IP = EXCLUDED.IP, Gateway = EXCLUDED.Gateway, Description = EXCLUDED.Description, Index = EXCLUDED.Index, DHCP = EXCLUDED.DHCP ;
INSERT INTO Hosts(Hostname) VALUES ('PM-SAFCON03.pa.pref') ON CONFLICT(Hostname) DO UPDATE SET Hostname = EXCLUDED.Hostname ;
INSERT INTO CPU(Hostname, Name, Caption, NOC, NOLP)VALUES('PM-SAFCON03.pa.pref', '12th Gen Intel(R) Core(TM) i3-12100', 'Intel64 Family 6 Model 151 Stepping 5', '4', '8') ON CONFLICT(Hostname) DO UPDATE SET Hostname = EXCLUDED.Hostname, Name = EXCLUDED.Name, Caption = EXCLUDED.Caption, NOC = EXCLUDED.NOC, NOLP = EXCLUDED.NOLP ;
INSERT INTO Hosts(Hostname) VALUES ('PM-SAFCON03.pa.pref') ON CONFLICT(Hostname) DO UPDATE SET Hostname = EXCLUDED.Hostname ;
INSERT INTO OS(Hostname, Caption, BuildNumber, Architecture, Description) VALUES('PM-SAFCON03.pa.pref', 'Microsoft Windows 11 Pro', '22621', '64 bits', NULL) ON CONFLICT(Hostname) DO UPDATE SET Hostname = EXCLUDED.Hostname, Caption = EXCLUDED.Caption, BuildNumber = EXCLUDED.BuildNumber, Architecture = EXCLUDED.Architecture, Description = EXCLUDED.Description ;
INSERT INTO Hosts(Hostname) VALUES ('PM-SAFCON03.pa.pref') ON CONFLICT(Hostname) DO UPDATE SET Hostname = EXCLUDED.Hostname ;
INSERT INTO Networking(Hostname, IP, Gateway, Description, Index, DHCP) VALUES ('PM-SAFCON03.pa.pref', '192.168.253.237', '192.168.253.1', 'Realtek PCIe GbE Family Controller', '1', 'True') ON CONFLICT(Hostname) DO UPDATE SET Hostname = EXCLUDED.Hostname, IP = EXCLUDED.IP, Gateway = EXCLUDED.Gateway, Description = EXCLUDED.Description, Index = EXCLUDED.Index, DHCP = EXCLUDED.DHCP ;
INSERT INTO Hosts(Hostname) VALUES ('PM-SECPED045.pa.pref') ON CONFLICT(Hostname) DO UPDATE SET Hostname = EXCLUDED.Hostname ;
INSERT INTO CPU(Hostname, Name, Caption, NOC, NOLP)VALUES('PM-SECPED045.pa.pref', 'Intel(R) Core(TM) i5-3470 CPU @ 3.20GHz', 'Intel64 Family 6 Model 58 Stepping 9', '4', '4') ON CONFLICT(Hostname) DO UPDATE SET Hostname = EXCLUDED.Hostname, Name = EXCLUDED.Name, Caption = EXCLUDED.Caption, NOC = EXCLUDED.NOC, NOLP = EXCLUDED.NOLP ;
INSERT INTO Hosts(Hostname) VALUES ('PM-SECPED045.pa.pref') ON CONFLICT(Hostname) DO UPDATE SET Hostname = EXCLUDED.Hostname ;
INSERT INTO OS(Hostname, Caption, BuildNumber, Architecture, Description) VALUES('PM-SECPED045.pa.pref', 'Microsoft Windows 7 Professional ', '7601', '64-bit', NULL) ON CONFLICT(Hostname) DO UPDATE SET Hostname = EXCLUDED.Hostname, Caption = EXCLUDED.Caption, BuildNumber = EXCLUDED.BuildNumber, Architecture = EXCLUDED.Architecture, Description = EXCLUDED.Description ;
INSERT INTO Hosts(Hostname) VALUES ('PM-SECPED045.pa.pref') ON CONFLICT(Hostname) DO UPDATE SET Hostname = EXCLUDED.Hostname ;
INSERT INTO Networking(Hostname, IP, Gateway, Description, Index, DHCP) VALUES ('PM-SECPED045.pa.pref', '192.168.9.226', '192.168.9.1', 'Intel(R) 82579LM Gigabit Network Connection', '7', 'True') ON CONFLICT(Hostname) DO UPDATE SET Hostname = EXCLUDED.Hostname, IP = EXCLUDED.IP, Gateway = EXCLUDED.Gateway, Description = EXCLUDED.Description, Index = EXCLUDED.Index, DHCP = EXCLUDED.DHCP ;
INSERT INTO Hosts(Hostname) VALUES ('PM-PROADM026.pa.pref') ON CONFLICT(Hostname) DO UPDATE SET Hostname = EXCLUDED.Hostname ;
INSERT INTO CPU(Hostname, Name, Caption, NOC, NOLP)VALUES('PM-PROADM026.pa.pref', 'Intel(R) Core(TM) i3-9100 CPU @ 3.60GHz', 'Intel64 Family 6 Model 158 Stepping 11', '4', '4') ON CONFLICT(Hostname) DO UPDATE SET Hostname = EXCLUDED.Hostname, Name = EXCLUDED.Name, Caption = EXCLUDED.Caption, NOC = EXCLUDED.NOC, NOLP = EXCLUDED.NOLP ;
INSERT INTO Hosts(Hostname) VALUES ('PM-PROADM026.pa.pref') ON CONFLICT(Hostname) DO UPDATE SET Hostname = EXCLUDED.Hostname ;
INSERT INTO OS(Hostname, Caption, BuildNumber, Architecture, Description) VALUES('PM-PROADM026.pa.pref', 'Microsoft Windows 10 Pro', '19045', '64 bits', 'Patrimonio 148105') ON CONFLICT(Hostname) DO UPDATE SET Hostname = EXCLUDED.Hostname, Caption = EXCLUDED.Caption, BuildNumber = EXCLUDED.BuildNumber, Architecture = EXCLUDED.Architecture, Description = EXCLUDED.Description ;
INSERT INTO Hosts(Hostname) VALUES ('PM-PROADM026.pa.pref') ON CONFLICT(Hostname) DO UPDATE SET Hostname = EXCLUDED.Hostname ;
INSERT INTO Networking(Hostname, IP, Gateway, Description, Index, DHCP) VALUES ('PM-PROADM026.pa.pref', '192.168.12.117', '192.168.12.1', 'Intel(R) Ethernet Connection (7) I219-V', '1', 'True') ON CONFLICT(Hostname) DO UPDATE SET Hostname = EXCLUDED.Hostname, IP = EXCLUDED.IP, Gateway = EXCLUDED.Gateway, Description = EXCLUDED.Description, Index = EXCLUDED.Index, DHCP = EXCLUDED.DHCP ;
INSERT INTO Hosts(Hostname) VALUES ('PM-SECED29023.pa.pref') ON CONFLICT(Hostname) DO UPDATE SET Hostname = EXCLUDED.Hostname ;
INSERT INTO CPU(Hostname, Name, Caption, NOC, NOLP)VALUES('PM-SECED29023.pa.pref', 'Intel(R) Core(TM) i3-9100 CPU @ 3.60GHz', 'Intel64 Family 6 Model 158 Stepping 11', '4', '4') ON CONFLICT(Hostname) DO UPDATE SET Hostname = EXCLUDED.Hostname, Name = EXCLUDED.Name, Caption = EXCLUDED.Caption, NOC = EXCLUDED.NOC, NOLP = EXCLUDED.NOLP ;
INSERT INTO Hosts(Hostname) VALUES ('PM-SECED29023.pa.pref') ON CONFLICT(Hostname) DO UPDATE SET Hostname = EXCLUDED.Hostname ;
INSERT INTO OS(Hostname, Caption, BuildNumber, Architecture, Description) VALUES('PM-SECED29023.pa.pref', 'Microsoft Windows 10 Pro', '19045', '64 bits', 'Patrimonio 149675') ON CONFLICT(Hostname) DO UPDATE SET Hostname = EXCLUDED.Hostname, Caption = EXCLUDED.Caption, BuildNumber = EXCLUDED.BuildNumber, Architecture = EXCLUDED.Architecture, Description = EXCLUDED.Description ;
INSERT INTO Hosts(Hostname) VALUES ('PM-SECED29023.pa.pref') ON CONFLICT(Hostname) DO UPDATE SET Hostname = EXCLUDED.Hostname ;
INSERT INTO Networking(Hostname, IP, Gateway, Description, Index, DHCP) VALUES ('PM-SECED29023.pa.pref', '192.168.149.92', '192.168.149.1', 'Intel(R) Ethernet Connection (7) I219-V', '1', 'True') ON CONFLICT(Hostname) DO UPDATE SET Hostname = EXCLUDED.Hostname, IP = EXCLUDED.IP, Gateway = EXCLUDED.Gateway, Description = EXCLUDED.Description, Index = EXCLUDED.Index, DHCP = EXCLUDED.DHCP ;
INSERT INTO Hosts(Hostname) VALUES ('PM-SECED24007.pa.pref') ON CONFLICT(Hostname) DO UPDATE SET Hostname = EXCLUDED.Hostname ;
INSERT INTO CPU(Hostname, Name, Caption, NOC, NOLP)VALUES('PM-SECED24007.pa.pref', 'Intel(R) Core(TM) i5-3470 CPU @ 3.20GHz', 'Intel64 Family 6 Model 58 Stepping 9', '4', '4') ON CONFLICT(Hostname) DO UPDATE SET Hostname = EXCLUDED.Hostname, Name = EXCLUDED.Name, Caption = EXCLUDED.Caption, NOC = EXCLUDED.NOC, NOLP = EXCLUDED.NOLP ;
INSERT INTO Hosts(Hostname) VALUES ('PM-SECED24007.pa.pref') ON CONFLICT(Hostname) DO UPDATE SET Hostname = EXCLUDED.Hostname ;
INSERT INTO OS(Hostname, Caption, BuildNumber, Architecture, Description) VALUES('PM-SECED24007.pa.pref', 'Microsoft Windows 7 Professional ', '7601', '64-bit', 'Patrimônio: 102006') ON CONFLICT(Hostname) DO UPDATE SET Hostname = EXCLUDED.Hostname, Caption = EXCLUDED.Caption, BuildNumber = EXCLUDED.BuildNumber, Architecture = EXCLUDED.Architecture, Description = EXCLUDED.Description ;
INSERT INTO Hosts(Hostname) VALUES ('PM-SECED24007.pa.pref') ON CONFLICT(Hostname) DO UPDATE SET Hostname = EXCLUDED.Hostname ;
INSERT INTO Networking(Hostname, IP, Gateway, Description, Index, DHCP) VALUES ('PM-SECED24007.pa.pref', '192.168.179.176', '192.168.179.1', 'Intel(R) 82579LM Gigabit Network Connection', '7', 'True') ON CONFLICT(Hostname) DO UPDATE SET Hostname = EXCLUDED.Hostname, IP = EXCLUDED.IP, Gateway = EXCLUDED.Gateway, Description = EXCLUDED.Description, Index = EXCLUDED.Index, DHCP = EXCLUDED.DHCP ;
INSERT INTO Hosts(Hostname) VALUES ('PM-SPEADM001.pa.pref') ON CONFLICT(Hostname) DO UPDATE SET Hostname = EXCLUDED.Hostname ;
INSERT INTO CPU(Hostname, Name, Caption, NOC, NOLP)VALUES('PM-SPEADM001.pa.pref', 'Intel(R) Core(TM) i7-7700 CPU @ 3.60GHz', 'Intel64 Family 6 Model 158 Stepping 9', '4', '8') ON CONFLICT(Hostname) DO UPDATE SET Hostname = EXCLUDED.Hostname, Name = EXCLUDED.Name, Caption = EXCLUDED.Caption, NOC = EXCLUDED.NOC, NOLP = EXCLUDED.NOLP ;
INSERT INTO Hosts(Hostname) VALUES ('PM-SPEADM001.pa.pref') ON CONFLICT(Hostname) DO UPDATE SET Hostname = EXCLUDED.Hostname ;
INSERT INTO OS(Hostname, Caption, BuildNumber, Architecture, Description) VALUES('PM-SPEADM001.pa.pref', 'Microsoft Windows 10 Pro', '19045', '64 bits', 'Patrimonio 132459') ON CONFLICT(Hostname) DO UPDATE SET Hostname = EXCLUDED.Hostname, Caption = EXCLUDED.Caption, BuildNumber = EXCLUDED.BuildNumber, Architecture = EXCLUDED.Architecture, Description = EXCLUDED.Description ;
INSERT INTO Hosts(Hostname) VALUES ('PM-SPEADM001.pa.pref') ON CONFLICT(Hostname) DO UPDATE SET Hostname = EXCLUDED.Hostname ;
INSERT INTO Networking(Hostname, IP, Gateway, Description, Index, DHCP) VALUES ('PM-SPEADM001.pa.pref', '192.168.8.206', '192.168.8.1', 'Realtek PCIe GbE Family Controller', '1', 'True') ON CONFLICT(Hostname) DO UPDATE SET Hostname = EXCLUDED.Hostname, IP = EXCLUDED.IP, Gateway = EXCLUDED.Gateway, Description = EXCLUDED.Description, Index = EXCLUDED.Index, DHCP = EXCLUDED.DHCP ;
INSERT INTO Hosts(Hostname) VALUES ('PM-SSAUS16013.pa.pref') ON CONFLICT(Hostname) DO UPDATE SET Hostname = EXCLUDED.Hostname ;
INSERT INTO CPU(Hostname, Name, Caption, NOC, NOLP)VALUES('PM-SSAUS16013.pa.pref', 'Intel(R) Core(TM) i3-9100 CPU @ 3.60GHz', 'Intel64 Family 6 Model 158 Stepping 11', '4', '4') ON CONFLICT(Hostname) DO UPDATE SET Hostname = EXCLUDED.Hostname, Name = EXCLUDED.Name, Caption = EXCLUDED.Caption, NOC = EXCLUDED.NOC, NOLP = EXCLUDED.NOLP ;
INSERT INTO Hosts(Hostname) VALUES ('PM-SSAUS16013.pa.pref') ON CONFLICT(Hostname) DO UPDATE SET Hostname = EXCLUDED.Hostname ;
INSERT INTO OS(Hostname, Caption, BuildNumber, Architecture, Description) VALUES('PM-SSAUS16013.pa.pref', 'Microsoft Windows 10 Pro', '19045', '64 bits', NULL) ON CONFLICT(Hostname) DO UPDATE SET Hostname = EXCLUDED.Hostname, Caption = EXCLUDED.Caption, BuildNumber = EXCLUDED.BuildNumber, Architecture = EXCLUDED.Architecture, Description = EXCLUDED.Description ;
INSERT INTO Hosts(Hostname) VALUES ('PM-SSAUS16013.pa.pref') ON CONFLICT(Hostname) DO UPDATE SET Hostname = EXCLUDED.Hostname ;
INSERT INTO Networking(Hostname, IP, Gateway, Description, Index, DHCP) VALUES ('PM-SSAUS16013.pa.pref', '192.168.168.199', '192.168.168.1', 'Intel(R) Ethernet Connection (7) I219-V', '1', 'True') ON CONFLICT(Hostname) DO UPDATE SET Hostname = EXCLUDED.Hostname, IP = EXCLUDED.IP, Gateway = EXCLUDED.Gateway, Description = EXCLUDED.Description, Index = EXCLUDED.Index, DHCP = EXCLUDED.DHCP ;
INSERT INTO Hosts(Hostname) VALUES ('PM-SECPED019.pa.pref') ON CONFLICT(Hostname) DO UPDATE SET Hostname = EXCLUDED.Hostname ;
INSERT INTO CPU(Hostname, Name, Caption, NOC, NOLP)VALUES('PM-SECPED019.pa.pref', 'Intel(R) Core(TM) i3-9100 CPU @ 3.60GHz', 'Intel64 Family 6 Model 158 Stepping 11', '4', '4') ON CONFLICT(Hostname) DO UPDATE SET Hostname = EXCLUDED.Hostname, Name = EXCLUDED.Name, Caption = EXCLUDED.Caption, NOC = EXCLUDED.NOC, NOLP = EXCLUDED.NOLP ;
INSERT INTO Hosts(Hostname) VALUES ('PM-SECPED019.pa.pref') ON CONFLICT(Hostname) DO UPDATE SET Hostname = EXCLUDED.Hostname ;
INSERT INTO OS(Hostname, Caption, BuildNumber, Architecture, Description) VALUES('PM-SECPED019.pa.pref', 'Microsoft Windows 10 Pro', '19045', '64 bits', 'P-149671') ON CONFLICT(Hostname) DO UPDATE SET Hostname = EXCLUDED.Hostname, Caption = EXCLUDED.Caption, BuildNumber = EXCLUDED.BuildNumber, Architecture = EXCLUDED.Architecture, Description = EXCLUDED.Description ;
INSERT INTO Hosts(Hostname) VALUES ('PM-SECPED019.pa.pref') ON CONFLICT(Hostname) DO UPDATE SET Hostname = EXCLUDED.Hostname ;
INSERT INTO Networking(Hostname, IP, Gateway, Description, Index, DHCP) VALUES ('PM-SECPED019.pa.pref', '192.168.9.199', '192.168.9.1', 'Intel(R) Ethernet Connection (7) I219-V', '1', 'True') ON CONFLICT(Hostname) DO UPDATE SET Hostname = EXCLUDED.Hostname, IP = EXCLUDED.IP, Gateway = EXCLUDED.Gateway, Description = EXCLUDED.Description, Index = EXCLUDED.Index, DHCP = EXCLUDED.DHCP ;
INSERT INTO Hosts(Hostname) VALUES ('PM-SAFCPD011.pa.pref') ON CONFLICT(Hostname) DO UPDATE SET Hostname = EXCLUDED.Hostname ;
INSERT INTO CPU(Hostname, Name, Caption, NOC, NOLP)VALUES('PM-SAFCPD011.pa.pref', '11th Gen Intel(R) Core(TM) i5-1135G7 @ 2.40GHz', 'Intel64 Family 6 Model 140 Stepping 1', '4', '8') ON CONFLICT(Hostname) DO UPDATE SET Hostname = EXCLUDED.Hostname, Name = EXCLUDED.Name, Caption = EXCLUDED.Caption, NOC = EXCLUDED.NOC, NOLP = EXCLUDED.NOLP ;
INSERT INTO Hosts(Hostname) VALUES ('PM-SAFCPD011.pa.pref') ON CONFLICT(Hostname) DO UPDATE SET Hostname = EXCLUDED.Hostname ;
INSERT INTO OS(Hostname, Caption, BuildNumber, Architecture, Description) VALUES('PM-SAFCPD011.pa.pref', 'Microsoft Windows 11 Pro', '22621', '64 bits', NULL) ON CONFLICT(Hostname) DO UPDATE SET Hostname = EXCLUDED.Hostname, Caption = EXCLUDED.Caption, BuildNumber = EXCLUDED.BuildNumber, Architecture = EXCLUDED.Architecture, Description = EXCLUDED.Description ;
INSERT INTO Hosts(Hostname) VALUES ('PM-SAFCPD011.pa.pref') ON CONFLICT(Hostname) DO UPDATE SET Hostname = EXCLUDED.Hostname ;
INSERT INTO Networking(Hostname, IP, Gateway, Description, Index, DHCP) VALUES ('PM-SAFCPD011.pa.pref', '192.168.120.33', '192.168.120.1', 'Realtek PCIe GbE Family Controller', '2', 'False') ON CONFLICT(Hostname) DO UPDATE SET Hostname = EXCLUDED.Hostname, IP = EXCLUDED.IP, Gateway = EXCLUDED.Gateway, Description = EXCLUDED.Description, Index = EXCLUDED.Index, DHCP = EXCLUDED.DHCP ;
INSERT INTO Hosts(Hostname) VALUES ('PM-SURADM038.pa.pref') ON CONFLICT(Hostname) DO UPDATE SET Hostname = EXCLUDED.Hostname ;
INSERT INTO CPU(Hostname, Name, Caption, NOC, NOLP)VALUES('PM-SURADM038.pa.pref', 'Intel(R) Core(TM) i3-10100 CPU @ 3.60GHz', 'Intel64 Family 6 Model 165 Stepping 3', '4', '8') ON CONFLICT(Hostname) DO UPDATE SET Hostname = EXCLUDED.Hostname, Name = EXCLUDED.Name, Caption = EXCLUDED.Caption, NOC = EXCLUDED.NOC, NOLP = EXCLUDED.NOLP ;
INSERT INTO Hosts(Hostname) VALUES ('PM-SURADM038.pa.pref') ON CONFLICT(Hostname) DO UPDATE SET Hostname = EXCLUDED.Hostname ;
INSERT INTO OS(Hostname, Caption, BuildNumber, Architecture, Description) VALUES('PM-SURADM038.pa.pref', 'Microsoft Windows 10 Pro', '19045', '64 bits', 'P-175514 A-749668373') ON CONFLICT(Hostname) DO UPDATE SET Hostname = EXCLUDED.Hostname, Caption = EXCLUDED.Caption, BuildNumber = EXCLUDED.BuildNumber, Architecture = EXCLUDED.Architecture, Description = EXCLUDED.Description ;
INSERT INTO Hosts(Hostname) VALUES ('PM-SURADM038.pa.pref') ON CONFLICT(Hostname) DO UPDATE SET Hostname = EXCLUDED.Hostname ;
INSERT INTO Networking(Hostname, IP, Gateway, Description, Index, DHCP) VALUES ('PM-SURADM038.pa.pref', '192.168.198.77', '192.168.198.1', 'Realtek PCIe GbE Family Controller', '1', 'True') ON CONFLICT(Hostname) DO UPDATE SET Hostname = EXCLUDED.Hostname, IP = EXCLUDED.IP, Gateway = EXCLUDED.Gateway, Description = EXCLUDED.Description, Index = EXCLUDED.Index, DHCP = EXCLUDED.DHCP ;
INSERT INTO Hosts(Hostname) VALUES ('PM-SPSHAB005.pa.pref') ON CONFLICT(Hostname) DO UPDATE SET Hostname = EXCLUDED.Hostname ;
INSERT INTO CPU(Hostname, Name, Caption, NOC, NOLP)VALUES('PM-SPSHAB005.pa.pref', 'Intel(R) Core(TM)2 Duo CPU     E7500  @ 2.93GHz', 'x64 Family 6 Model 23 Stepping 10', '2', '2') ON CONFLICT(Hostname) DO UPDATE SET Hostname = EXCLUDED.Hostname, Name = EXCLUDED.Name, Caption = EXCLUDED.Caption, NOC = EXCLUDED.NOC, NOLP = EXCLUDED.NOLP ;
INSERT INTO Hosts(Hostname) VALUES ('PM-SPSHAB005.pa.pref') ON CONFLICT(Hostname) DO UPDATE SET Hostname = EXCLUDED.Hostname ;
INSERT INTO OS(Hostname, Caption, BuildNumber, Architecture, Description) VALUES('PM-SPSHAB005.pa.pref', 'Microsoft Windows 10 Pro', '19045', '32 bits', 'Patrimonio 100942') ON CONFLICT(Hostname) DO UPDATE SET Hostname = EXCLUDED.Hostname, Caption = EXCLUDED.Caption, BuildNumber = EXCLUDED.BuildNumber, Architecture = EXCLUDED.Architecture, Description = EXCLUDED.Description ;
INSERT INTO Hosts(Hostname) VALUES ('PM-SPSHAB005.pa.pref') ON CONFLICT(Hostname) DO UPDATE SET Hostname = EXCLUDED.Hostname ;
INSERT INTO Networking(Hostname, IP, Gateway, Description, Index, DHCP) VALUES ('PM-SPSHAB005.pa.pref', '192.168.16.103', '192.168.16.1', 'Intel(R) 82567V-4 Gigabit Network Connection', '1', 'True') ON CONFLICT(Hostname) DO UPDATE SET Hostname = EXCLUDED.Hostname, IP = EXCLUDED.IP, Gateway = EXCLUDED.Gateway, Description = EXCLUDED.Description, Index = EXCLUDED.Index, DHCP = EXCLUDED.DHCP ;
INSERT INTO Hosts(Hostname) VALUES ('PM-SSAUS24002.pa.pref') ON CONFLICT(Hostname) DO UPDATE SET Hostname = EXCLUDED.Hostname ;
INSERT INTO CPU(Hostname, Name, Caption, NOC, NOLP)VALUES('PM-SSAUS24002.pa.pref', 'AMD A10-9700 RADEON R7, 10 COMPUTE CORES 4C+6G ', 'AMD64 Family 21 Model 101 Stepping 1', '4', '4') ON CONFLICT(Hostname) DO UPDATE SET Hostname = EXCLUDED.Hostname, Name = EXCLUDED.Name, Caption = EXCLUDED.Caption, NOC = EXCLUDED.NOC, NOLP = EXCLUDED.NOLP ;
INSERT INTO Hosts(Hostname) VALUES ('PM-SSAUS24002.pa.pref') ON CONFLICT(Hostname) DO UPDATE SET Hostname = EXCLUDED.Hostname ;
INSERT INTO OS(Hostname, Caption, BuildNumber, Architecture, Description) VALUES('PM-SSAUS24002.pa.pref', 'Microsoft Windows 10 Pro', '19045', '64 bits', 'Patrimônio 142317') ON CONFLICT(Hostname) DO UPDATE SET Hostname = EXCLUDED.Hostname, Caption = EXCLUDED.Caption, BuildNumber = EXCLUDED.BuildNumber, Architecture = EXCLUDED.Architecture, Description = EXCLUDED.Description ;
INSERT INTO Hosts(Hostname) VALUES ('PM-SSAUS24002.pa.pref') ON CONFLICT(Hostname) DO UPDATE SET Hostname = EXCLUDED.Hostname ;
INSERT INTO Networking(Hostname, IP, Gateway, Description, Index, DHCP) VALUES ('PM-SSAUS24002.pa.pref', '192.168.32.129', '192.168.32.1', 'Realtek PCIe GbE Family Controller', '2', 'True') ON CONFLICT(Hostname) DO UPDATE SET Hostname = EXCLUDED.Hostname, IP = EXCLUDED.IP, Gateway = EXCLUDED.Gateway, Description = EXCLUDED.Description, Index = EXCLUDED.Index, DHCP = EXCLUDED.DHCP ;
INSERT INTO Hosts(Hostname) VALUES ('PM-SAFCON006.pa.pref') ON CONFLICT(Hostname) DO UPDATE SET Hostname = EXCLUDED.Hostname ;
INSERT INTO CPU(Hostname, Name, Caption, NOC, NOLP)VALUES('PM-SAFCON006.pa.pref', '12th Gen Intel(R) Core(TM) i3-12100', 'Intel64 Family 6 Model 151 Stepping 5', '4', '8') ON CONFLICT(Hostname) DO UPDATE SET Hostname = EXCLUDED.Hostname, Name = EXCLUDED.Name, Caption = EXCLUDED.Caption, NOC = EXCLUDED.NOC, NOLP = EXCLUDED.NOLP ;
INSERT INTO Hosts(Hostname) VALUES ('PM-SAFCON006.pa.pref') ON CONFLICT(Hostname) DO UPDATE SET Hostname = EXCLUDED.Hostname ;
INSERT INTO OS(Hostname, Caption, BuildNumber, Architecture, Description) VALUES('PM-SAFCON006.pa.pref', 'Microsoft Windows 11 Pro', '22621', '64 bits', NULL) ON CONFLICT(Hostname) DO UPDATE SET Hostname = EXCLUDED.Hostname, Caption = EXCLUDED.Caption, BuildNumber = EXCLUDED.BuildNumber, Architecture = EXCLUDED.Architecture, Description = EXCLUDED.Description ;
INSERT INTO Hosts(Hostname) VALUES ('PM-SAFCON006.pa.pref') ON CONFLICT(Hostname) DO UPDATE SET Hostname = EXCLUDED.Hostname ;
INSERT INTO Networking(Hostname, IP, Gateway, Description, Index, DHCP) VALUES ('PM-SAFCON006.pa.pref', '192.168.253.173', '192.168.253.1', 'Realtek PCIe GbE Family Controller', '1', 'True') ON CONFLICT(Hostname) DO UPDATE SET Hostname = EXCLUDED.Hostname, IP = EXCLUDED.IP, Gateway = EXCLUDED.Gateway, Description = EXCLUDED.Description, Index = EXCLUDED.Index, DHCP = EXCLUDED.DHCP ;
INSERT INTO Hosts(Hostname) VALUES ('PM-SSAUS15042.pa.pref') ON CONFLICT(Hostname) DO UPDATE SET Hostname = EXCLUDED.Hostname ;
INSERT INTO CPU(Hostname, Name, Caption, NOC, NOLP)VALUES('PM-SSAUS15042.pa.pref', 'Intel(R) Core(TM) i3-10100 CPU @ 3.60GHz', 'Intel64 Family 6 Model 165 Stepping 3', '4', '8') ON CONFLICT(Hostname) DO UPDATE SET Hostname = EXCLUDED.Hostname, Name = EXCLUDED.Name, Caption = EXCLUDED.Caption, NOC = EXCLUDED.NOC, NOLP = EXCLUDED.NOLP ;
INSERT INTO Hosts(Hostname) VALUES ('PM-SSAUS15042.pa.pref') ON CONFLICT(Hostname) DO UPDATE SET Hostname = EXCLUDED.Hostname ;
INSERT INTO OS(Hostname, Caption, BuildNumber, Architecture, Description) VALUES('PM-SSAUS15042.pa.pref', 'Microsoft Windows 10 Pro', '19045', '64 bits', 'P\174592\\ANY 614 274 594') ON CONFLICT(Hostname) DO UPDATE SET Hostname = EXCLUDED.Hostname, Caption = EXCLUDED.Caption, BuildNumber = EXCLUDED.BuildNumber, Architecture = EXCLUDED.Architecture, Description = EXCLUDED.Description ;
INSERT INTO Hosts(Hostname) VALUES ('PM-SSAUS15042.pa.pref') ON CONFLICT(Hostname) DO UPDATE SET Hostname = EXCLUDED.Hostname ;
INSERT INTO Networking(Hostname, IP, Gateway, Description, Index, DHCP) VALUES ('PM-SSAUS15042.pa.pref', '192.168.186.156', '192.168.186.1', '802.11n USB Wireless LAN Card', '3', 'True') ON CONFLICT(Hostname) DO UPDATE SET Hostname = EXCLUDED.Hostname, IP = EXCLUDED.IP, Gateway = EXCLUDED.Gateway, Description = EXCLUDED.Description, Index = EXCLUDED.Index, DHCP = EXCLUDED.DHCP ;
INSERT INTO Hosts(Hostname) VALUES ('PM-SAFFTR012.pa.pref') ON CONFLICT(Hostname) DO UPDATE SET Hostname = EXCLUDED.Hostname ;
INSERT INTO CPU(Hostname, Name, Caption, NOC, NOLP)VALUES('PM-SAFFTR012.pa.pref', NULL, NULL, NULL, NULL) ON CONFLICT(Hostname) DO UPDATE SET Hostname = EXCLUDED.Hostname, Name = EXCLUDED.Name, Caption = EXCLUDED.Caption, NOC = EXCLUDED.NOC, NOLP = EXCLUDED.NOLP ;
INSERT INTO Hosts(Hostname) VALUES ('PM-SAFFTR012.pa.pref') ON CONFLICT(Hostname) DO UPDATE SET Hostname = EXCLUDED.Hostname ;
INSERT INTO OS(Hostname, Caption, BuildNumber, Architecture, Description) VALUES('PM-SAFFTR012.pa.pref', NULL, NULL, NULL, NULL) ON CONFLICT(Hostname) DO UPDATE SET Hostname = EXCLUDED.Hostname, Caption = EXCLUDED.Caption, BuildNumber = EXCLUDED.BuildNumber, Architecture = EXCLUDED.Architecture, Description = EXCLUDED.Description ;
INSERT INTO Hosts(Hostname) VALUES ('PM-SAFFTR012.pa.pref') ON CONFLICT(Hostname) DO UPDATE SET Hostname = EXCLUDED.Hostname ;
INSERT INTO Networking(Hostname, IP, Gateway, Description, Index, DHCP) VALUES ('PM-SAFFTR012.pa.pref', NULL, NULL, NULL, NULL, NULL) ON CONFLICT(Hostname) DO UPDATE SET Hostname = EXCLUDED.Hostname, IP = EXCLUDED.IP, Gateway = EXCLUDED.Gateway, Description = EXCLUDED.Description, Index = EXCLUDED.Index, DHCP = EXCLUDED.DHCP ;
INSERT INTO Hosts(Hostname) VALUES ('PM-SECED27044.pa.pref') ON CONFLICT(Hostname) DO UPDATE SET Hostname = EXCLUDED.Hostname ;
INSERT INTO CPU(Hostname, Name, Caption, NOC, NOLP)VALUES('PM-SECED27044.pa.pref', 'Intel(R) Core(TM) i3-10100 CPU @ 3.60GHz', 'Intel64 Family 6 Model 165 Stepping 3', '4', '8') ON CONFLICT(Hostname) DO UPDATE SET Hostname = EXCLUDED.Hostname, Name = EXCLUDED.Name, Caption = EXCLUDED.Caption, NOC = EXCLUDED.NOC, NOLP = EXCLUDED.NOLP ;
INSERT INTO Hosts(Hostname) VALUES ('PM-SECED27044.pa.pref') ON CONFLICT(Hostname) DO UPDATE SET Hostname = EXCLUDED.Hostname ;
INSERT INTO OS(Hostname, Caption, BuildNumber, Architecture, Description) VALUES('PM-SECED27044.pa.pref', 'Microsoft Windows 10 Pro', '19045', '64 bits', 'P-174722 A-839143905') ON CONFLICT(Hostname) DO UPDATE SET Hostname = EXCLUDED.Hostname, Caption = EXCLUDED.Caption, BuildNumber = EXCLUDED.BuildNumber, Architecture = EXCLUDED.Architecture, Description = EXCLUDED.Description ;
INSERT INTO Hosts(Hostname) VALUES ('PM-SECED27044.pa.pref') ON CONFLICT(Hostname) DO UPDATE SET Hostname = EXCLUDED.Hostname ;
INSERT INTO Networking(Hostname, IP, Gateway, Description, Index, DHCP) VALUES ('PM-SECED27044.pa.pref', '192.168.110.230', '192.168.110.1', 'Realtek PCIe GbE Family Controller', '1', 'True') ON CONFLICT(Hostname) DO UPDATE SET Hostname = EXCLUDED.Hostname, IP = EXCLUDED.IP, Gateway = EXCLUDED.Gateway, Description = EXCLUDED.Description, Index = EXCLUDED.Index, DHCP = EXCLUDED.DHCP ;
INSERT INTO Hosts(Hostname) VALUES ('PM-SSAHPMINI063.pa.pref') ON CONFLICT(Hostname) DO UPDATE SET Hostname = EXCLUDED.Hostname ;
INSERT INTO CPU(Hostname, Name, Caption, NOC, NOLP)VALUES('PM-SSAHPMINI063.pa.pref', 'AMD Ryzen 3 PRO 4350GE with Radeon Graphics', 'AMD64 Family 23 Model 96 Stepping 1', '4', '8') ON CONFLICT(Hostname) DO UPDATE SET Hostname = EXCLUDED.Hostname, Name = EXCLUDED.Name, Caption = EXCLUDED.Caption, NOC = EXCLUDED.NOC, NOLP = EXCLUDED.NOLP ;
INSERT INTO Hosts(Hostname) VALUES ('PM-SSAHPMINI063.pa.pref') ON CONFLICT(Hostname) DO UPDATE SET Hostname = EXCLUDED.Hostname ;
INSERT INTO OS(Hostname, Caption, BuildNumber, Architecture, Description) VALUES('PM-SSAHPMINI063.pa.pref', 'Microsoft Windows 10 Pro', '19045', '64 bits', 'P-169071 A-444237462') ON CONFLICT(Hostname) DO UPDATE SET Hostname = EXCLUDED.Hostname, Caption = EXCLUDED.Caption, BuildNumber = EXCLUDED.BuildNumber, Architecture = EXCLUDED.Architecture, Description = EXCLUDED.Description ;
INSERT INTO Hosts(Hostname) VALUES ('PM-SSAHPMINI063.pa.pref') ON CONFLICT(Hostname) DO UPDATE SET Hostname = EXCLUDED.Hostname ;
INSERT INTO Networking(Hostname, IP, Gateway, Description, Index, DHCP) VALUES ('PM-SSAHPMINI063.pa.pref', '192.168.11.230', '192.168.11.1', 'Realtek PCIe GbE Family Controller', '1', 'True') ON CONFLICT(Hostname) DO UPDATE SET Hostname = EXCLUDED.Hostname, IP = EXCLUDED.IP, Gateway = EXCLUDED.Gateway, Description = EXCLUDED.Description, Index = EXCLUDED.Index, DHCP = EXCLUDED.DHCP ;
INSERT INTO Hosts(Hostname) VALUES ('PM-95757.pa.pref') ON CONFLICT(Hostname) DO UPDATE SET Hostname = EXCLUDED.Hostname ;
INSERT INTO CPU(Hostname, Name, Caption, NOC, NOLP)VALUES('PM-95757.pa.pref', 'Intel(R) Core(TM) i3-2120 CPU @ 3.30GHz', 'Intel64 Family 6 Model 42 Stepping 7', '2', '4') ON CONFLICT(Hostname) DO UPDATE SET Hostname = EXCLUDED.Hostname, Name = EXCLUDED.Name, Caption = EXCLUDED.Caption, NOC = EXCLUDED.NOC, NOLP = EXCLUDED.NOLP ;
INSERT INTO Hosts(Hostname) VALUES ('PM-95757.pa.pref') ON CONFLICT(Hostname) DO UPDATE SET Hostname = EXCLUDED.Hostname ;
INSERT INTO OS(Hostname, Caption, BuildNumber, Architecture, Description) VALUES('PM-95757.pa.pref', 'Microsoft Windows 10 Pro', '19044', '64 bits', 'PM-95757') ON CONFLICT(Hostname) DO UPDATE SET Hostname = EXCLUDED.Hostname, Caption = EXCLUDED.Caption, BuildNumber = EXCLUDED.BuildNumber, Architecture = EXCLUDED.Architecture, Description = EXCLUDED.Description ;
INSERT INTO Hosts(Hostname) VALUES ('PM-95757.pa.pref') ON CONFLICT(Hostname) DO UPDATE SET Hostname = EXCLUDED.Hostname ;
INSERT INTO Networking(Hostname, IP, Gateway, Description, Index, DHCP) VALUES ('PM-95757.pa.pref', '192.168.9.178', '192.168.9.1', 'Realtek PCIe GbE Family Controller', '1', 'True') ON CONFLICT(Hostname) DO UPDATE SET Hostname = EXCLUDED.Hostname, IP = EXCLUDED.IP, Gateway = EXCLUDED.Gateway, Description = EXCLUDED.Description, Index = EXCLUDED.Index, DHCP = EXCLUDED.DHCP ;
INSERT INTO Hosts(Hostname) VALUES ('PM-SSAUS12001.pa.pref') ON CONFLICT(Hostname) DO UPDATE SET Hostname = EXCLUDED.Hostname ;
INSERT INTO CPU(Hostname, Name, Caption, NOC, NOLP)VALUES('PM-SSAUS12001.pa.pref', 'AMD A10-9700 RADEON R7, 10 COMPUTE CORES 4C+6G ', 'AMD64 Family 21 Model 101 Stepping 1', '4', '4') ON CONFLICT(Hostname) DO UPDATE SET Hostname = EXCLUDED.Hostname, Name = EXCLUDED.Name, Caption = EXCLUDED.Caption, NOC = EXCLUDED.NOC, NOLP = EXCLUDED.NOLP ;
INSERT INTO Hosts(Hostname) VALUES ('PM-SSAUS12001.pa.pref') ON CONFLICT(Hostname) DO UPDATE SET Hostname = EXCLUDED.Hostname ;
INSERT INTO OS(Hostname, Caption, BuildNumber, Architecture, Description) VALUES('PM-SSAUS12001.pa.pref', 'Microsoft Windows 10 Pro', '19045', '64 bits', 'Patrimonio 142651') ON CONFLICT(Hostname) DO UPDATE SET Hostname = EXCLUDED.Hostname, Caption = EXCLUDED.Caption, BuildNumber = EXCLUDED.BuildNumber, Architecture = EXCLUDED.Architecture, Description = EXCLUDED.Description ;
INSERT INTO Hosts(Hostname) VALUES ('PM-SSAUS12001.pa.pref') ON CONFLICT(Hostname) DO UPDATE SET Hostname = EXCLUDED.Hostname ;
INSERT INTO Networking(Hostname, IP, Gateway, Description, Index, DHCP) VALUES ('PM-SSAUS12001.pa.pref', '192.168.201.18', '192.168.201.1', 'TP-Link Wireless N PCI Express Adapter', '1', 'True') ON CONFLICT(Hostname) DO UPDATE SET Hostname = EXCLUDED.Hostname, IP = EXCLUDED.IP, Gateway = EXCLUDED.Gateway, Description = EXCLUDED.Description, Index = EXCLUDED.Index, DHCP = EXCLUDED.DHCP ;
INSERT INTO Hosts(Hostname) VALUES ('PM-SSAHPMINI001.pa.pref') ON CONFLICT(Hostname) DO UPDATE SET Hostname = EXCLUDED.Hostname ;
INSERT INTO CPU(Hostname, Name, Caption, NOC, NOLP)VALUES('PM-SSAHPMINI001.pa.pref', 'AMD Ryzen 3 PRO 4350GE with Radeon Graphics', 'AMD64 Family 23 Model 96 Stepping 1', '4', '8') ON CONFLICT(Hostname) DO UPDATE SET Hostname = EXCLUDED.Hostname, Name = EXCLUDED.Name, Caption = EXCLUDED.Caption, NOC = EXCLUDED.NOC, NOLP = EXCLUDED.NOLP ;
INSERT INTO Hosts(Hostname) VALUES ('PM-SSAHPMINI001.pa.pref') ON CONFLICT(Hostname) DO UPDATE SET Hostname = EXCLUDED.Hostname ;
INSERT INTO OS(Hostname, Caption, BuildNumber, Architecture, Description) VALUES('PM-SSAHPMINI001.pa.pref', 'Microsoft Windows 10 Pro', '19045', '64 bits', 'P-169100 A-302319496') ON CONFLICT(Hostname) DO UPDATE SET Hostname = EXCLUDED.Hostname, Caption = EXCLUDED.Caption, BuildNumber = EXCLUDED.BuildNumber, Architecture = EXCLUDED.Architecture, Description = EXCLUDED.Description ;
INSERT INTO Hosts(Hostname) VALUES ('PM-SSAHPMINI001.pa.pref') ON CONFLICT(Hostname) DO UPDATE SET Hostname = EXCLUDED.Hostname ;
INSERT INTO Networking(Hostname, IP, Gateway, Description, Index, DHCP) VALUES ('PM-SSAHPMINI001.pa.pref', '192.168.135.21', '192.168.135.1', 'Realtek PCIe GbE Family Controller', '3', 'True') ON CONFLICT(Hostname) DO UPDATE SET Hostname = EXCLUDED.Hostname, IP = EXCLUDED.IP, Gateway = EXCLUDED.Gateway, Description = EXCLUDED.Description, Index = EXCLUDED.Index, DHCP = EXCLUDED.DHCP ;
INSERT INTO Hosts(Hostname) VALUES ('PM-SSAUS14001.pa.pref') ON CONFLICT(Hostname) DO UPDATE SET Hostname = EXCLUDED.Hostname ;
INSERT INTO CPU(Hostname, Name, Caption, NOC, NOLP)VALUES('PM-SSAUS14001.pa.pref', 'Intel(R) Core(TM)2 Duo CPU     E7500  @ 2.93GHz', 'Intel64 Family 6 Model 23 Stepping 10', '2', '2') ON CONFLICT(Hostname) DO UPDATE SET Hostname = EXCLUDED.Hostname, Name = EXCLUDED.Name, Caption = EXCLUDED.Caption, NOC = EXCLUDED.NOC, NOLP = EXCLUDED.NOLP ;
INSERT INTO Hosts(Hostname) VALUES ('PM-SSAUS14001.pa.pref') ON CONFLICT(Hostname) DO UPDATE SET Hostname = EXCLUDED.Hostname ;
INSERT INTO OS(Hostname, Caption, BuildNumber, Architecture, Description) VALUES('PM-SSAUS14001.pa.pref', 'Microsoft Windows 10 Pro', '19045', '64 bits', 'PM-SSAUS14001') ON CONFLICT(Hostname) DO UPDATE SET Hostname = EXCLUDED.Hostname, Caption = EXCLUDED.Caption, BuildNumber = EXCLUDED.BuildNumber, Architecture = EXCLUDED.Architecture, Description = EXCLUDED.Description ;
INSERT INTO Hosts(Hostname) VALUES ('PM-SSAUS14001.pa.pref') ON CONFLICT(Hostname) DO UPDATE SET Hostname = EXCLUDED.Hostname ;
INSERT INTO Networking(Hostname, IP, Gateway, Description, Index, DHCP) VALUES ('PM-SSAUS14001.pa.pref', '192.168.136.72', '192.168.136.1', 'Intel(R) 82567V-4 Gigabit Network Connection', '1', 'True') ON CONFLICT(Hostname) DO UPDATE SET Hostname = EXCLUDED.Hostname, IP = EXCLUDED.IP, Gateway = EXCLUDED.Gateway, Description = EXCLUDED.Description, Index = EXCLUDED.Index, DHCP = EXCLUDED.DHCP ;
INSERT INTO Hosts(Hostname) VALUES ('PM-SECED27041.pa.pref') ON CONFLICT(Hostname) DO UPDATE SET Hostname = EXCLUDED.Hostname ;
INSERT INTO CPU(Hostname, Name, Caption, NOC, NOLP)VALUES('PM-SECED27041.pa.pref', 'Intel(R) Core(TM) i3-10100 CPU @ 3.60GHz', 'Intel64 Family 6 Model 165 Stepping 3', '4', '8') ON CONFLICT(Hostname) DO UPDATE SET Hostname = EXCLUDED.Hostname, Name = EXCLUDED.Name, Caption = EXCLUDED.Caption, NOC = EXCLUDED.NOC, NOLP = EXCLUDED.NOLP ;
INSERT INTO Hosts(Hostname) VALUES ('PM-SECED27041.pa.pref') ON CONFLICT(Hostname) DO UPDATE SET Hostname = EXCLUDED.Hostname ;
INSERT INTO OS(Hostname, Caption, BuildNumber, Architecture, Description) VALUES('PM-SECED27041.pa.pref', 'Microsoft Windows 10 Pro', '19045', '64 bits', 'P-174724 A-604572626') ON CONFLICT(Hostname) DO UPDATE SET Hostname = EXCLUDED.Hostname, Caption = EXCLUDED.Caption, BuildNumber = EXCLUDED.BuildNumber, Architecture = EXCLUDED.Architecture, Description = EXCLUDED.Description ;
INSERT INTO Hosts(Hostname) VALUES ('PM-SECED27041.pa.pref') ON CONFLICT(Hostname) DO UPDATE SET Hostname = EXCLUDED.Hostname ;
INSERT INTO Networking(Hostname, IP, Gateway, Description, Index, DHCP) VALUES ('PM-SECED27041.pa.pref', '192.168.110.129', '192.168.110.1', 'Realtek PCIe GbE Family Controller', '1', 'True') ON CONFLICT(Hostname) DO UPDATE SET Hostname = EXCLUDED.Hostname, IP = EXCLUDED.IP, Gateway = EXCLUDED.Gateway, Description = EXCLUDED.Description, Index = EXCLUDED.Index, DHCP = EXCLUDED.DHCP ;
INSERT INTO Hosts(Hostname) VALUES ('PM-SSAAADM015.pa.pref') ON CONFLICT(Hostname) DO UPDATE SET Hostname = EXCLUDED.Hostname ;
INSERT INTO CPU(Hostname, Name, Caption, NOC, NOLP)VALUES('PM-SSAAADM015.pa.pref', '12th Gen Intel(R) Core(TM) i3-12100', 'Intel64 Family 6 Model 151 Stepping 5', '4', '8') ON CONFLICT(Hostname) DO UPDATE SET Hostname = EXCLUDED.Hostname, Name = EXCLUDED.Name, Caption = EXCLUDED.Caption, NOC = EXCLUDED.NOC, NOLP = EXCLUDED.NOLP ;
INSERT INTO Hosts(Hostname) VALUES ('PM-SSAAADM015.pa.pref') ON CONFLICT(Hostname) DO UPDATE SET Hostname = EXCLUDED.Hostname ;
INSERT INTO OS(Hostname, Caption, BuildNumber, Architecture, Description) VALUES('PM-SSAAADM015.pa.pref', 'Microsoft Windows 11 Pro', '22621', '64 bits', 'P-sempatrimonio A-907651091') ON CONFLICT(Hostname) DO UPDATE SET Hostname = EXCLUDED.Hostname, Caption = EXCLUDED.Caption, BuildNumber = EXCLUDED.BuildNumber, Architecture = EXCLUDED.Architecture, Description = EXCLUDED.Description ;
INSERT INTO Hosts(Hostname) VALUES ('PM-SSAAADM015.pa.pref') ON CONFLICT(Hostname) DO UPDATE SET Hostname = EXCLUDED.Hostname ;
INSERT INTO Networking(Hostname, IP, Gateway, Description, Index, DHCP) VALUES ('PM-SSAAADM015.pa.pref', '192.168.8.222', '192.168.8.1', 'Realtek PCIe GbE Family Controller', '1', 'True') ON CONFLICT(Hostname) DO UPDATE SET Hostname = EXCLUDED.Hostname, IP = EXCLUDED.IP, Gateway = EXCLUDED.Gateway, Description = EXCLUDED.Description, Index = EXCLUDED.Index, DHCP = EXCLUDED.DHCP ;
INSERT INTO Hosts(Hostname) VALUES ('PM-SSAUS27011.pa.pref') ON CONFLICT(Hostname) DO UPDATE SET Hostname = EXCLUDED.Hostname ;
INSERT INTO CPU(Hostname, Name, Caption, NOC, NOLP)VALUES('PM-SSAUS27011.pa.pref', 'Intel(R) Core(TM) i3-3220 CPU @ 3.30GHz', 'x64 Family 6 Model 58 Stepping 9', '2', '4') ON CONFLICT(Hostname) DO UPDATE SET Hostname = EXCLUDED.Hostname, Name = EXCLUDED.Name, Caption = EXCLUDED.Caption, NOC = EXCLUDED.NOC, NOLP = EXCLUDED.NOLP ;
INSERT INTO Hosts(Hostname) VALUES ('PM-SSAUS27011.pa.pref') ON CONFLICT(Hostname) DO UPDATE SET Hostname = EXCLUDED.Hostname ;
INSERT INTO OS(Hostname, Caption, BuildNumber, Architecture, Description) VALUES('PM-SSAUS27011.pa.pref', 'Microsoft Windows 7 Professional ', '7601', '32-bit', 'Patrimonio 98296') ON CONFLICT(Hostname) DO UPDATE SET Hostname = EXCLUDED.Hostname, Caption = EXCLUDED.Caption, BuildNumber = EXCLUDED.BuildNumber, Architecture = EXCLUDED.Architecture, Description = EXCLUDED.Description ;
INSERT INTO Hosts(Hostname) VALUES ('PM-SSAUS27011.pa.pref') ON CONFLICT(Hostname) DO UPDATE SET Hostname = EXCLUDED.Hostname ;
INSERT INTO Networking(Hostname, IP, Gateway, Description, Index, DHCP) VALUES ('PM-SSAUS27011.pa.pref', '192.168.222.33', '192.168.222.1', 'Realtek PCIe GBE Family Controller', '7', 'True') ON CONFLICT(Hostname) DO UPDATE SET Hostname = EXCLUDED.Hostname, IP = EXCLUDED.IP, Gateway = EXCLUDED.Gateway, Description = EXCLUDED.Description, Index = EXCLUDED.Index, DHCP = EXCLUDED.DHCP ;
INSERT INTO Hosts(Hostname) VALUES ('PM-SPSPEM004.pa.pref') ON CONFLICT(Hostname) DO UPDATE SET Hostname = EXCLUDED.Hostname ;
INSERT INTO CPU(Hostname, Name, Caption, NOC, NOLP)VALUES('PM-SPSPEM004.pa.pref', 'Intel(R) Core(TM) i3 CPU         530  @ 2.93GHz', 'x64 Family 6 Model 37 Stepping 2', '2', '4') ON CONFLICT(Hostname) DO UPDATE SET Hostname = EXCLUDED.Hostname, Name = EXCLUDED.Name, Caption = EXCLUDED.Caption, NOC = EXCLUDED.NOC, NOLP = EXCLUDED.NOLP ;
INSERT INTO Hosts(Hostname) VALUES ('PM-SPSPEM004.pa.pref') ON CONFLICT(Hostname) DO UPDATE SET Hostname = EXCLUDED.Hostname ;
INSERT INTO OS(Hostname, Caption, BuildNumber, Architecture, Description) VALUES('PM-SPSPEM004.pa.pref', 'Microsoft Windows 7 Professional ', '7601', '32-bit', 'Patrimonio 137151') ON CONFLICT(Hostname) DO UPDATE SET Hostname = EXCLUDED.Hostname, Caption = EXCLUDED.Caption, BuildNumber = EXCLUDED.BuildNumber, Architecture = EXCLUDED.Architecture, Description = EXCLUDED.Description ;
INSERT INTO Hosts(Hostname) VALUES ('PM-SPSPEM004.pa.pref') ON CONFLICT(Hostname) DO UPDATE SET Hostname = EXCLUDED.Hostname ;
INSERT INTO Networking(Hostname, IP, Gateway, Description, Index, DHCP) VALUES ('PM-SPSPEM004.pa.pref', '192.168.24.107', '192.168.24.1', 'Intel(R) 82578DC Gigabit Network Connection', '7', 'True') ON CONFLICT(Hostname) DO UPDATE SET Hostname = EXCLUDED.Hostname, IP = EXCLUDED.IP, Gateway = EXCLUDED.Gateway, Description = EXCLUDED.Description, Index = EXCLUDED.Index, DHCP = EXCLUDED.DHCP ;
INSERT INTO Hosts(Hostname) VALUES ('PM-183825.pa.pref') ON CONFLICT(Hostname) DO UPDATE SET Hostname = EXCLUDED.Hostname ;
INSERT INTO CPU(Hostname, Name, Caption, NOC, NOLP)VALUES('PM-183825.pa.pref', '12th Gen Intel(R) Core(TM) i3-12100', 'Intel64 Family 6 Model 151 Stepping 5', '4', '8') ON CONFLICT(Hostname) DO UPDATE SET Hostname = EXCLUDED.Hostname, Name = EXCLUDED.Name, Caption = EXCLUDED.Caption, NOC = EXCLUDED.NOC, NOLP = EXCLUDED.NOLP ;
INSERT INTO Hosts(Hostname) VALUES ('PM-183825.pa.pref') ON CONFLICT(Hostname) DO UPDATE SET Hostname = EXCLUDED.Hostname ;
INSERT INTO OS(Hostname, Caption, BuildNumber, Architecture, Description) VALUES('PM-183825.pa.pref', 'Microsoft Windows 11 Pro', '22621', '64 bits', NULL) ON CONFLICT(Hostname) DO UPDATE SET Hostname = EXCLUDED.Hostname, Caption = EXCLUDED.Caption, BuildNumber = EXCLUDED.BuildNumber, Architecture = EXCLUDED.Architecture, Description = EXCLUDED.Description ;
INSERT INTO Hosts(Hostname) VALUES ('PM-183825.pa.pref') ON CONFLICT(Hostname) DO UPDATE SET Hostname = EXCLUDED.Hostname ;
INSERT INTO Networking(Hostname, IP, Gateway, Description, Index, DHCP) VALUES ('PM-183825.pa.pref', '192.168.8.220', '192.168.8.1', 'Realtek PCIe GbE Family Controller', '1', 'True') ON CONFLICT(Hostname) DO UPDATE SET Hostname = EXCLUDED.Hostname, IP = EXCLUDED.IP, Gateway = EXCLUDED.Gateway, Description = EXCLUDED.Description, Index = EXCLUDED.Index, DHCP = EXCLUDED.DHCP ;
INSERT INTO Hosts(Hostname) VALUES ('PM-GABDEF001.pa.pref') ON CONFLICT(Hostname) DO UPDATE SET Hostname = EXCLUDED.Hostname ;
INSERT INTO CPU(Hostname, Name, Caption, NOC, NOLP)VALUES('PM-GABDEF001.pa.pref', 'Intel(R) Core(TM) i3-7100 CPU @ 3.90GHz', 'Intel64 Family 6 Model 158 Stepping 9', '2', '4') ON CONFLICT(Hostname) DO UPDATE SET Hostname = EXCLUDED.Hostname, Name = EXCLUDED.Name, Caption = EXCLUDED.Caption, NOC = EXCLUDED.NOC, NOLP = EXCLUDED.NOLP ;
INSERT INTO Hosts(Hostname) VALUES ('PM-GABDEF001.pa.pref') ON CONFLICT(Hostname) DO UPDATE SET Hostname = EXCLUDED.Hostname ;
INSERT INTO OS(Hostname, Caption, BuildNumber, Architecture, Description) VALUES('PM-GABDEF001.pa.pref', 'Microsoft Windows 10 Pro', '19045', '64 bits', 'Patrimonio 132188') ON CONFLICT(Hostname) DO UPDATE SET Hostname = EXCLUDED.Hostname, Caption = EXCLUDED.Caption, BuildNumber = EXCLUDED.BuildNumber, Architecture = EXCLUDED.Architecture, Description = EXCLUDED.Description ;
INSERT INTO Hosts(Hostname) VALUES ('PM-GABDEF001.pa.pref') ON CONFLICT(Hostname) DO UPDATE SET Hostname = EXCLUDED.Hostname ;
INSERT INTO Networking(Hostname, IP, Gateway, Description, Index, DHCP) VALUES ('PM-GABDEF001.pa.pref', '192.168.189.93', '192.168.189.1', 'Realtek PCIe GBE Family Controller', '1', 'True') ON CONFLICT(Hostname) DO UPDATE SET Hostname = EXCLUDED.Hostname, IP = EXCLUDED.IP, Gateway = EXCLUDED.Gateway, Description = EXCLUDED.Description, Index = EXCLUDED.Index, DHCP = EXCLUDED.DHCP ;
INSERT INTO Hosts(Hostname) VALUES ('PM-SAFGEO012.pa.pref') ON CONFLICT(Hostname) DO UPDATE SET Hostname = EXCLUDED.Hostname ;
INSERT INTO CPU(Hostname, Name, Caption, NOC, NOLP)VALUES('PM-SAFGEO012.pa.pref', '12th Gen Intel(R) Core(TM) i7-12700', 'Intel64 Family 6 Model 151 Stepping 2', '12', '20') ON CONFLICT(Hostname) DO UPDATE SET Hostname = EXCLUDED.Hostname, Name = EXCLUDED.Name, Caption = EXCLUDED.Caption, NOC = EXCLUDED.NOC, NOLP = EXCLUDED.NOLP ;
INSERT INTO Hosts(Hostname) VALUES ('PM-SAFGEO012.pa.pref') ON CONFLICT(Hostname) DO UPDATE SET Hostname = EXCLUDED.Hostname ;
INSERT INTO OS(Hostname, Caption, BuildNumber, Architecture, Description) VALUES('PM-SAFGEO012.pa.pref', 'Microsoft Windows 10 Pro', '19045', '64 bits', 'P-168546') ON CONFLICT(Hostname) DO UPDATE SET Hostname = EXCLUDED.Hostname, Caption = EXCLUDED.Caption, BuildNumber = EXCLUDED.BuildNumber, Architecture = EXCLUDED.Architecture, Description = EXCLUDED.Description ;
INSERT INTO Hosts(Hostname) VALUES ('PM-SAFGEO012.pa.pref') ON CONFLICT(Hostname) DO UPDATE SET Hostname = EXCLUDED.Hostname ;
INSERT INTO Networking(Hostname, IP, Gateway, Description, Index, DHCP) VALUES ('PM-SAFGEO012.pa.pref', '192.168.223.127', '192.168.223.1', 'Intel(R) Ethernet Connection (17) I219-LM', '1', 'True') ON CONFLICT(Hostname) DO UPDATE SET Hostname = EXCLUDED.Hostname, IP = EXCLUDED.IP, Gateway = EXCLUDED.Gateway, Description = EXCLUDED.Description, Index = EXCLUDED.Index, DHCP = EXCLUDED.DHCP ;
INSERT INTO Hosts(Hostname) VALUES ('PM-PROADM023.pa.pref') ON CONFLICT(Hostname) DO UPDATE SET Hostname = EXCLUDED.Hostname ;
INSERT INTO CPU(Hostname, Name, Caption, NOC, NOLP)VALUES('PM-PROADM023.pa.pref', 'Intel(R) Core(TM) i3-9100 CPU @ 3.60GHz', 'Intel64 Family 6 Model 158 Stepping 11', '4', '4') ON CONFLICT(Hostname) DO UPDATE SET Hostname = EXCLUDED.Hostname, Name = EXCLUDED.Name, Caption = EXCLUDED.Caption, NOC = EXCLUDED.NOC, NOLP = EXCLUDED.NOLP ;
INSERT INTO Hosts(Hostname) VALUES ('PM-PROADM023.pa.pref') ON CONFLICT(Hostname) DO UPDATE SET Hostname = EXCLUDED.Hostname ;
INSERT INTO OS(Hostname, Caption, BuildNumber, Architecture, Description) VALUES('PM-PROADM023.pa.pref', 'Microsoft Windows 10 Pro', '19043', '64 bits', 'Patrimonio 148099') ON CONFLICT(Hostname) DO UPDATE SET Hostname = EXCLUDED.Hostname, Caption = EXCLUDED.Caption, BuildNumber = EXCLUDED.BuildNumber, Architecture = EXCLUDED.Architecture, Description = EXCLUDED.Description ;
INSERT INTO Hosts(Hostname) VALUES ('PM-PROADM023.pa.pref') ON CONFLICT(Hostname) DO UPDATE SET Hostname = EXCLUDED.Hostname ;
INSERT INTO Networking(Hostname, IP, Gateway, Description, Index, DHCP) VALUES ('PM-PROADM023.pa.pref', '192.168.12.141', '192.168.12.1', 'Intel(R) Ethernet Connection (7) I219-V', '1', 'True') ON CONFLICT(Hostname) DO UPDATE SET Hostname = EXCLUDED.Hostname, IP = EXCLUDED.IP, Gateway = EXCLUDED.Gateway, Description = EXCLUDED.Description, Index = EXCLUDED.Index, DHCP = EXCLUDED.DHCP ;
INSERT INTO Hosts(Hostname) VALUES ('PM-SURADM058.pa.pref') ON CONFLICT(Hostname) DO UPDATE SET Hostname = EXCLUDED.Hostname ;
INSERT INTO CPU(Hostname, Name, Caption, NOC, NOLP)VALUES('PM-SURADM058.pa.pref', 'Intel(R) Core(TM) i3-10100 CPU @ 3.60GHz', 'Intel64 Family 6 Model 165 Stepping 3', '4', '8') ON CONFLICT(Hostname) DO UPDATE SET Hostname = EXCLUDED.Hostname, Name = EXCLUDED.Name, Caption = EXCLUDED.Caption, NOC = EXCLUDED.NOC, NOLP = EXCLUDED.NOLP ;
INSERT INTO Hosts(Hostname) VALUES ('PM-SURADM058.pa.pref') ON CONFLICT(Hostname) DO UPDATE SET Hostname = EXCLUDED.Hostname ;
INSERT INTO OS(Hostname, Caption, BuildNumber, Architecture, Description) VALUES('PM-SURADM058.pa.pref', 'Microsoft Windows 10 Pro', '19045', '64 bits', 'P-175540 A-808197725') ON CONFLICT(Hostname) DO UPDATE SET Hostname = EXCLUDED.Hostname, Caption = EXCLUDED.Caption, BuildNumber = EXCLUDED.BuildNumber, Architecture = EXCLUDED.Architecture, Description = EXCLUDED.Description ;
INSERT INTO Hosts(Hostname) VALUES ('PM-SURADM058.pa.pref') ON CONFLICT(Hostname) DO UPDATE SET Hostname = EXCLUDED.Hostname ;
INSERT INTO Networking(Hostname, IP, Gateway, Description, Index, DHCP) VALUES ('PM-SURADM058.pa.pref', '192.168.198.86', '192.168.198.1', 'Realtek PCIe GbE Family Controller', '1', 'True') ON CONFLICT(Hostname) DO UPDATE SET Hostname = EXCLUDED.Hostname, IP = EXCLUDED.IP, Gateway = EXCLUDED.Gateway, Description = EXCLUDED.Description, Index = EXCLUDED.Index, DHCP = EXCLUDED.DHCP ;
INSERT INTO Hosts(Hostname) VALUES ('PM-SPMAPJ008.pa.pref') ON CONFLICT(Hostname) DO UPDATE SET Hostname = EXCLUDED.Hostname ;
INSERT INTO CPU(Hostname, Name, Caption, NOC, NOLP)VALUES('PM-SPMAPJ008.pa.pref', 'Intel(R) Core(TM) i7-7700 CPU @ 3.60GHz', 'Intel64 Family 6 Model 158 Stepping 9', '4', '8') ON CONFLICT(Hostname) DO UPDATE SET Hostname = EXCLUDED.Hostname, Name = EXCLUDED.Name, Caption = EXCLUDED.Caption, NOC = EXCLUDED.NOC, NOLP = EXCLUDED.NOLP ;
INSERT INTO Hosts(Hostname) VALUES ('PM-SPMAPJ008.pa.pref') ON CONFLICT(Hostname) DO UPDATE SET Hostname = EXCLUDED.Hostname ;
INSERT INTO OS(Hostname, Caption, BuildNumber, Architecture, Description) VALUES('PM-SPMAPJ008.pa.pref', 'Microsoft Windows 10 Pro', '19045', '64 bits', '132476') ON CONFLICT(Hostname) DO UPDATE SET Hostname = EXCLUDED.Hostname, Caption = EXCLUDED.Caption, BuildNumber = EXCLUDED.BuildNumber, Architecture = EXCLUDED.Architecture, Description = EXCLUDED.Description ;
INSERT INTO Hosts(Hostname) VALUES ('PM-SPMAPJ008.pa.pref') ON CONFLICT(Hostname) DO UPDATE SET Hostname = EXCLUDED.Hostname ;
INSERT INTO Networking(Hostname, IP, Gateway, Description, Index, DHCP) VALUES ('PM-SPMAPJ008.pa.pref', '192.168.223.171', '192.168.223.1', 'Realtek PCIe GbE Family Controller', '1', 'True') ON CONFLICT(Hostname) DO UPDATE SET Hostname = EXCLUDED.Hostname, IP = EXCLUDED.IP, Gateway = EXCLUDED.Gateway, Description = EXCLUDED.Description, Index = EXCLUDED.Index, DHCP = EXCLUDED.DHCP ;
INSERT INTO Hosts(Hostname) VALUES ('PM-SECED02009.pa.pref') ON CONFLICT(Hostname) DO UPDATE SET Hostname = EXCLUDED.Hostname ;
INSERT INTO CPU(Hostname, Name, Caption, NOC, NOLP)VALUES('PM-SECED02009.pa.pref', 'Intel(R) Core(TM) i3-10100 CPU @ 3.60GHz', 'Intel64 Family 6 Model 165 Stepping 3', '4', '8') ON CONFLICT(Hostname) DO UPDATE SET Hostname = EXCLUDED.Hostname, Name = EXCLUDED.Name, Caption = EXCLUDED.Caption, NOC = EXCLUDED.NOC, NOLP = EXCLUDED.NOLP ;
INSERT INTO Hosts(Hostname) VALUES ('PM-SECED02009.pa.pref') ON CONFLICT(Hostname) DO UPDATE SET Hostname = EXCLUDED.Hostname ;
INSERT INTO OS(Hostname, Caption, BuildNumber, Architecture, Description) VALUES('PM-SECED02009.pa.pref', 'Microsoft Windows 10 Pro', '19044', '64 bits', 'P-\\174609 A-\\ 475302106') ON CONFLICT(Hostname) DO UPDATE SET Hostname = EXCLUDED.Hostname, Caption = EXCLUDED.Caption, BuildNumber = EXCLUDED.BuildNumber, Architecture = EXCLUDED.Architecture, Description = EXCLUDED.Description ;
INSERT INTO Hosts(Hostname) VALUES ('PM-SECED02009.pa.pref') ON CONFLICT(Hostname) DO UPDATE SET Hostname = EXCLUDED.Hostname ;
INSERT INTO Networking(Hostname, IP, Gateway, Description, Index, DHCP) VALUES ('PM-SECED02009.pa.pref', '192.168.42.7', '192.168.42.1', 'Realtek PCIe GbE Family Controller', '1', 'True') ON CONFLICT(Hostname) DO UPDATE SET Hostname = EXCLUDED.Hostname, IP = EXCLUDED.IP, Gateway = EXCLUDED.Gateway, Description = EXCLUDED.Description, Index = EXCLUDED.Index, DHCP = EXCLUDED.DHCP ;
INSERT INTO Hosts(Hostname) VALUES ('PM-SECED37017.pa.pref') ON CONFLICT(Hostname) DO UPDATE SET Hostname = EXCLUDED.Hostname ;
INSERT INTO CPU(Hostname, Name, Caption, NOC, NOLP)VALUES('PM-SECED37017.pa.pref', 'Intel(R) Pentium(R) Gold G5420 CPU @ 3.80GHz', 'Intel64 Family 6 Model 158 Stepping 10', '2', '4') ON CONFLICT(Hostname) DO UPDATE SET Hostname = EXCLUDED.Hostname, Name = EXCLUDED.Name, Caption = EXCLUDED.Caption, NOC = EXCLUDED.NOC, NOLP = EXCLUDED.NOLP ;
INSERT INTO Hosts(Hostname) VALUES ('PM-SECED37017.pa.pref') ON CONFLICT(Hostname) DO UPDATE SET Hostname = EXCLUDED.Hostname ;
INSERT INTO OS(Hostname, Caption, BuildNumber, Architecture, Description) VALUES('PM-SECED37017.pa.pref', 'Microsoft Windows 10 Pro', '19045', '64 bits', 'P-169163 A-827438583') ON CONFLICT(Hostname) DO UPDATE SET Hostname = EXCLUDED.Hostname, Caption = EXCLUDED.Caption, BuildNumber = EXCLUDED.BuildNumber, Architecture = EXCLUDED.Architecture, Description = EXCLUDED.Description ;
INSERT INTO Hosts(Hostname) VALUES ('PM-SECED37017.pa.pref') ON CONFLICT(Hostname) DO UPDATE SET Hostname = EXCLUDED.Hostname ;
INSERT INTO Networking(Hostname, IP, Gateway, Description, Index, DHCP) VALUES ('PM-SECED37017.pa.pref', '192.168.156.90', '192.168.156.1', 'Realtek PCIe GbE Family Controller', '1', 'True') ON CONFLICT(Hostname) DO UPDATE SET Hostname = EXCLUDED.Hostname, IP = EXCLUDED.IP, Gateway = EXCLUDED.Gateway, Description = EXCLUDED.Description, Index = EXCLUDED.Index, DHCP = EXCLUDED.DHCP ;
INSERT INTO Hosts(Hostname) VALUES ('PM-SSAVIE001.pa.pref') ON CONFLICT(Hostname) DO UPDATE SET Hostname = EXCLUDED.Hostname ;
INSERT INTO CPU(Hostname, Name, Caption, NOC, NOLP)VALUES('PM-SSAVIE001.pa.pref', 'Intel(R) Core(TM) i3-3220 CPU @ 3.30GHz', 'Intel64 Family 6 Model 58 Stepping 9', '2', '4') ON CONFLICT(Hostname) DO UPDATE SET Hostname = EXCLUDED.Hostname, Name = EXCLUDED.Name, Caption = EXCLUDED.Caption, NOC = EXCLUDED.NOC, NOLP = EXCLUDED.NOLP ;
INSERT INTO Hosts(Hostname) VALUES ('PM-SSAVIE001.pa.pref') ON CONFLICT(Hostname) DO UPDATE SET Hostname = EXCLUDED.Hostname ;
INSERT INTO OS(Hostname, Caption, BuildNumber, Architecture, Description) VALUES('PM-SSAVIE001.pa.pref', 'Microsoft Windows 10 Pro', '19045', '64 bits', 'Patrimônio 98294') ON CONFLICT(Hostname) DO UPDATE SET Hostname = EXCLUDED.Hostname, Caption = EXCLUDED.Caption, BuildNumber = EXCLUDED.BuildNumber, Architecture = EXCLUDED.Architecture, Description = EXCLUDED.Description ;
INSERT INTO Hosts(Hostname) VALUES ('PM-SSAVIE001.pa.pref') ON CONFLICT(Hostname) DO UPDATE SET Hostname = EXCLUDED.Hostname ;
INSERT INTO Networking(Hostname, IP, Gateway, Description, Index, DHCP) VALUES ('PM-SSAVIE001.pa.pref', '192.168.11.84', '192.168.11.1', 'Realtek PCIe GbE Family Controller', '1', 'True') ON CONFLICT(Hostname) DO UPDATE SET Hostname = EXCLUDED.Hostname, IP = EXCLUDED.IP, Gateway = EXCLUDED.Gateway, Description = EXCLUDED.Description, Index = EXCLUDED.Index, DHCP = EXCLUDED.DHCP ;
INSERT INTO Hosts(Hostname) VALUES ('PM-SSAHPMINI042.pa.pref') ON CONFLICT(Hostname) DO UPDATE SET Hostname = EXCLUDED.Hostname ;
INSERT INTO CPU(Hostname, Name, Caption, NOC, NOLP)VALUES('PM-SSAHPMINI042.pa.pref', 'AMD Ryzen 3 PRO 4350GE with Radeon Graphics', 'AMD64 Family 23 Model 96 Stepping 1', '4', '8') ON CONFLICT(Hostname) DO UPDATE SET Hostname = EXCLUDED.Hostname, Name = EXCLUDED.Name, Caption = EXCLUDED.Caption, NOC = EXCLUDED.NOC, NOLP = EXCLUDED.NOLP ;
INSERT INTO Hosts(Hostname) VALUES ('PM-SSAHPMINI042.pa.pref') ON CONFLICT(Hostname) DO UPDATE SET Hostname = EXCLUDED.Hostname ;
INSERT INTO OS(Hostname, Caption, BuildNumber, Architecture, Description) VALUES('PM-SSAHPMINI042.pa.pref', 'Microsoft Windows 10 Pro', '19045', '64 bits', 'P-169-44 A-944596594') ON CONFLICT(Hostname) DO UPDATE SET Hostname = EXCLUDED.Hostname, Caption = EXCLUDED.Caption, BuildNumber = EXCLUDED.BuildNumber, Architecture = EXCLUDED.Architecture, Description = EXCLUDED.Description ;
INSERT INTO Hosts(Hostname) VALUES ('PM-SSAHPMINI042.pa.pref') ON CONFLICT(Hostname) DO UPDATE SET Hostname = EXCLUDED.Hostname ;
INSERT INTO Networking(Hostname, IP, Gateway, Description, Index, DHCP) VALUES ('PM-SSAHPMINI042.pa.pref', '192.168.136.100', '192.168.136.1', 'Realtek RTL8852AE WiFi 6 802.11ax PCIe Adapter', '2', 'True') ON CONFLICT(Hostname) DO UPDATE SET Hostname = EXCLUDED.Hostname, IP = EXCLUDED.IP, Gateway = EXCLUDED.Gateway, Description = EXCLUDED.Description, Index = EXCLUDED.Index, DHCP = EXCLUDED.DHCP ;
INSERT INTO Hosts(Hostname) VALUES ('PM-SECED28004.pa.pref') ON CONFLICT(Hostname) DO UPDATE SET Hostname = EXCLUDED.Hostname ;
INSERT INTO CPU(Hostname, Name, Caption, NOC, NOLP)VALUES('PM-SECED28004.pa.pref', 'Pentium(R) Dual-Core  CPU      E5500  @ 2.80GHz', 'Intel64 Family 6 Model 23 Stepping 10', '2', '2') ON CONFLICT(Hostname) DO UPDATE SET Hostname = EXCLUDED.Hostname, Name = EXCLUDED.Name, Caption = EXCLUDED.Caption, NOC = EXCLUDED.NOC, NOLP = EXCLUDED.NOLP ;
INSERT INTO Hosts(Hostname) VALUES ('PM-SECED28004.pa.pref') ON CONFLICT(Hostname) DO UPDATE SET Hostname = EXCLUDED.Hostname ;
INSERT INTO OS(Hostname, Caption, BuildNumber, Architecture, Description) VALUES('PM-SECED28004.pa.pref', 'Microsoft Windows 7 Ultimate ', '7601', '64-bit', NULL) ON CONFLICT(Hostname) DO UPDATE SET Hostname = EXCLUDED.Hostname, Caption = EXCLUDED.Caption, BuildNumber = EXCLUDED.BuildNumber, Architecture = EXCLUDED.Architecture, Description = EXCLUDED.Description ;
INSERT INTO Hosts(Hostname) VALUES ('PM-SECED28004.pa.pref') ON CONFLICT(Hostname) DO UPDATE SET Hostname = EXCLUDED.Hostname ;
INSERT INTO Networking(Hostname, IP, Gateway, Description, Index, DHCP) VALUES ('PM-SECED28004.pa.pref', '192.168.161.118', '192.168.161.1', 'Atheros L1 Gigabit Ethernet 10/100/1000Base-T Controller', '7', 'True') ON CONFLICT(Hostname) DO UPDATE SET Hostname = EXCLUDED.Hostname, IP = EXCLUDED.IP, Gateway = EXCLUDED.Gateway, Description = EXCLUDED.Description, Index = EXCLUDED.Index, DHCP = EXCLUDED.DHCP ;
INSERT INTO Hosts(Hostname) VALUES ('PM-SECED29030.pa.pref') ON CONFLICT(Hostname) DO UPDATE SET Hostname = EXCLUDED.Hostname ;
INSERT INTO CPU(Hostname, Name, Caption, NOC, NOLP)VALUES('PM-SECED29030.pa.pref', 'Intel(R) Core(TM) i3-10100 CPU @ 3.60GHz', 'Intel64 Family 6 Model 165 Stepping 3', '4', '8') ON CONFLICT(Hostname) DO UPDATE SET Hostname = EXCLUDED.Hostname, Name = EXCLUDED.Name, Caption = EXCLUDED.Caption, NOC = EXCLUDED.NOC, NOLP = EXCLUDED.NOLP ;
INSERT INTO Hosts(Hostname) VALUES ('PM-SECED29030.pa.pref') ON CONFLICT(Hostname) DO UPDATE SET Hostname = EXCLUDED.Hostname ;
INSERT INTO OS(Hostname, Caption, BuildNumber, Architecture, Description) VALUES('PM-SECED29030.pa.pref', 'Microsoft Windows 10 Pro', '19045', '64 bits', 'P-174733 A-519059251') ON CONFLICT(Hostname) DO UPDATE SET Hostname = EXCLUDED.Hostname, Caption = EXCLUDED.Caption, BuildNumber = EXCLUDED.BuildNumber, Architecture = EXCLUDED.Architecture, Description = EXCLUDED.Description ;
INSERT INTO Hosts(Hostname) VALUES ('PM-SECED29030.pa.pref') ON CONFLICT(Hostname) DO UPDATE SET Hostname = EXCLUDED.Hostname ;
INSERT INTO Networking(Hostname, IP, Gateway, Description, Index, DHCP) VALUES ('PM-SECED29030.pa.pref', '192.168.149.226', '192.168.149.1', 'Realtek PCIe GbE Family Controller', '1', 'True') ON CONFLICT(Hostname) DO UPDATE SET Hostname = EXCLUDED.Hostname, IP = EXCLUDED.IP, Gateway = EXCLUDED.Gateway, Description = EXCLUDED.Description, Index = EXCLUDED.Index, DHCP = EXCLUDED.DHCP ;
INSERT INTO Hosts(Hostname) VALUES ('PM-SSAUS32005.pa.pref') ON CONFLICT(Hostname) DO UPDATE SET Hostname = EXCLUDED.Hostname ;
INSERT INTO CPU(Hostname, Name, Caption, NOC, NOLP)VALUES('PM-SSAUS32005.pa.pref', 'Intel(R) Core(TM) i5-3470 CPU @ 3.20GHz', 'Intel64 Family 6 Model 58 Stepping 9', '4', '4') ON CONFLICT(Hostname) DO UPDATE SET Hostname = EXCLUDED.Hostname, Name = EXCLUDED.Name, Caption = EXCLUDED.Caption, NOC = EXCLUDED.NOC, NOLP = EXCLUDED.NOLP ;
INSERT INTO Hosts(Hostname) VALUES ('PM-SSAUS32005.pa.pref') ON CONFLICT(Hostname) DO UPDATE SET Hostname = EXCLUDED.Hostname ;
INSERT INTO OS(Hostname, Caption, BuildNumber, Architecture, Description) VALUES('PM-SSAUS32005.pa.pref', 'Microsoft Windows 10 Pro', '19045', '64 bits', NULL) ON CONFLICT(Hostname) DO UPDATE SET Hostname = EXCLUDED.Hostname, Caption = EXCLUDED.Caption, BuildNumber = EXCLUDED.BuildNumber, Architecture = EXCLUDED.Architecture, Description = EXCLUDED.Description ;
INSERT INTO Hosts(Hostname) VALUES ('PM-SSAUS32005.pa.pref') ON CONFLICT(Hostname) DO UPDATE SET Hostname = EXCLUDED.Hostname ;
INSERT INTO Networking(Hostname, IP, Gateway, Description, Index, DHCP) VALUES ('PM-SSAUS32005.pa.pref', '192.168.169.9', '192.168.169.1', 'Realtek RTL8188FTV Wireless LAN 802.11n USB 2.0 Network Adapter', '2', 'True') ON CONFLICT(Hostname) DO UPDATE SET Hostname = EXCLUDED.Hostname, IP = EXCLUDED.IP, Gateway = EXCLUDED.Gateway, Description = EXCLUDED.Description, Index = EXCLUDED.Index, DHCP = EXCLUDED.DHCP ;
INSERT INTO Hosts(Hostname) VALUES ('PM-SPSCRA005.pa.pref') ON CONFLICT(Hostname) DO UPDATE SET Hostname = EXCLUDED.Hostname ;
INSERT INTO CPU(Hostname, Name, Caption, NOC, NOLP)VALUES('PM-SPSCRA005.pa.pref', 'Intel(R) Core(TM) i3-7100 CPU @ 3.90GHz', 'Intel64 Family 6 Model 158 Stepping 9', '2', '4') ON CONFLICT(Hostname) DO UPDATE SET Hostname = EXCLUDED.Hostname, Name = EXCLUDED.Name, Caption = EXCLUDED.Caption, NOC = EXCLUDED.NOC, NOLP = EXCLUDED.NOLP ;
INSERT INTO Hosts(Hostname) VALUES ('PM-SPSCRA005.pa.pref') ON CONFLICT(Hostname) DO UPDATE SET Hostname = EXCLUDED.Hostname ;
INSERT INTO OS(Hostname, Caption, BuildNumber, Architecture, Description) VALUES('PM-SPSCRA005.pa.pref', 'Microsoft Windows 7 Professional ', '7601', '64-bit', 'P-133423 A-310350942') ON CONFLICT(Hostname) DO UPDATE SET Hostname = EXCLUDED.Hostname, Caption = EXCLUDED.Caption, BuildNumber = EXCLUDED.BuildNumber, Architecture = EXCLUDED.Architecture, Description = EXCLUDED.Description ;
INSERT INTO Hosts(Hostname) VALUES ('PM-SPSCRA005.pa.pref') ON CONFLICT(Hostname) DO UPDATE SET Hostname = EXCLUDED.Hostname ;
INSERT INTO Networking(Hostname, IP, Gateway, Description, Index, DHCP) VALUES ('PM-SPSCRA005.pa.pref', '192.168.72.75', '192.168.72.1', 'Realtek PCIe GBE Family Controller', '7', 'True') ON CONFLICT(Hostname) DO UPDATE SET Hostname = EXCLUDED.Hostname, IP = EXCLUDED.IP, Gateway = EXCLUDED.Gateway, Description = EXCLUDED.Description, Index = EXCLUDED.Index, DHCP = EXCLUDED.DHCP ;
INSERT INTO Hosts(Hostname) VALUES ('PM-SSAHPMINI064.pa.pref') ON CONFLICT(Hostname) DO UPDATE SET Hostname = EXCLUDED.Hostname ;
INSERT INTO CPU(Hostname, Name, Caption, NOC, NOLP)VALUES('PM-SSAHPMINI064.pa.pref', 'AMD Ryzen 3 PRO 4350GE with Radeon Graphics', 'AMD64 Family 23 Model 96 Stepping 1', '4', '8') ON CONFLICT(Hostname) DO UPDATE SET Hostname = EXCLUDED.Hostname, Name = EXCLUDED.Name, Caption = EXCLUDED.Caption, NOC = EXCLUDED.NOC, NOLP = EXCLUDED.NOLP ;
INSERT INTO Hosts(Hostname) VALUES ('PM-SSAHPMINI064.pa.pref') ON CONFLICT(Hostname) DO UPDATE SET Hostname = EXCLUDED.Hostname ;
INSERT INTO OS(Hostname, Caption, BuildNumber, Architecture, Description) VALUES('PM-SSAHPMINI064.pa.pref', 'Microsoft Windows 10 Pro', '19045', '64 bits', 'P-169051 A-381034177') ON CONFLICT(Hostname) DO UPDATE SET Hostname = EXCLUDED.Hostname, Caption = EXCLUDED.Caption, BuildNumber = EXCLUDED.BuildNumber, Architecture = EXCLUDED.Architecture, Description = EXCLUDED.Description ;
INSERT INTO Hosts(Hostname) VALUES ('PM-SSAHPMINI064.pa.pref') ON CONFLICT(Hostname) DO UPDATE SET Hostname = EXCLUDED.Hostname ;
INSERT INTO Networking(Hostname, IP, Gateway, Description, Index, DHCP) VALUES ('PM-SSAHPMINI064.pa.pref', '192.168.11.101', '192.168.11.1', 'Realtek RTL8852AE WiFi 6 802.11ax PCIe Adapter', '1', 'True') ON CONFLICT(Hostname) DO UPDATE SET Hostname = EXCLUDED.Hostname, IP = EXCLUDED.IP, Gateway = EXCLUDED.Gateway, Description = EXCLUDED.Description, Index = EXCLUDED.Index, DHCP = EXCLUDED.DHCP ;
INSERT INTO Hosts(Hostname) VALUES ('PM-SECED17003.pa.pref') ON CONFLICT(Hostname) DO UPDATE SET Hostname = EXCLUDED.Hostname ;
INSERT INTO CPU(Hostname, Name, Caption, NOC, NOLP)VALUES('PM-SECED17003.pa.pref', 'Intel(R) Pentium(R) Dual  CPU  E2160  @ 1.80GHz', 'Intel64 Family 6 Model 15 Stepping 13', '2', '2') ON CONFLICT(Hostname) DO UPDATE SET Hostname = EXCLUDED.Hostname, Name = EXCLUDED.Name, Caption = EXCLUDED.Caption, NOC = EXCLUDED.NOC, NOLP = EXCLUDED.NOLP ;
INSERT INTO Hosts(Hostname) VALUES ('PM-SECED17003.pa.pref') ON CONFLICT(Hostname) DO UPDATE SET Hostname = EXCLUDED.Hostname ;
INSERT INTO OS(Hostname, Caption, BuildNumber, Architecture, Description) VALUES('PM-SECED17003.pa.pref', 'Microsoft Windows 10 Pro', '19044', '64 bits', NULL) ON CONFLICT(Hostname) DO UPDATE SET Hostname = EXCLUDED.Hostname, Caption = EXCLUDED.Caption, BuildNumber = EXCLUDED.BuildNumber, Architecture = EXCLUDED.Architecture, Description = EXCLUDED.Description ;
INSERT INTO Hosts(Hostname) VALUES ('PM-SECED17003.pa.pref') ON CONFLICT(Hostname) DO UPDATE SET Hostname = EXCLUDED.Hostname ;
INSERT INTO Networking(Hostname, IP, Gateway, Description, Index, DHCP) VALUES ('PM-SECED17003.pa.pref', '192.168.120.131', '192.168.120.1', 'Broadcom NetXtreme 57xx Gigabit Controller', '2', 'True') ON CONFLICT(Hostname) DO UPDATE SET Hostname = EXCLUDED.Hostname, IP = EXCLUDED.IP, Gateway = EXCLUDED.Gateway, Description = EXCLUDED.Description, Index = EXCLUDED.Index, DHCP = EXCLUDED.DHCP ;
INSERT INTO Hosts(Hostname) VALUES ('PM-SPSADM011.pa.pref') ON CONFLICT(Hostname) DO UPDATE SET Hostname = EXCLUDED.Hostname ;
INSERT INTO CPU(Hostname, Name, Caption, NOC, NOLP)VALUES('PM-SPSADM011.pa.pref', 'Intel(R) Core(TM)2 Duo CPU     E7500  @ 2.93GHz', 'Intel64 Family 6 Model 23 Stepping 10', '2', '2') ON CONFLICT(Hostname) DO UPDATE SET Hostname = EXCLUDED.Hostname, Name = EXCLUDED.Name, Caption = EXCLUDED.Caption, NOC = EXCLUDED.NOC, NOLP = EXCLUDED.NOLP ;
INSERT INTO Hosts(Hostname) VALUES ('PM-SPSADM011.pa.pref') ON CONFLICT(Hostname) DO UPDATE SET Hostname = EXCLUDED.Hostname ;
INSERT INTO OS(Hostname, Caption, BuildNumber, Architecture, Description) VALUES('PM-SPSADM011.pa.pref', 'Microsoft Windows 7 Professional ', '7601', '64-bit', 'Patrimônio 89325') ON CONFLICT(Hostname) DO UPDATE SET Hostname = EXCLUDED.Hostname, Caption = EXCLUDED.Caption, BuildNumber = EXCLUDED.BuildNumber, Architecture = EXCLUDED.Architecture, Description = EXCLUDED.Description ;
INSERT INTO Hosts(Hostname) VALUES ('PM-SPSADM011.pa.pref') ON CONFLICT(Hostname) DO UPDATE SET Hostname = EXCLUDED.Hostname ;
INSERT INTO Networking(Hostname, IP, Gateway, Description, Index, DHCP) VALUES ('PM-SPSADM011.pa.pref', '192.168.214.87', '192.168.214.1', 'Intel(R) 82567V-4 Gigabit Network Connection', '7', 'True') ON CONFLICT(Hostname) DO UPDATE SET Hostname = EXCLUDED.Hostname, IP = EXCLUDED.IP, Gateway = EXCLUDED.Gateway, Description = EXCLUDED.Description, Index = EXCLUDED.Index, DHCP = EXCLUDED.DHCP ;
INSERT INTO Hosts(Hostname) VALUES ('PM-WD035.pa.pref') ON CONFLICT(Hostname) DO UPDATE SET Hostname = EXCLUDED.Hostname ;
INSERT INTO CPU(Hostname, Name, Caption, NOC, NOLP)VALUES('PM-WD035.pa.pref', 'Intel(R) Core(TM) i3-10100 CPU @ 3.60GHz', 'Intel64 Family 6 Model 165 Stepping 3', '4', '8') ON CONFLICT(Hostname) DO UPDATE SET Hostname = EXCLUDED.Hostname, Name = EXCLUDED.Name, Caption = EXCLUDED.Caption, NOC = EXCLUDED.NOC, NOLP = EXCLUDED.NOLP ;
INSERT INTO Hosts(Hostname) VALUES ('PM-WD035.pa.pref') ON CONFLICT(Hostname) DO UPDATE SET Hostname = EXCLUDED.Hostname ;
INSERT INTO OS(Hostname, Caption, BuildNumber, Architecture, Description) VALUES('PM-WD035.pa.pref', 'Microsoft Windows 10 Pro', '19044', '64 bits', 'P-174569 A-792815811') ON CONFLICT(Hostname) DO UPDATE SET Hostname = EXCLUDED.Hostname, Caption = EXCLUDED.Caption, BuildNumber = EXCLUDED.BuildNumber, Architecture = EXCLUDED.Architecture, Description = EXCLUDED.Description ;
INSERT INTO Hosts(Hostname) VALUES ('PM-WD035.pa.pref') ON CONFLICT(Hostname) DO UPDATE SET Hostname = EXCLUDED.Hostname ;
INSERT INTO Networking(Hostname, IP, Gateway, Description, Index, DHCP) VALUES ('PM-WD035.pa.pref', '192.168.111.75', '192.168.111.1', 'Realtek PCIe GbE Family Controller', '1', 'True') ON CONFLICT(Hostname) DO UPDATE SET Hostname = EXCLUDED.Hostname, IP = EXCLUDED.IP, Gateway = EXCLUDED.Gateway, Description = EXCLUDED.Description, Index = EXCLUDED.Index, DHCP = EXCLUDED.DHCP ;
INSERT INTO Hosts(Hostname) VALUES ('PM-SSAHPMINI080.pa.pref') ON CONFLICT(Hostname) DO UPDATE SET Hostname = EXCLUDED.Hostname ;
INSERT INTO CPU(Hostname, Name, Caption, NOC, NOLP)VALUES('PM-SSAHPMINI080.pa.pref', 'AMD Ryzen 3 PRO 4350GE with Radeon Graphics', 'AMD64 Family 23 Model 96 Stepping 1', '4', '8') ON CONFLICT(Hostname) DO UPDATE SET Hostname = EXCLUDED.Hostname, Name = EXCLUDED.Name, Caption = EXCLUDED.Caption, NOC = EXCLUDED.NOC, NOLP = EXCLUDED.NOLP ;
INSERT INTO Hosts(Hostname) VALUES ('PM-SSAHPMINI080.pa.pref') ON CONFLICT(Hostname) DO UPDATE SET Hostname = EXCLUDED.Hostname ;
INSERT INTO OS(Hostname, Caption, BuildNumber, Architecture, Description) VALUES('PM-SSAHPMINI080.pa.pref', 'Microsoft Windows 10 Pro', '19045', '64 bits', 'P-169078 A-913615266') ON CONFLICT(Hostname) DO UPDATE SET Hostname = EXCLUDED.Hostname, Caption = EXCLUDED.Caption, BuildNumber = EXCLUDED.BuildNumber, Architecture = EXCLUDED.Architecture, Description = EXCLUDED.Description ;
INSERT INTO Hosts(Hostname) VALUES ('PM-SSAHPMINI080.pa.pref') ON CONFLICT(Hostname) DO UPDATE SET Hostname = EXCLUDED.Hostname ;
INSERT INTO Networking(Hostname, IP, Gateway, Description, Index, DHCP) VALUES ('PM-SSAHPMINI080.pa.pref', '192.168.213.66', '192.168.213.1', 'Realtek RTL8852AE WiFi 6 802.11ax PCIe Adapter', '2', 'True') ON CONFLICT(Hostname) DO UPDATE SET Hostname = EXCLUDED.Hostname, IP = EXCLUDED.IP, Gateway = EXCLUDED.Gateway, Description = EXCLUDED.Description, Index = EXCLUDED.Index, DHCP = EXCLUDED.DHCP ;
INSERT INTO Hosts(Hostname) VALUES ('PM-SSAATB007.pa.pref') ON CONFLICT(Hostname) DO UPDATE SET Hostname = EXCLUDED.Hostname ;
INSERT INTO CPU(Hostname, Name, Caption, NOC, NOLP)VALUES('PM-SSAATB007.pa.pref', 'AMD Ryzen 3 PRO 4350GE with Radeon Graphics', 'AMD64 Family 23 Model 96 Stepping 1', '4', '8') ON CONFLICT(Hostname) DO UPDATE SET Hostname = EXCLUDED.Hostname, Name = EXCLUDED.Name, Caption = EXCLUDED.Caption, NOC = EXCLUDED.NOC, NOLP = EXCLUDED.NOLP ;
INSERT INTO Hosts(Hostname) VALUES ('PM-SSAATB007.pa.pref') ON CONFLICT(Hostname) DO UPDATE SET Hostname = EXCLUDED.Hostname ;
INSERT INTO OS(Hostname, Caption, BuildNumber, Architecture, Description) VALUES('PM-SSAATB007.pa.pref', 'Microsoft Windows 10 Pro', '19045', '64 bits', 'P-169079 A-606245948') ON CONFLICT(Hostname) DO UPDATE SET Hostname = EXCLUDED.Hostname, Caption = EXCLUDED.Caption, BuildNumber = EXCLUDED.BuildNumber, Architecture = EXCLUDED.Architecture, Description = EXCLUDED.Description ;
INSERT INTO Hosts(Hostname) VALUES ('PM-SSAATB007.pa.pref') ON CONFLICT(Hostname) DO UPDATE SET Hostname = EXCLUDED.Hostname ;
INSERT INTO Networking(Hostname, IP, Gateway, Description, Index, DHCP) VALUES ('PM-SSAATB007.pa.pref', '192.168.11.65', '192.168.11.1', 'Realtek PCIe GbE Family Controller', '1', 'True') ON CONFLICT(Hostname) DO UPDATE SET Hostname = EXCLUDED.Hostname, IP = EXCLUDED.IP, Gateway = EXCLUDED.Gateway, Description = EXCLUDED.Description, Index = EXCLUDED.Index, DHCP = EXCLUDED.DHCP ;
INSERT INTO Hosts(Hostname) VALUES ('PM-SECED12010.pa.pref') ON CONFLICT(Hostname) DO UPDATE SET Hostname = EXCLUDED.Hostname ;
INSERT INTO CPU(Hostname, Name, Caption, NOC, NOLP)VALUES('PM-SECED12010.pa.pref', 'Intel(R) Core(TM) i3-10100 CPU @ 3.60GHz', 'Intel64 Family 6 Model 165 Stepping 3', '4', '8') ON CONFLICT(Hostname) DO UPDATE SET Hostname = EXCLUDED.Hostname, Name = EXCLUDED.Name, Caption = EXCLUDED.Caption, NOC = EXCLUDED.NOC, NOLP = EXCLUDED.NOLP ;
INSERT INTO Hosts(Hostname) VALUES ('PM-SECED12010.pa.pref') ON CONFLICT(Hostname) DO UPDATE SET Hostname = EXCLUDED.Hostname ;
INSERT INTO OS(Hostname, Caption, BuildNumber, Architecture, Description) VALUES('PM-SECED12010.pa.pref', 'Microsoft Windows 10 Pro', '19045', '64 bits', 'P/174612\\ANY 861 364 323') ON CONFLICT(Hostname) DO UPDATE SET Hostname = EXCLUDED.Hostname, Caption = EXCLUDED.Caption, BuildNumber = EXCLUDED.BuildNumber, Architecture = EXCLUDED.Architecture, Description = EXCLUDED.Description ;
INSERT INTO Hosts(Hostname) VALUES ('PM-SECED12010.pa.pref') ON CONFLICT(Hostname) DO UPDATE SET Hostname = EXCLUDED.Hostname ;
INSERT INTO Networking(Hostname, IP, Gateway, Description, Index, DHCP) VALUES ('PM-SECED12010.pa.pref', '192.168.151.20', '192.168.151.1', 'Realtek PCIe GbE Family Controller', '1', 'True') ON CONFLICT(Hostname) DO UPDATE SET Hostname = EXCLUDED.Hostname, IP = EXCLUDED.IP, Gateway = EXCLUDED.Gateway, Description = EXCLUDED.Description, Index = EXCLUDED.Index, DHCP = EXCLUDED.DHCP ;
INSERT INTO Hosts(Hostname) VALUES ('PM-SSAUS18018.pa.pref') ON CONFLICT(Hostname) DO UPDATE SET Hostname = EXCLUDED.Hostname ;
INSERT INTO CPU(Hostname, Name, Caption, NOC, NOLP)VALUES('PM-SSAUS18018.pa.pref', 'Intel(R) Core(TM) i3-9100 CPU @ 3.60GHz', 'Intel64 Family 6 Model 158 Stepping 11', '4', '4') ON CONFLICT(Hostname) DO UPDATE SET Hostname = EXCLUDED.Hostname, Name = EXCLUDED.Name, Caption = EXCLUDED.Caption, NOC = EXCLUDED.NOC, NOLP = EXCLUDED.NOLP ;
INSERT INTO Hosts(Hostname) VALUES ('PM-SSAUS18018.pa.pref') ON CONFLICT(Hostname) DO UPDATE SET Hostname = EXCLUDED.Hostname ;
INSERT INTO OS(Hostname, Caption, BuildNumber, Architecture, Description) VALUES('PM-SSAUS18018.pa.pref', 'Microsoft Windows 10 Pro', '19045', '64 bits', 'Patrimonio 150490') ON CONFLICT(Hostname) DO UPDATE SET Hostname = EXCLUDED.Hostname, Caption = EXCLUDED.Caption, BuildNumber = EXCLUDED.BuildNumber, Architecture = EXCLUDED.Architecture, Description = EXCLUDED.Description ;
INSERT INTO Hosts(Hostname) VALUES ('PM-SSAUS18018.pa.pref') ON CONFLICT(Hostname) DO UPDATE SET Hostname = EXCLUDED.Hostname ;
INSERT INTO Networking(Hostname, IP, Gateway, Description, Index, DHCP) VALUES ('PM-SSAUS18018.pa.pref', '192.168.41.109', '192.168.41.1', 'Intel(R) Ethernet Connection (7) I219-V', '1', 'True') ON CONFLICT(Hostname) DO UPDATE SET Hostname = EXCLUDED.Hostname, IP = EXCLUDED.IP, Gateway = EXCLUDED.Gateway, Description = EXCLUDED.Description, Index = EXCLUDED.Index, DHCP = EXCLUDED.DHCP ;
INSERT INTO Hosts(Hostname) VALUES ('PM-SECADM008.pa.pref') ON CONFLICT(Hostname) DO UPDATE SET Hostname = EXCLUDED.Hostname ;
INSERT INTO CPU(Hostname, Name, Caption, NOC, NOLP)VALUES('PM-SECADM008.pa.pref', 'Intel(R) Core(TM) i3-7100 CPU @ 3.90GHz', 'Intel64 Family 6 Model 158 Stepping 9', '2', '4') ON CONFLICT(Hostname) DO UPDATE SET Hostname = EXCLUDED.Hostname, Name = EXCLUDED.Name, Caption = EXCLUDED.Caption, NOC = EXCLUDED.NOC, NOLP = EXCLUDED.NOLP ;
INSERT INTO Hosts(Hostname) VALUES ('PM-SECADM008.pa.pref') ON CONFLICT(Hostname) DO UPDATE SET Hostname = EXCLUDED.Hostname ;
INSERT INTO OS(Hostname, Caption, BuildNumber, Architecture, Description) VALUES('PM-SECADM008.pa.pref', 'Microsoft Windows 10 Pro', '19042', '64 bits', 'Patrimonio 132025') ON CONFLICT(Hostname) DO UPDATE SET Hostname = EXCLUDED.Hostname, Caption = EXCLUDED.Caption, BuildNumber = EXCLUDED.BuildNumber, Architecture = EXCLUDED.Architecture, Description = EXCLUDED.Description ;
INSERT INTO Hosts(Hostname) VALUES ('PM-SECADM008.pa.pref') ON CONFLICT(Hostname) DO UPDATE SET Hostname = EXCLUDED.Hostname ;
INSERT INTO Networking(Hostname, IP, Gateway, Description, Index, DHCP) VALUES ('PM-SECADM008.pa.pref', '192.168.9.215', '192.168.9.1', 'Realtek PCIe GBE Family Controller', '1', 'True') ON CONFLICT(Hostname) DO UPDATE SET Hostname = EXCLUDED.Hostname, IP = EXCLUDED.IP, Gateway = EXCLUDED.Gateway, Description = EXCLUDED.Description, Index = EXCLUDED.Index, DHCP = EXCLUDED.DHCP ;
INSERT INTO Hosts(Hostname) VALUES ('PM-SECED09005.pa.pref') ON CONFLICT(Hostname) DO UPDATE SET Hostname = EXCLUDED.Hostname ;
INSERT INTO CPU(Hostname, Name, Caption, NOC, NOLP)VALUES('PM-SECED09005.pa.pref', 'Intel(R) Pentium(R) Gold G5420 CPU @ 3.80GHz', 'Intel64 Family 6 Model 158 Stepping 10', '2', '4') ON CONFLICT(Hostname) DO UPDATE SET Hostname = EXCLUDED.Hostname, Name = EXCLUDED.Name, Caption = EXCLUDED.Caption, NOC = EXCLUDED.NOC, NOLP = EXCLUDED.NOLP ;
INSERT INTO Hosts(Hostname) VALUES ('PM-SECED09005.pa.pref') ON CONFLICT(Hostname) DO UPDATE SET Hostname = EXCLUDED.Hostname ;
INSERT INTO OS(Hostname, Caption, BuildNumber, Architecture, Description) VALUES('PM-SECED09005.pa.pref', 'Microsoft Windows 10 Pro', '19045', '64 bits', 'Patrimonio 168904') ON CONFLICT(Hostname) DO UPDATE SET Hostname = EXCLUDED.Hostname, Caption = EXCLUDED.Caption, BuildNumber = EXCLUDED.BuildNumber, Architecture = EXCLUDED.Architecture, Description = EXCLUDED.Description ;
INSERT INTO Hosts(Hostname) VALUES ('PM-SECED09005.pa.pref') ON CONFLICT(Hostname) DO UPDATE SET Hostname = EXCLUDED.Hostname ;
INSERT INTO Networking(Hostname, IP, Gateway, Description, Index, DHCP) VALUES ('PM-SECED09005.pa.pref', '192.168.191.119', '192.168.191.1', 'Realtek PCIe GBE Family Controller', '1', 'True') ON CONFLICT(Hostname) DO UPDATE SET Hostname = EXCLUDED.Hostname, IP = EXCLUDED.IP, Gateway = EXCLUDED.Gateway, Description = EXCLUDED.Description, Index = EXCLUDED.Index, DHCP = EXCLUDED.DHCP ;
INSERT INTO Hosts(Hostname) VALUES ('PM-SECAES040.pa.pref') ON CONFLICT(Hostname) DO UPDATE SET Hostname = EXCLUDED.Hostname ;
INSERT INTO CPU(Hostname, Name, Caption, NOC, NOLP)VALUES('PM-SECAES040.pa.pref', 'Intel(R) Core(TM) i3-10105 CPU @ 3.70GHz', 'Intel64 Family 6 Model 165 Stepping 3', '4', '8') ON CONFLICT(Hostname) DO UPDATE SET Hostname = EXCLUDED.Hostname, Name = EXCLUDED.Name, Caption = EXCLUDED.Caption, NOC = EXCLUDED.NOC, NOLP = EXCLUDED.NOLP ;
INSERT INTO Hosts(Hostname) VALUES ('PM-SECAES040.pa.pref') ON CONFLICT(Hostname) DO UPDATE SET Hostname = EXCLUDED.Hostname ;
INSERT INTO OS(Hostname, Caption, BuildNumber, Architecture, Description) VALUES('PM-SECAES040.pa.pref', 'Microsoft Windows 10 Pro', '19045', '64 bits', NULL) ON CONFLICT(Hostname) DO UPDATE SET Hostname = EXCLUDED.Hostname, Caption = EXCLUDED.Caption, BuildNumber = EXCLUDED.BuildNumber, Architecture = EXCLUDED.Architecture, Description = EXCLUDED.Description ;
INSERT INTO Hosts(Hostname) VALUES ('PM-SECAES040.pa.pref') ON CONFLICT(Hostname) DO UPDATE SET Hostname = EXCLUDED.Hostname ;
INSERT INTO Networking(Hostname, IP, Gateway, Description, Index, DHCP) VALUES ('PM-SECAES040.pa.pref', '192.168.111.108', '192.168.111.1', 'Realtek Gaming GbE Family Controller', '1', 'True') ON CONFLICT(Hostname) DO UPDATE SET Hostname = EXCLUDED.Hostname, IP = EXCLUDED.IP, Gateway = EXCLUDED.Gateway, Description = EXCLUDED.Description, Index = EXCLUDED.Index, DHCP = EXCLUDED.DHCP ;
INSERT INTO Hosts(Hostname) VALUES ('PM-SSAUS19012.pa.pref') ON CONFLICT(Hostname) DO UPDATE SET Hostname = EXCLUDED.Hostname ;
INSERT INTO CPU(Hostname, Name, Caption, NOC, NOLP)VALUES('PM-SSAUS19012.pa.pref', 'Intel(R) Core(TM) i3-9100 CPU @ 3.60GHz', 'Intel64 Family 6 Model 158 Stepping 11', '4', '4') ON CONFLICT(Hostname) DO UPDATE SET Hostname = EXCLUDED.Hostname, Name = EXCLUDED.Name, Caption = EXCLUDED.Caption, NOC = EXCLUDED.NOC, NOLP = EXCLUDED.NOLP ;
INSERT INTO Hosts(Hostname) VALUES ('PM-SSAUS19012.pa.pref') ON CONFLICT(Hostname) DO UPDATE SET Hostname = EXCLUDED.Hostname ;
INSERT INTO OS(Hostname, Caption, BuildNumber, Architecture, Description) VALUES('PM-SSAUS19012.pa.pref', 'Microsoft Windows 10 Pro', '19045', '64 bits', 'Patrimonio 150596') ON CONFLICT(Hostname) DO UPDATE SET Hostname = EXCLUDED.Hostname, Caption = EXCLUDED.Caption, BuildNumber = EXCLUDED.BuildNumber, Architecture = EXCLUDED.Architecture, Description = EXCLUDED.Description ;
INSERT INTO Hosts(Hostname) VALUES ('PM-SSAUS19012.pa.pref') ON CONFLICT(Hostname) DO UPDATE SET Hostname = EXCLUDED.Hostname ;
INSERT INTO Networking(Hostname, IP, Gateway, Description, Index, DHCP) VALUES ('PM-SSAUS19012.pa.pref', '192.168.150.114', '192.168.150.1', '802.11n USB Wireless LAN Card', '11', 'True') ON CONFLICT(Hostname) DO UPDATE SET Hostname = EXCLUDED.Hostname, IP = EXCLUDED.IP, Gateway = EXCLUDED.Gateway, Description = EXCLUDED.Description, Index = EXCLUDED.Index, DHCP = EXCLUDED.DHCP ;
INSERT INTO Hosts(Hostname) VALUES ('PM-SAFTRI002.pa.pref') ON CONFLICT(Hostname) DO UPDATE SET Hostname = EXCLUDED.Hostname ;
INSERT INTO CPU(Hostname, Name, Caption, NOC, NOLP)VALUES('PM-SAFTRI002.pa.pref', 'Intel(R) Core(TM) i3-7100 CPU @ 3.90GHz', 'Intel64 Family 6 Model 158 Stepping 9', '2', '4') ON CONFLICT(Hostname) DO UPDATE SET Hostname = EXCLUDED.Hostname, Name = EXCLUDED.Name, Caption = EXCLUDED.Caption, NOC = EXCLUDED.NOC, NOLP = EXCLUDED.NOLP ;
INSERT INTO Hosts(Hostname) VALUES ('PM-SAFTRI002.pa.pref') ON CONFLICT(Hostname) DO UPDATE SET Hostname = EXCLUDED.Hostname ;
INSERT INTO OS(Hostname, Caption, BuildNumber, Architecture, Description) VALUES('PM-SAFTRI002.pa.pref', 'Microsoft Windows 10 Pro', '19045', '64 bits', '132142') ON CONFLICT(Hostname) DO UPDATE SET Hostname = EXCLUDED.Hostname, Caption = EXCLUDED.Caption, BuildNumber = EXCLUDED.BuildNumber, Architecture = EXCLUDED.Architecture, Description = EXCLUDED.Description ;
INSERT INTO Hosts(Hostname) VALUES ('PM-SAFTRI002.pa.pref') ON CONFLICT(Hostname) DO UPDATE SET Hostname = EXCLUDED.Hostname ;
INSERT INTO Networking(Hostname, IP, Gateway, Description, Index, DHCP) VALUES ('PM-SAFTRI002.pa.pref', '192.168.253.167', '192.168.253.1', 'Realtek PCIe GbE Family Controller', '1', 'True') ON CONFLICT(Hostname) DO UPDATE SET Hostname = EXCLUDED.Hostname, IP = EXCLUDED.IP, Gateway = EXCLUDED.Gateway, Description = EXCLUDED.Description, Index = EXCLUDED.Index, DHCP = EXCLUDED.DHCP ;
INSERT INTO Hosts(Hostname) VALUES ('PM-SPSUAD002.pa.pref') ON CONFLICT(Hostname) DO UPDATE SET Hostname = EXCLUDED.Hostname ;
INSERT INTO CPU(Hostname, Name, Caption, NOC, NOLP)VALUES('PM-SPSUAD002.pa.pref', 'Intel(R) Core(TM) i3-7100 CPU @ 3.90GHz', 'Intel64 Family 6 Model 158 Stepping 9', '2', '4') ON CONFLICT(Hostname) DO UPDATE SET Hostname = EXCLUDED.Hostname, Name = EXCLUDED.Name, Caption = EXCLUDED.Caption, NOC = EXCLUDED.NOC, NOLP = EXCLUDED.NOLP ;
INSERT INTO Hosts(Hostname) VALUES ('PM-SPSUAD002.pa.pref') ON CONFLICT(Hostname) DO UPDATE SET Hostname = EXCLUDED.Hostname ;
INSERT INTO OS(Hostname, Caption, BuildNumber, Architecture, Description) VALUES('PM-SPSUAD002.pa.pref', 'Microsoft Windows 10 Pro', '19045', '64 bits', 'Patrimonio 133583') ON CONFLICT(Hostname) DO UPDATE SET Hostname = EXCLUDED.Hostname, Caption = EXCLUDED.Caption, BuildNumber = EXCLUDED.BuildNumber, Architecture = EXCLUDED.Architecture, Description = EXCLUDED.Description ;
INSERT INTO Hosts(Hostname) VALUES ('PM-SPSUAD002.pa.pref') ON CONFLICT(Hostname) DO UPDATE SET Hostname = EXCLUDED.Hostname ;
INSERT INTO Networking(Hostname, IP, Gateway, Description, Index, DHCP) VALUES ('PM-SPSUAD002.pa.pref', '192.168.24.230', '192.168.24.1', 'Realtek PCIe GBE Family Controller', '1', 'True') ON CONFLICT(Hostname) DO UPDATE SET Hostname = EXCLUDED.Hostname, IP = EXCLUDED.IP, Gateway = EXCLUDED.Gateway, Description = EXCLUDED.Description, Index = EXCLUDED.Index, DHCP = EXCLUDED.DHCP ;
INSERT INTO Hosts(Hostname) VALUES ('PM-SAPADM004.pa.pref') ON CONFLICT(Hostname) DO UPDATE SET Hostname = EXCLUDED.Hostname ;
INSERT INTO CPU(Hostname, Name, Caption, NOC, NOLP)VALUES('PM-SAPADM004.pa.pref', 'Intel(R) Core(TM) i3-7100 CPU @ 3.90GHz', 'Intel64 Family 6 Model 158 Stepping 9', '2', '4') ON CONFLICT(Hostname) DO UPDATE SET Hostname = EXCLUDED.Hostname, Name = EXCLUDED.Name, Caption = EXCLUDED.Caption, NOC = EXCLUDED.NOC, NOLP = EXCLUDED.NOLP ;
INSERT INTO Hosts(Hostname) VALUES ('PM-SAPADM004.pa.pref') ON CONFLICT(Hostname) DO UPDATE SET Hostname = EXCLUDED.Hostname ;
INSERT INTO OS(Hostname, Caption, BuildNumber, Architecture, Description) VALUES('PM-SAPADM004.pa.pref', 'Microsoft Windows 10 Pro', '19045', '64 bits', 'Patrimônio133553') ON CONFLICT(Hostname) DO UPDATE SET Hostname = EXCLUDED.Hostname, Caption = EXCLUDED.Caption, BuildNumber = EXCLUDED.BuildNumber, Architecture = EXCLUDED.Architecture, Description = EXCLUDED.Description ;
INSERT INTO Hosts(Hostname) VALUES ('PM-SAPADM004.pa.pref') ON CONFLICT(Hostname) DO UPDATE SET Hostname = EXCLUDED.Hostname ;
INSERT INTO Networking(Hostname, IP, Gateway, Description, Index, DHCP) VALUES ('PM-SAPADM004.pa.pref', '192.168.20.229', '192.168.20.1', 'Realtek PCIe GBE Family Controller', '1', 'True') ON CONFLICT(Hostname) DO UPDATE SET Hostname = EXCLUDED.Hostname, IP = EXCLUDED.IP, Gateway = EXCLUDED.Gateway, Description = EXCLUDED.Description, Index = EXCLUDED.Index, DHCP = EXCLUDED.DHCP ;
INSERT INTO Hosts(Hostname) VALUES ('PM-129191.pa.pref') ON CONFLICT(Hostname) DO UPDATE SET Hostname = EXCLUDED.Hostname ;
INSERT INTO CPU(Hostname, Name, Caption, NOC, NOLP)VALUES('PM-129191.pa.pref', 'Intel(R) Core(TM)2 Duo CPU     E4500  @ 2.20GHz', 'Intel64 Family 6 Model 15 Stepping 13', '2', '2') ON CONFLICT(Hostname) DO UPDATE SET Hostname = EXCLUDED.Hostname, Name = EXCLUDED.Name, Caption = EXCLUDED.Caption, NOC = EXCLUDED.NOC, NOLP = EXCLUDED.NOLP ;
INSERT INTO Hosts(Hostname) VALUES ('PM-129191.pa.pref') ON CONFLICT(Hostname) DO UPDATE SET Hostname = EXCLUDED.Hostname ;
INSERT INTO OS(Hostname, Caption, BuildNumber, Architecture, Description) VALUES('PM-129191.pa.pref', 'Microsoft Windows 10 Pro', '19044', '64 bits', 'RECURSOS HUMANOS') ON CONFLICT(Hostname) DO UPDATE SET Hostname = EXCLUDED.Hostname, Caption = EXCLUDED.Caption, BuildNumber = EXCLUDED.BuildNumber, Architecture = EXCLUDED.Architecture, Description = EXCLUDED.Description ;
INSERT INTO Hosts(Hostname) VALUES ('PM-129191.pa.pref') ON CONFLICT(Hostname) DO UPDATE SET Hostname = EXCLUDED.Hostname ;
INSERT INTO Networking(Hostname, IP, Gateway, Description, Index, DHCP) VALUES ('PM-129191.pa.pref', '192.168.10.141', '192.168.10.1', 'Broadcom NetLink (TM) Gigabit Ethernet', '2', 'True') ON CONFLICT(Hostname) DO UPDATE SET Hostname = EXCLUDED.Hostname, IP = EXCLUDED.IP, Gateway = EXCLUDED.Gateway, Description = EXCLUDED.Description, Index = EXCLUDED.Index, DHCP = EXCLUDED.DHCP ;
INSERT INTO Hosts(Hostname) VALUES ('PM-INFO0138.pa.pref') ON CONFLICT(Hostname) DO UPDATE SET Hostname = EXCLUDED.Hostname ;
INSERT INTO CPU(Hostname, Name, Caption, NOC, NOLP)VALUES('PM-INFO0138.pa.pref', 'Intel(R) Core(TM) i3-10100 CPU @ 3.60GHz', 'Intel64 Family 6 Model 165 Stepping 3', '4', '8') ON CONFLICT(Hostname) DO UPDATE SET Hostname = EXCLUDED.Hostname, Name = EXCLUDED.Name, Caption = EXCLUDED.Caption, NOC = EXCLUDED.NOC, NOLP = EXCLUDED.NOLP ;
INSERT INTO Hosts(Hostname) VALUES ('PM-INFO0138.pa.pref') ON CONFLICT(Hostname) DO UPDATE SET Hostname = EXCLUDED.Hostname ;
INSERT INTO OS(Hostname, Caption, BuildNumber, Architecture, Description) VALUES('PM-INFO0138.pa.pref', 'Microsoft Windows 10 Pro', '19045', '64 bits', 'P-174801 A-486109209') ON CONFLICT(Hostname) DO UPDATE SET Hostname = EXCLUDED.Hostname, Caption = EXCLUDED.Caption, BuildNumber = EXCLUDED.BuildNumber, Architecture = EXCLUDED.Architecture, Description = EXCLUDED.Description ;
INSERT INTO Hosts(Hostname) VALUES ('PM-INFO0138.pa.pref') ON CONFLICT(Hostname) DO UPDATE SET Hostname = EXCLUDED.Hostname ;
INSERT INTO Networking(Hostname, IP, Gateway, Description, Index, DHCP) VALUES ('PM-INFO0138.pa.pref', '192.168.15.88', '192.168.15.1', 'Realtek PCIe GbE Family Controller', '1', 'True') ON CONFLICT(Hostname) DO UPDATE SET Hostname = EXCLUDED.Hostname, IP = EXCLUDED.IP, Gateway = EXCLUDED.Gateway, Description = EXCLUDED.Description, Index = EXCLUDED.Index, DHCP = EXCLUDED.DHCP ;
INSERT INTO Hosts(Hostname) VALUES ('PM-SSAUS27015.pa.pref') ON CONFLICT(Hostname) DO UPDATE SET Hostname = EXCLUDED.Hostname ;
INSERT INTO CPU(Hostname, Name, Caption, NOC, NOLP)VALUES('PM-SSAUS27015.pa.pref', 'Intel(R) Core(TM) i3-3220 CPU @ 3.30GHz', 'Intel64 Family 6 Model 58 Stepping 9', '2', '4') ON CONFLICT(Hostname) DO UPDATE SET Hostname = EXCLUDED.Hostname, Name = EXCLUDED.Name, Caption = EXCLUDED.Caption, NOC = EXCLUDED.NOC, NOLP = EXCLUDED.NOLP ;
INSERT INTO Hosts(Hostname) VALUES ('PM-SSAUS27015.pa.pref') ON CONFLICT(Hostname) DO UPDATE SET Hostname = EXCLUDED.Hostname ;
INSERT INTO OS(Hostname, Caption, BuildNumber, Architecture, Description) VALUES('PM-SSAUS27015.pa.pref', 'Microsoft Windows 7 Professional ', '7601', '64-bit', 'Patrimonio 99063') ON CONFLICT(Hostname) DO UPDATE SET Hostname = EXCLUDED.Hostname, Caption = EXCLUDED.Caption, BuildNumber = EXCLUDED.BuildNumber, Architecture = EXCLUDED.Architecture, Description = EXCLUDED.Description ;
INSERT INTO Hosts(Hostname) VALUES ('PM-SSAUS27015.pa.pref') ON CONFLICT(Hostname) DO UPDATE SET Hostname = EXCLUDED.Hostname ;
INSERT INTO Networking(Hostname, IP, Gateway, Description, Index, DHCP) VALUES ('PM-SSAUS27015.pa.pref', '192.168.222.44', '192.168.222.1', 'Realtek PCIe GBE Family Controller', '7', 'True') ON CONFLICT(Hostname) DO UPDATE SET Hostname = EXCLUDED.Hostname, IP = EXCLUDED.IP, Gateway = EXCLUDED.Gateway, Description = EXCLUDED.Description, Index = EXCLUDED.Index, DHCP = EXCLUDED.DHCP ;
INSERT INTO Hosts(Hostname) VALUES ('PM-SSAUS38022.pa.pref') ON CONFLICT(Hostname) DO UPDATE SET Hostname = EXCLUDED.Hostname ;
INSERT INTO CPU(Hostname, Name, Caption, NOC, NOLP)VALUES('PM-SSAUS38022.pa.pref', 'AMD A10-9700 RADEON R7, 10 COMPUTE CORES 4C+6G ', 'AMD64 Family 21 Model 101 Stepping 1', '4', '4') ON CONFLICT(Hostname) DO UPDATE SET Hostname = EXCLUDED.Hostname, Name = EXCLUDED.Name, Caption = EXCLUDED.Caption, NOC = EXCLUDED.NOC, NOLP = EXCLUDED.NOLP ;
INSERT INTO Hosts(Hostname) VALUES ('PM-SSAUS38022.pa.pref') ON CONFLICT(Hostname) DO UPDATE SET Hostname = EXCLUDED.Hostname ;
INSERT INTO OS(Hostname, Caption, BuildNumber, Architecture, Description) VALUES('PM-SSAUS38022.pa.pref', 'Microsoft Windows 10 Pro', '19045', '64 bits', 'Patrimonio 145556') ON CONFLICT(Hostname) DO UPDATE SET Hostname = EXCLUDED.Hostname, Caption = EXCLUDED.Caption, BuildNumber = EXCLUDED.BuildNumber, Architecture = EXCLUDED.Architecture, Description = EXCLUDED.Description ;
INSERT INTO Hosts(Hostname) VALUES ('PM-SSAUS38022.pa.pref') ON CONFLICT(Hostname) DO UPDATE SET Hostname = EXCLUDED.Hostname ;
INSERT INTO Networking(Hostname, IP, Gateway, Description, Index, DHCP) VALUES ('PM-SSAUS38022.pa.pref', '192.168.128.98', '192.168.128.1', 'Realtek PCIe GbE Family Controller', '9', 'True') ON CONFLICT(Hostname) DO UPDATE SET Hostname = EXCLUDED.Hostname, IP = EXCLUDED.IP, Gateway = EXCLUDED.Gateway, Description = EXCLUDED.Description, Index = EXCLUDED.Index, DHCP = EXCLUDED.DHCP ;
INSERT INTO Hosts(Hostname) VALUES ('PM-SSAUS29005.pa.pref') ON CONFLICT(Hostname) DO UPDATE SET Hostname = EXCLUDED.Hostname ;
INSERT INTO CPU(Hostname, Name, Caption, NOC, NOLP)VALUES('PM-SSAUS29005.pa.pref', '12th Gen Intel(R) Core(TM) i3-12100', 'Intel64 Family 6 Model 151 Stepping 5', '4', '8') ON CONFLICT(Hostname) DO UPDATE SET Hostname = EXCLUDED.Hostname, Name = EXCLUDED.Name, Caption = EXCLUDED.Caption, NOC = EXCLUDED.NOC, NOLP = EXCLUDED.NOLP ;
INSERT INTO Hosts(Hostname) VALUES ('PM-SSAUS29005.pa.pref') ON CONFLICT(Hostname) DO UPDATE SET Hostname = EXCLUDED.Hostname ;
INSERT INTO OS(Hostname, Caption, BuildNumber, Architecture, Description) VALUES('PM-SSAUS29005.pa.pref', 'Microsoft Windows 11 Pro', '22621', '64 bits', NULL) ON CONFLICT(Hostname) DO UPDATE SET Hostname = EXCLUDED.Hostname, Caption = EXCLUDED.Caption, BuildNumber = EXCLUDED.BuildNumber, Architecture = EXCLUDED.Architecture, Description = EXCLUDED.Description ;
INSERT INTO Hosts(Hostname) VALUES ('PM-SSAUS29005.pa.pref') ON CONFLICT(Hostname) DO UPDATE SET Hostname = EXCLUDED.Hostname ;
INSERT INTO Networking(Hostname, IP, Gateway, Description, Index, DHCP) VALUES ('PM-SSAUS29005.pa.pref', '192.168.8.223', '192.168.8.1', 'Realtek PCIe GbE Family Controller', '1', 'True') ON CONFLICT(Hostname) DO UPDATE SET Hostname = EXCLUDED.Hostname, IP = EXCLUDED.IP, Gateway = EXCLUDED.Gateway, Description = EXCLUDED.Description, Index = EXCLUDED.Index, DHCP = EXCLUDED.DHCP ;
INSERT INTO Hosts(Hostname) VALUES ('PM-SPSADM006.pa.pref') ON CONFLICT(Hostname) DO UPDATE SET Hostname = EXCLUDED.Hostname ;
INSERT INTO CPU(Hostname, Name, Caption, NOC, NOLP)VALUES('PM-SPSADM006.pa.pref', 'Intel(R) Core(TM)2 Duo CPU     E7500  @ 2.93GHz', 'Intel64 Family 6 Model 23 Stepping 10', '2', '2') ON CONFLICT(Hostname) DO UPDATE SET Hostname = EXCLUDED.Hostname, Name = EXCLUDED.Name, Caption = EXCLUDED.Caption, NOC = EXCLUDED.NOC, NOLP = EXCLUDED.NOLP ;
INSERT INTO Hosts(Hostname) VALUES ('PM-SPSADM006.pa.pref') ON CONFLICT(Hostname) DO UPDATE SET Hostname = EXCLUDED.Hostname ;
INSERT INTO OS(Hostname, Caption, BuildNumber, Architecture, Description) VALUES('PM-SPSADM006.pa.pref', 'Microsoft Windows 7 Professional ', '7601', '64-bit', NULL) ON CONFLICT(Hostname) DO UPDATE SET Hostname = EXCLUDED.Hostname, Caption = EXCLUDED.Caption, BuildNumber = EXCLUDED.BuildNumber, Architecture = EXCLUDED.Architecture, Description = EXCLUDED.Description ;
INSERT INTO Hosts(Hostname) VALUES ('PM-SPSADM006.pa.pref') ON CONFLICT(Hostname) DO UPDATE SET Hostname = EXCLUDED.Hostname ;
INSERT INTO Networking(Hostname, IP, Gateway, Description, Index, DHCP) VALUES ('PM-SPSADM006.pa.pref', '192.168.214.78', '192.168.214.1', 'Intel(R) 82567V-4 Gigabit Network Connection', '7', 'True') ON CONFLICT(Hostname) DO UPDATE SET Hostname = EXCLUDED.Hostname, IP = EXCLUDED.IP, Gateway = EXCLUDED.Gateway, Description = EXCLUDED.Description, Index = EXCLUDED.Index, DHCP = EXCLUDED.DHCP ;
INSERT INTO Hosts(Hostname) VALUES ('PM-SSAADM007.pa.pref') ON CONFLICT(Hostname) DO UPDATE SET Hostname = EXCLUDED.Hostname ;
INSERT INTO CPU(Hostname, Name, Caption, NOC, NOLP)VALUES('PM-SSAADM007.pa.pref', 'AMD Athlon(tm) Dual Core Processor 5000B', 'AMD64 Family 15 Model 107 Stepping 2', '2', '2') ON CONFLICT(Hostname) DO UPDATE SET Hostname = EXCLUDED.Hostname, Name = EXCLUDED.Name, Caption = EXCLUDED.Caption, NOC = EXCLUDED.NOC, NOLP = EXCLUDED.NOLP ;
INSERT INTO Hosts(Hostname) VALUES ('PM-SSAADM007.pa.pref') ON CONFLICT(Hostname) DO UPDATE SET Hostname = EXCLUDED.Hostname ;
INSERT INTO OS(Hostname, Caption, BuildNumber, Architecture, Description) VALUES('PM-SSAADM007.pa.pref', 'Microsoft Windows 7 Professional ', '7601', '64-bit', 'Patrimônio 85545') ON CONFLICT(Hostname) DO UPDATE SET Hostname = EXCLUDED.Hostname, Caption = EXCLUDED.Caption, BuildNumber = EXCLUDED.BuildNumber, Architecture = EXCLUDED.Architecture, Description = EXCLUDED.Description ;
INSERT INTO Hosts(Hostname) VALUES ('PM-SSAADM007.pa.pref') ON CONFLICT(Hostname) DO UPDATE SET Hostname = EXCLUDED.Hostname ;
INSERT INTO Networking(Hostname, IP, Gateway, Description, Index, DHCP) VALUES ('PM-SSAADM007.pa.pref', '192.168.10.98', '192.168.10.1', 'Broadcom NetXtreme Gigabit Ethernet', '7', 'True') ON CONFLICT(Hostname) DO UPDATE SET Hostname = EXCLUDED.Hostname, IP = EXCLUDED.IP, Gateway = EXCLUDED.Gateway, Description = EXCLUDED.Description, Index = EXCLUDED.Index, DHCP = EXCLUDED.DHCP ;
INSERT INTO Hosts(Hostname) VALUES ('PM-SECED27039.pa.pref') ON CONFLICT(Hostname) DO UPDATE SET Hostname = EXCLUDED.Hostname ;
INSERT INTO CPU(Hostname, Name, Caption, NOC, NOLP)VALUES('PM-SECED27039.pa.pref', 'Intel(R) Core(TM) i3-10100 CPU @ 3.60GHz', 'Intel64 Family 6 Model 165 Stepping 3', '4', '8') ON CONFLICT(Hostname) DO UPDATE SET Hostname = EXCLUDED.Hostname, Name = EXCLUDED.Name, Caption = EXCLUDED.Caption, NOC = EXCLUDED.NOC, NOLP = EXCLUDED.NOLP ;
INSERT INTO Hosts(Hostname) VALUES ('PM-SECED27039.pa.pref') ON CONFLICT(Hostname) DO UPDATE SET Hostname = EXCLUDED.Hostname ;
INSERT INTO OS(Hostname, Caption, BuildNumber, Architecture, Description) VALUES('PM-SECED27039.pa.pref', 'Microsoft Windows 10 Pro', '19045', '64 bits', 'P-174718 A-63 462 432') ON CONFLICT(Hostname) DO UPDATE SET Hostname = EXCLUDED.Hostname, Caption = EXCLUDED.Caption, BuildNumber = EXCLUDED.BuildNumber, Architecture = EXCLUDED.Architecture, Description = EXCLUDED.Description ;
INSERT INTO Hosts(Hostname) VALUES ('PM-SECED27039.pa.pref') ON CONFLICT(Hostname) DO UPDATE SET Hostname = EXCLUDED.Hostname ;
INSERT INTO Networking(Hostname, IP, Gateway, Description, Index, DHCP) VALUES ('PM-SECED27039.pa.pref', '192.168.110.59', '192.168.110.1', 'Realtek PCIe GbE Family Controller', '1', 'True') ON CONFLICT(Hostname) DO UPDATE SET Hostname = EXCLUDED.Hostname, IP = EXCLUDED.IP, Gateway = EXCLUDED.Gateway, Description = EXCLUDED.Description, Index = EXCLUDED.Index, DHCP = EXCLUDED.DHCP ;
INSERT INTO Hosts(Hostname) VALUES ('PM-SAPADM009.pa.pref') ON CONFLICT(Hostname) DO UPDATE SET Hostname = EXCLUDED.Hostname ;
INSERT INTO CPU(Hostname, Name, Caption, NOC, NOLP)VALUES('PM-SAPADM009.pa.pref', 'Intel(R) Core(TM) i3-10100 CPU @ 3.60GHz', 'Intel64 Family 6 Model 165 Stepping 3', '4', '8') ON CONFLICT(Hostname) DO UPDATE SET Hostname = EXCLUDED.Hostname, Name = EXCLUDED.Name, Caption = EXCLUDED.Caption, NOC = EXCLUDED.NOC, NOLP = EXCLUDED.NOLP ;
INSERT INTO Hosts(Hostname) VALUES ('PM-SAPADM009.pa.pref') ON CONFLICT(Hostname) DO UPDATE SET Hostname = EXCLUDED.Hostname ;
INSERT INTO OS(Hostname, Caption, BuildNumber, Architecture, Description) VALUES('PM-SAPADM009.pa.pref', 'Microsoft Windows 10 Pro', '19045', '64 bits', 'P-174763 A-122518776') ON CONFLICT(Hostname) DO UPDATE SET Hostname = EXCLUDED.Hostname, Caption = EXCLUDED.Caption, BuildNumber = EXCLUDED.BuildNumber, Architecture = EXCLUDED.Architecture, Description = EXCLUDED.Description ;
INSERT INTO Hosts(Hostname) VALUES ('PM-SAPADM009.pa.pref') ON CONFLICT(Hostname) DO UPDATE SET Hostname = EXCLUDED.Hostname ;
INSERT INTO Networking(Hostname, IP, Gateway, Description, Index, DHCP) VALUES ('PM-SAPADM009.pa.pref', '192.168.142.45', '192.168.142.1', 'Realtek PCIe GbE Family Controller', '1', 'True') ON CONFLICT(Hostname) DO UPDATE SET Hostname = EXCLUDED.Hostname, IP = EXCLUDED.IP, Gateway = EXCLUDED.Gateway, Description = EXCLUDED.Description, Index = EXCLUDED.Index, DHCP = EXCLUDED.DHCP ;
INSERT INTO Hosts(Hostname) VALUES ('PM-SSAUS24015.pa.pref') ON CONFLICT(Hostname) DO UPDATE SET Hostname = EXCLUDED.Hostname ;
INSERT INTO CPU(Hostname, Name, Caption, NOC, NOLP)VALUES('PM-SSAUS24015.pa.pref', 'AMD Sempron(tm) 150 Processor', 'x64 Family 16 Model 6 Stepping 3', '1', '1') ON CONFLICT(Hostname) DO UPDATE SET Hostname = EXCLUDED.Hostname, Name = EXCLUDED.Name, Caption = EXCLUDED.Caption, NOC = EXCLUDED.NOC, NOLP = EXCLUDED.NOLP ;
INSERT INTO Hosts(Hostname) VALUES ('PM-SSAUS24015.pa.pref') ON CONFLICT(Hostname) DO UPDATE SET Hostname = EXCLUDED.Hostname ;
INSERT INTO OS(Hostname, Caption, BuildNumber, Architecture, Description) VALUES('PM-SSAUS24015.pa.pref', 'Microsoft Windows 7 Professional ', '7601', '32-bit', NULL) ON CONFLICT(Hostname) DO UPDATE SET Hostname = EXCLUDED.Hostname, Caption = EXCLUDED.Caption, BuildNumber = EXCLUDED.BuildNumber, Architecture = EXCLUDED.Architecture, Description = EXCLUDED.Description ;
INSERT INTO Hosts(Hostname) VALUES ('PM-SSAUS24015.pa.pref') ON CONFLICT(Hostname) DO UPDATE SET Hostname = EXCLUDED.Hostname ;
INSERT INTO Networking(Hostname, IP, Gateway, Description, Index, DHCP) VALUES ('PM-SSAUS24015.pa.pref', '192.168.182.186', '192.168.182.1', 'Marvell Yukon 88E8057 PCI-E Gigabit Ethernet Controller', '7', 'True') ON CONFLICT(Hostname) DO UPDATE SET Hostname = EXCLUDED.Hostname, IP = EXCLUDED.IP, Gateway = EXCLUDED.Gateway, Description = EXCLUDED.Description, Index = EXCLUDED.Index, DHCP = EXCLUDED.DHCP ;
INSERT INTO Hosts(Hostname) VALUES ('DESKTOP-4K9BJ71.pa.pref') ON CONFLICT(Hostname) DO UPDATE SET Hostname = EXCLUDED.Hostname ;
INSERT INTO CPU(Hostname, Name, Caption, NOC, NOLP)VALUES('DESKTOP-4K9BJ71.pa.pref', 'Intel(R) Core(TM) i3-4130 CPU @ 3.40GHz', 'Intel64 Family 6 Model 60 Stepping 3', '2', '4') ON CONFLICT(Hostname) DO UPDATE SET Hostname = EXCLUDED.Hostname, Name = EXCLUDED.Name, Caption = EXCLUDED.Caption, NOC = EXCLUDED.NOC, NOLP = EXCLUDED.NOLP ;
INSERT INTO Hosts(Hostname) VALUES ('DESKTOP-4K9BJ71.pa.pref') ON CONFLICT(Hostname) DO UPDATE SET Hostname = EXCLUDED.Hostname ;
INSERT INTO OS(Hostname, Caption, BuildNumber, Architecture, Description) VALUES('DESKTOP-4K9BJ71.pa.pref', 'Microsoft Windows 10 Pro', '19045', '64 bits', NULL) ON CONFLICT(Hostname) DO UPDATE SET Hostname = EXCLUDED.Hostname, Caption = EXCLUDED.Caption, BuildNumber = EXCLUDED.BuildNumber, Architecture = EXCLUDED.Architecture, Description = EXCLUDED.Description ;
INSERT INTO Hosts(Hostname) VALUES ('DESKTOP-4K9BJ71.pa.pref') ON CONFLICT(Hostname) DO UPDATE SET Hostname = EXCLUDED.Hostname ;
INSERT INTO Networking(Hostname, IP, Gateway, Description, Index, DHCP) VALUES ('DESKTOP-4K9BJ71.pa.pref', '192.168.30.177', '192.168.30.1', 'Adaptador de Rede 802.11n Broadcom', '2', 'True') ON CONFLICT(Hostname) DO UPDATE SET Hostname = EXCLUDED.Hostname, IP = EXCLUDED.IP, Gateway = EXCLUDED.Gateway, Description = EXCLUDED.Description, Index = EXCLUDED.Index, DHCP = EXCLUDED.DHCP ;
INSERT INTO Hosts(Hostname) VALUES ('PM-SURADM006.pa.pref') ON CONFLICT(Hostname) DO UPDATE SET Hostname = EXCLUDED.Hostname ;
INSERT INTO CPU(Hostname, Name, Caption, NOC, NOLP)VALUES('PM-SURADM006.pa.pref', 'Intel(R) Core(TM) i3-9100 CPU @ 3.60GHz', 'Intel64 Family 6 Model 158 Stepping 11', '4', '4') ON CONFLICT(Hostname) DO UPDATE SET Hostname = EXCLUDED.Hostname, Name = EXCLUDED.Name, Caption = EXCLUDED.Caption, NOC = EXCLUDED.NOC, NOLP = EXCLUDED.NOLP ;
INSERT INTO Hosts(Hostname) VALUES ('PM-SURADM006.pa.pref') ON CONFLICT(Hostname) DO UPDATE SET Hostname = EXCLUDED.Hostname ;
INSERT INTO OS(Hostname, Caption, BuildNumber, Architecture, Description) VALUES('PM-SURADM006.pa.pref', 'Microsoft Windows 10 Pro', '19044', '64 bits', 'Patrimonio 143457') ON CONFLICT(Hostname) DO UPDATE SET Hostname = EXCLUDED.Hostname, Caption = EXCLUDED.Caption, BuildNumber = EXCLUDED.BuildNumber, Architecture = EXCLUDED.Architecture, Description = EXCLUDED.Description ;
INSERT INTO Hosts(Hostname) VALUES ('PM-SURADM006.pa.pref') ON CONFLICT(Hostname) DO UPDATE SET Hostname = EXCLUDED.Hostname ;
INSERT INTO Networking(Hostname, IP, Gateway, Description, Index, DHCP) VALUES ('PM-SURADM006.pa.pref', '192.168.8.139', '192.168.8.1', 'Intel(R) Ethernet Connection (7) I219-V', '1', 'True') ON CONFLICT(Hostname) DO UPDATE SET Hostname = EXCLUDED.Hostname, IP = EXCLUDED.IP, Gateway = EXCLUDED.Gateway, Description = EXCLUDED.Description, Index = EXCLUDED.Index, DHCP = EXCLUDED.DHCP ;
INSERT INTO Hosts(Hostname) VALUES ('PM-SSAUS370008.pa.pref') ON CONFLICT(Hostname) DO UPDATE SET Hostname = EXCLUDED.Hostname ;
INSERT INTO CPU(Hostname, Name, Caption, NOC, NOLP)VALUES('PM-SSAUS370008.pa.pref', 'Intel(R) Core(TM) i5-3470 CPU @ 3.20GHz', 'Intel64 Family 6 Model 58 Stepping 9', '4', '4') ON CONFLICT(Hostname) DO UPDATE SET Hostname = EXCLUDED.Hostname, Name = EXCLUDED.Name, Caption = EXCLUDED.Caption, NOC = EXCLUDED.NOC, NOLP = EXCLUDED.NOLP ;
INSERT INTO Hosts(Hostname) VALUES ('PM-SSAUS370008.pa.pref') ON CONFLICT(Hostname) DO UPDATE SET Hostname = EXCLUDED.Hostname ;
INSERT INTO OS(Hostname, Caption, BuildNumber, Architecture, Description) VALUES('PM-SSAUS370008.pa.pref', 'Microsoft Windows 10 Pro', '19045', '64 bits', 'Patrimonio 99971') ON CONFLICT(Hostname) DO UPDATE SET Hostname = EXCLUDED.Hostname, Caption = EXCLUDED.Caption, BuildNumber = EXCLUDED.BuildNumber, Architecture = EXCLUDED.Architecture, Description = EXCLUDED.Description ;
INSERT INTO Hosts(Hostname) VALUES ('PM-SSAUS370008.pa.pref') ON CONFLICT(Hostname) DO UPDATE SET Hostname = EXCLUDED.Hostname ;
INSERT INTO Networking(Hostname, IP, Gateway, Description, Index, DHCP) VALUES ('PM-SSAUS370008.pa.pref', '192.168.152.180', '192.168.152.1', 'Intel(R) 82579LM Gigabit Network Connection', '1', 'True') ON CONFLICT(Hostname) DO UPDATE SET Hostname = EXCLUDED.Hostname, IP = EXCLUDED.IP, Gateway = EXCLUDED.Gateway, Description = EXCLUDED.Description, Index = EXCLUDED.Index, DHCP = EXCLUDED.DHCP ;
INSERT INTO Hosts(Hostname) VALUES ('PM-SPSCRA019.pa.pref') ON CONFLICT(Hostname) DO UPDATE SET Hostname = EXCLUDED.Hostname ;
INSERT INTO CPU(Hostname, Name, Caption, NOC, NOLP)VALUES('PM-SPSCRA019.pa.pref', 'Intel(R) Core(TM) i3-5005U CPU @ 2.00GHz', 'Intel64 Family 6 Model 61 Stepping 4', '2', '4') ON CONFLICT(Hostname) DO UPDATE SET Hostname = EXCLUDED.Hostname, Name = EXCLUDED.Name, Caption = EXCLUDED.Caption, NOC = EXCLUDED.NOC, NOLP = EXCLUDED.NOLP ;
INSERT INTO Hosts(Hostname) VALUES ('PM-SPSCRA019.pa.pref') ON CONFLICT(Hostname) DO UPDATE SET Hostname = EXCLUDED.Hostname ;
INSERT INTO OS(Hostname, Caption, BuildNumber, Architecture, Description) VALUES('PM-SPSCRA019.pa.pref', 'Microsoft Windows 10 Pro', '18363', '64 bits', NULL) ON CONFLICT(Hostname) DO UPDATE SET Hostname = EXCLUDED.Hostname, Caption = EXCLUDED.Caption, BuildNumber = EXCLUDED.BuildNumber, Architecture = EXCLUDED.Architecture, Description = EXCLUDED.Description ;
INSERT INTO Hosts(Hostname) VALUES ('PM-SPSCRA019.pa.pref') ON CONFLICT(Hostname) DO UPDATE SET Hostname = EXCLUDED.Hostname ;
INSERT INTO Networking(Hostname, IP, Gateway, Description, Index, DHCP) VALUES ('PM-SPSCRA019.pa.pref', '192.168.195.60', '192.168.195.1', 'Realtek RTL8188EE Wireless LAN 802.11n PCI-E NIC', '1', 'True') ON CONFLICT(Hostname) DO UPDATE SET Hostname = EXCLUDED.Hostname, IP = EXCLUDED.IP, Gateway = EXCLUDED.Gateway, Description = EXCLUDED.Description, Index = EXCLUDED.Index, DHCP = EXCLUDED.DHCP ;
INSERT INTO Hosts(Hostname) VALUES ('PM-183828.pa.pref') ON CONFLICT(Hostname) DO UPDATE SET Hostname = EXCLUDED.Hostname ;
INSERT INTO CPU(Hostname, Name, Caption, NOC, NOLP)VALUES('PM-183828.pa.pref', '12th Gen Intel(R) Core(TM) i3-12100', 'Intel64 Family 6 Model 151 Stepping 5', '4', '8') ON CONFLICT(Hostname) DO UPDATE SET Hostname = EXCLUDED.Hostname, Name = EXCLUDED.Name, Caption = EXCLUDED.Caption, NOC = EXCLUDED.NOC, NOLP = EXCLUDED.NOLP ;
INSERT INTO Hosts(Hostname) VALUES ('PM-183828.pa.pref') ON CONFLICT(Hostname) DO UPDATE SET Hostname = EXCLUDED.Hostname ;
INSERT INTO OS(Hostname, Caption, BuildNumber, Architecture, Description) VALUES('PM-183828.pa.pref', 'Microsoft Windows 11 Pro', '22621', '64 bits', 'PM-SDESLM001') ON CONFLICT(Hostname) DO UPDATE SET Hostname = EXCLUDED.Hostname, Caption = EXCLUDED.Caption, BuildNumber = EXCLUDED.BuildNumber, Architecture = EXCLUDED.Architecture, Description = EXCLUDED.Description ;
INSERT INTO Hosts(Hostname) VALUES ('PM-183828.pa.pref') ON CONFLICT(Hostname) DO UPDATE SET Hostname = EXCLUDED.Hostname ;
INSERT INTO Networking(Hostname, IP, Gateway, Description, Index, DHCP) VALUES ('PM-183828.pa.pref', '192.168.8.171', '192.168.8.1', 'Realtek PCIe GbE Family Controller', '1', 'True') ON CONFLICT(Hostname) DO UPDATE SET Hostname = EXCLUDED.Hostname, IP = EXCLUDED.IP, Gateway = EXCLUDED.Gateway, Description = EXCLUDED.Description, Index = EXCLUDED.Index, DHCP = EXCLUDED.DHCP ;
INSERT INTO Hosts(Hostname) VALUES ('PM-SECED23034.pa.pref') ON CONFLICT(Hostname) DO UPDATE SET Hostname = EXCLUDED.Hostname ;
INSERT INTO CPU(Hostname, Name, Caption, NOC, NOLP)VALUES('PM-SECED23034.pa.pref', 'Pentium(R) Dual-Core  CPU      E6700  @ 3.20GHz', 'Intel64 Family 6 Model 23 Stepping 10', '2', '2') ON CONFLICT(Hostname) DO UPDATE SET Hostname = EXCLUDED.Hostname, Name = EXCLUDED.Name, Caption = EXCLUDED.Caption, NOC = EXCLUDED.NOC, NOLP = EXCLUDED.NOLP ;
INSERT INTO Hosts(Hostname) VALUES ('PM-SECED23034.pa.pref') ON CONFLICT(Hostname) DO UPDATE SET Hostname = EXCLUDED.Hostname ;
INSERT INTO OS(Hostname, Caption, BuildNumber, Architecture, Description) VALUES('PM-SECED23034.pa.pref', 'Microsoft Windows 7 Professional ', '7601', '64-bit', 'Patrimônio 108373') ON CONFLICT(Hostname) DO UPDATE SET Hostname = EXCLUDED.Hostname, Caption = EXCLUDED.Caption, BuildNumber = EXCLUDED.BuildNumber, Architecture = EXCLUDED.Architecture, Description = EXCLUDED.Description ;
INSERT INTO Hosts(Hostname) VALUES ('PM-SECED23034.pa.pref') ON CONFLICT(Hostname) DO UPDATE SET Hostname = EXCLUDED.Hostname ;
INSERT INTO Networking(Hostname, IP, Gateway, Description, Index, DHCP) VALUES ('PM-SECED23034.pa.pref', '192.168.80.152', '192.168.80.1', 'Atheros AR8132 PCI-E Fast Ethernet Controller (NDIS 6.20)', '7', 'True') ON CONFLICT(Hostname) DO UPDATE SET Hostname = EXCLUDED.Hostname, IP = EXCLUDED.IP, Gateway = EXCLUDED.Gateway, Description = EXCLUDED.Description, Index = EXCLUDED.Index, DHCP = EXCLUDED.DHCP ;
INSERT INTO Hosts(Hostname) VALUES ('PM-SECGPE08.pa.pref') ON CONFLICT(Hostname) DO UPDATE SET Hostname = EXCLUDED.Hostname ;
INSERT INTO CPU(Hostname, Name, Caption, NOC, NOLP)VALUES('PM-SECGPE08.pa.pref', 'Intel(R) Core(TM) i3-2120 CPU @ 3.30GHz', 'x64 Family 6 Model 42 Stepping 7', '2', '4') ON CONFLICT(Hostname) DO UPDATE SET Hostname = EXCLUDED.Hostname, Name = EXCLUDED.Name, Caption = EXCLUDED.Caption, NOC = EXCLUDED.NOC, NOLP = EXCLUDED.NOLP ;
INSERT INTO Hosts(Hostname) VALUES ('PM-SECGPE08.pa.pref') ON CONFLICT(Hostname) DO UPDATE SET Hostname = EXCLUDED.Hostname ;
INSERT INTO OS(Hostname, Caption, BuildNumber, Architecture, Description) VALUES('PM-SECGPE08.pa.pref', 'Microsoft Windows 7 Professional ', '7600', '32-bit', 'Patrimonio 95749') ON CONFLICT(Hostname) DO UPDATE SET Hostname = EXCLUDED.Hostname, Caption = EXCLUDED.Caption, BuildNumber = EXCLUDED.BuildNumber, Architecture = EXCLUDED.Architecture, Description = EXCLUDED.Description ;
INSERT INTO Hosts(Hostname) VALUES ('PM-SECGPE08.pa.pref') ON CONFLICT(Hostname) DO UPDATE SET Hostname = EXCLUDED.Hostname ;
INSERT INTO Networking(Hostname, IP, Gateway, Description, Index, DHCP) VALUES ('PM-SECGPE08.pa.pref', '192.168.9.170', '192.168.9.1', 'Realtek PCIe GBE Family Controller', '7', 'True') ON CONFLICT(Hostname) DO UPDATE SET Hostname = EXCLUDED.Hostname, IP = EXCLUDED.IP, Gateway = EXCLUDED.Gateway, Description = EXCLUDED.Description, Index = EXCLUDED.Index, DHCP = EXCLUDED.DHCP ;
INSERT INTO Hosts(Hostname) VALUES ('PM-SSAUS27022.pa.pref') ON CONFLICT(Hostname) DO UPDATE SET Hostname = EXCLUDED.Hostname ;
INSERT INTO CPU(Hostname, Name, Caption, NOC, NOLP)VALUES('PM-SSAUS27022.pa.pref', 'Intel(R) Core(TM) i3-3220 CPU @ 3.30GHz', 'Intel64 Family 6 Model 58 Stepping 9', '2', '4') ON CONFLICT(Hostname) DO UPDATE SET Hostname = EXCLUDED.Hostname, Name = EXCLUDED.Name, Caption = EXCLUDED.Caption, NOC = EXCLUDED.NOC, NOLP = EXCLUDED.NOLP ;
INSERT INTO Hosts(Hostname) VALUES ('PM-SSAUS27022.pa.pref') ON CONFLICT(Hostname) DO UPDATE SET Hostname = EXCLUDED.Hostname ;
INSERT INTO OS(Hostname, Caption, BuildNumber, Architecture, Description) VALUES('PM-SSAUS27022.pa.pref', 'Microsoft Windows 7 Professional ', '7601', '64-bit', '112298') ON CONFLICT(Hostname) DO UPDATE SET Hostname = EXCLUDED.Hostname, Caption = EXCLUDED.Caption, BuildNumber = EXCLUDED.BuildNumber, Architecture = EXCLUDED.Architecture, Description = EXCLUDED.Description ;
INSERT INTO Hosts(Hostname) VALUES ('PM-SSAUS27022.pa.pref') ON CONFLICT(Hostname) DO UPDATE SET Hostname = EXCLUDED.Hostname ;
INSERT INTO Networking(Hostname, IP, Gateway, Description, Index, DHCP) VALUES ('PM-SSAUS27022.pa.pref', '192.168.222.45', '192.168.222.1', 'Realtek PCIe GBE Family Controller', '7', 'True') ON CONFLICT(Hostname) DO UPDATE SET Hostname = EXCLUDED.Hostname, IP = EXCLUDED.IP, Gateway = EXCLUDED.Gateway, Description = EXCLUDED.Description, Index = EXCLUDED.Index, DHCP = EXCLUDED.DHCP ;
INSERT INTO Hosts(Hostname) VALUES ('PM-SSAUS11057.pa.pref') ON CONFLICT(Hostname) DO UPDATE SET Hostname = EXCLUDED.Hostname ;
INSERT INTO CPU(Hostname, Name, Caption, NOC, NOLP)VALUES('PM-SSAUS11057.pa.pref', 'Intel(R) Core(TM)2 Duo CPU     E7500  @ 2.93GHz', 'Intel64 Family 6 Model 23 Stepping 10', '2', '2') ON CONFLICT(Hostname) DO UPDATE SET Hostname = EXCLUDED.Hostname, Name = EXCLUDED.Name, Caption = EXCLUDED.Caption, NOC = EXCLUDED.NOC, NOLP = EXCLUDED.NOLP ;
INSERT INTO Hosts(Hostname) VALUES ('PM-SSAUS11057.pa.pref') ON CONFLICT(Hostname) DO UPDATE SET Hostname = EXCLUDED.Hostname ;
INSERT INTO OS(Hostname, Caption, BuildNumber, Architecture, Description) VALUES('PM-SSAUS11057.pa.pref', 'Microsoft Windows 10 Pro', '19045', '64 bits', 'P-109886') ON CONFLICT(Hostname) DO UPDATE SET Hostname = EXCLUDED.Hostname, Caption = EXCLUDED.Caption, BuildNumber = EXCLUDED.BuildNumber, Architecture = EXCLUDED.Architecture, Description = EXCLUDED.Description ;
INSERT INTO Hosts(Hostname) VALUES ('PM-SSAUS11057.pa.pref') ON CONFLICT(Hostname) DO UPDATE SET Hostname = EXCLUDED.Hostname ;
INSERT INTO Networking(Hostname, IP, Gateway, Description, Index, DHCP) VALUES ('PM-SSAUS11057.pa.pref', '192.168.11.141', '192.168.11.1', 'Intel(R) 82567V-4 Gigabit Network Connection', '1', 'True') ON CONFLICT(Hostname) DO UPDATE SET Hostname = EXCLUDED.Hostname, IP = EXCLUDED.IP, Gateway = EXCLUDED.Gateway, Description = EXCLUDED.Description, Index = EXCLUDED.Index, DHCP = EXCLUDED.DHCP ;
INSERT INTO Hosts(Hostname) VALUES ('PM-ASCADM012.pa.pref') ON CONFLICT(Hostname) DO UPDATE SET Hostname = EXCLUDED.Hostname ;
INSERT INTO CPU(Hostname, Name, Caption, NOC, NOLP)VALUES('PM-ASCADM012.pa.pref', '12th Gen Intel(R) Core(TM) i3-12100', 'Intel64 Family 6 Model 151 Stepping 5', '4', '8') ON CONFLICT(Hostname) DO UPDATE SET Hostname = EXCLUDED.Hostname, Name = EXCLUDED.Name, Caption = EXCLUDED.Caption, NOC = EXCLUDED.NOC, NOLP = EXCLUDED.NOLP ;
INSERT INTO Hosts(Hostname) VALUES ('PM-ASCADM012.pa.pref') ON CONFLICT(Hostname) DO UPDATE SET Hostname = EXCLUDED.Hostname ;
INSERT INTO OS(Hostname, Caption, BuildNumber, Architecture, Description) VALUES('PM-ASCADM012.pa.pref', 'Microsoft Windows 11 Pro', '22621', '64 bits', NULL) ON CONFLICT(Hostname) DO UPDATE SET Hostname = EXCLUDED.Hostname, Caption = EXCLUDED.Caption, BuildNumber = EXCLUDED.BuildNumber, Architecture = EXCLUDED.Architecture, Description = EXCLUDED.Description ;
INSERT INTO Hosts(Hostname) VALUES ('PM-ASCADM012.pa.pref') ON CONFLICT(Hostname) DO UPDATE SET Hostname = EXCLUDED.Hostname ;
INSERT INTO Networking(Hostname, IP, Gateway, Description, Index, DHCP) VALUES ('PM-ASCADM012.pa.pref', '192.168.8.181', '192.168.8.1', 'Realtek PCIe GbE Family Controller', '1', 'True') ON CONFLICT(Hostname) DO UPDATE SET Hostname = EXCLUDED.Hostname, IP = EXCLUDED.IP, Gateway = EXCLUDED.Gateway, Description = EXCLUDED.Description, Index = EXCLUDED.Index, DHCP = EXCLUDED.DHCP ;
INSERT INTO Hosts(Hostname) VALUES ('PM-SSAHPMINI028.pa.pref') ON CONFLICT(Hostname) DO UPDATE SET Hostname = EXCLUDED.Hostname ;
INSERT INTO CPU(Hostname, Name, Caption, NOC, NOLP)VALUES('PM-SSAHPMINI028.pa.pref', 'AMD Ryzen 3 PRO 4350GE with Radeon Graphics', 'AMD64 Family 23 Model 96 Stepping 1', '4', '8') ON CONFLICT(Hostname) DO UPDATE SET Hostname = EXCLUDED.Hostname, Name = EXCLUDED.Name, Caption = EXCLUDED.Caption, NOC = EXCLUDED.NOC, NOLP = EXCLUDED.NOLP ;
INSERT INTO Hosts(Hostname) VALUES ('PM-SSAHPMINI028.pa.pref') ON CONFLICT(Hostname) DO UPDATE SET Hostname = EXCLUDED.Hostname ;
INSERT INTO OS(Hostname, Caption, BuildNumber, Architecture, Description) VALUES('PM-SSAHPMINI028.pa.pref', 'Microsoft Windows 10 Pro', '19045', '64 bits', 'P-169116 A-402849366') ON CONFLICT(Hostname) DO UPDATE SET Hostname = EXCLUDED.Hostname, Caption = EXCLUDED.Caption, BuildNumber = EXCLUDED.BuildNumber, Architecture = EXCLUDED.Architecture, Description = EXCLUDED.Description ;
INSERT INTO Hosts(Hostname) VALUES ('PM-SSAHPMINI028.pa.pref') ON CONFLICT(Hostname) DO UPDATE SET Hostname = EXCLUDED.Hostname ;
INSERT INTO Networking(Hostname, IP, Gateway, Description, Index, DHCP) VALUES ('PM-SSAHPMINI028.pa.pref', '192.168.136.78', '192.168.136.1', 'Realtek RTL8852AE WiFi 6 802.11ax PCIe Adapter', '2', 'True') ON CONFLICT(Hostname) DO UPDATE SET Hostname = EXCLUDED.Hostname, IP = EXCLUDED.IP, Gateway = EXCLUDED.Gateway, Description = EXCLUDED.Description, Index = EXCLUDED.Index, DHCP = EXCLUDED.DHCP ;
INSERT INTO Hosts(Hostname) VALUES ('PM-101233.pa.pref') ON CONFLICT(Hostname) DO UPDATE SET Hostname = EXCLUDED.Hostname ;
INSERT INTO CPU(Hostname, Name, Caption, NOC, NOLP)VALUES('PM-101233.pa.pref', 'Intel(R) Core(TM) i5-3470 CPU @ 3.20GHz', 'Intel64 Family 6 Model 58 Stepping 9', '4', '4') ON CONFLICT(Hostname) DO UPDATE SET Hostname = EXCLUDED.Hostname, Name = EXCLUDED.Name, Caption = EXCLUDED.Caption, NOC = EXCLUDED.NOC, NOLP = EXCLUDED.NOLP ;
INSERT INTO Hosts(Hostname) VALUES ('PM-101233.pa.pref') ON CONFLICT(Hostname) DO UPDATE SET Hostname = EXCLUDED.Hostname ;
INSERT INTO OS(Hostname, Caption, BuildNumber, Architecture, Description) VALUES('PM-101233.pa.pref', 'Microsoft Windows 7 Professional ', '7601', '64-bit', 'Patrimônio 101233') ON CONFLICT(Hostname) DO UPDATE SET Hostname = EXCLUDED.Hostname, Caption = EXCLUDED.Caption, BuildNumber = EXCLUDED.BuildNumber, Architecture = EXCLUDED.Architecture, Description = EXCLUDED.Description ;
INSERT INTO Hosts(Hostname) VALUES ('PM-101233.pa.pref') ON CONFLICT(Hostname) DO UPDATE SET Hostname = EXCLUDED.Hostname ;
INSERT INTO Networking(Hostname, IP, Gateway, Description, Index, DHCP) VALUES ('PM-101233.pa.pref', '192.168.11.86', '192.168.11.1', 'Intel(R) 82579LM Gigabit Network Connection', '7', 'True') ON CONFLICT(Hostname) DO UPDATE SET Hostname = EXCLUDED.Hostname, IP = EXCLUDED.IP, Gateway = EXCLUDED.Gateway, Description = EXCLUDED.Description, Index = EXCLUDED.Index, DHCP = EXCLUDED.DHCP ;
INSERT INTO Hosts(Hostname) VALUES ('PM-SPSCRA003.pa.pref') ON CONFLICT(Hostname) DO UPDATE SET Hostname = EXCLUDED.Hostname ;
INSERT INTO CPU(Hostname, Name, Caption, NOC, NOLP)VALUES('PM-SPSCRA003.pa.pref', 'Intel(R) Core(TM) i3-7100 CPU @ 3.90GHz', 'Intel64 Family 6 Model 158 Stepping 9', '2', '4') ON CONFLICT(Hostname) DO UPDATE SET Hostname = EXCLUDED.Hostname, Name = EXCLUDED.Name, Caption = EXCLUDED.Caption, NOC = EXCLUDED.NOC, NOLP = EXCLUDED.NOLP ;
INSERT INTO Hosts(Hostname) VALUES ('PM-SPSCRA003.pa.pref') ON CONFLICT(Hostname) DO UPDATE SET Hostname = EXCLUDED.Hostname ;
INSERT INTO OS(Hostname, Caption, BuildNumber, Architecture, Description) VALUES('PM-SPSCRA003.pa.pref', 'Microsoft Windows 10 Pro', '19045', '64 bits', 'Patrimonio 133578') ON CONFLICT(Hostname) DO UPDATE SET Hostname = EXCLUDED.Hostname, Caption = EXCLUDED.Caption, BuildNumber = EXCLUDED.BuildNumber, Architecture = EXCLUDED.Architecture, Description = EXCLUDED.Description ;
INSERT INTO Hosts(Hostname) VALUES ('PM-SPSCRA003.pa.pref') ON CONFLICT(Hostname) DO UPDATE SET Hostname = EXCLUDED.Hostname ;
INSERT INTO Networking(Hostname, IP, Gateway, Description, Index, DHCP) VALUES ('PM-SPSCRA003.pa.pref', '192.168.72.76', '192.168.72.1', 'Realtek PCIe GBE Family Controller', '1', 'True') ON CONFLICT(Hostname) DO UPDATE SET Hostname = EXCLUDED.Hostname, IP = EXCLUDED.IP, Gateway = EXCLUDED.Gateway, Description = EXCLUDED.Description, Index = EXCLUDED.Index, DHCP = EXCLUDED.DHCP ;
INSERT INTO Hosts(Hostname) VALUES ('PM-SSAUS06026.pa.pref') ON CONFLICT(Hostname) DO UPDATE SET Hostname = EXCLUDED.Hostname ;
INSERT INTO CPU(Hostname, Name, Caption, NOC, NOLP)VALUES('PM-SSAUS06026.pa.pref', 'Intel(R) Core(TM) i5-3470 CPU @ 3.20GHz', 'Intel64 Family 6 Model 58 Stepping 9', '4', '4') ON CONFLICT(Hostname) DO UPDATE SET Hostname = EXCLUDED.Hostname, Name = EXCLUDED.Name, Caption = EXCLUDED.Caption, NOC = EXCLUDED.NOC, NOLP = EXCLUDED.NOLP ;
INSERT INTO Hosts(Hostname) VALUES ('PM-SSAUS06026.pa.pref') ON CONFLICT(Hostname) DO UPDATE SET Hostname = EXCLUDED.Hostname ;
INSERT INTO OS(Hostname, Caption, BuildNumber, Architecture, Description) VALUES('PM-SSAUS06026.pa.pref', 'Microsoft Windows 10 Pro', '18362', '64 bits', 'P-// 101223') ON CONFLICT(Hostname) DO UPDATE SET Hostname = EXCLUDED.Hostname, Caption = EXCLUDED.Caption, BuildNumber = EXCLUDED.BuildNumber, Architecture = EXCLUDED.Architecture, Description = EXCLUDED.Description ;
INSERT INTO Hosts(Hostname) VALUES ('PM-SSAUS06026.pa.pref') ON CONFLICT(Hostname) DO UPDATE SET Hostname = EXCLUDED.Hostname ;
INSERT INTO Networking(Hostname, IP, Gateway, Description, Index, DHCP) VALUES ('PM-SSAUS06026.pa.pref', '192.168.170.143', '192.168.170.1', 'Intel(R) 82579LM Gigabit Network Connection', '1', 'True') ON CONFLICT(Hostname) DO UPDATE SET Hostname = EXCLUDED.Hostname, IP = EXCLUDED.IP, Gateway = EXCLUDED.Gateway, Description = EXCLUDED.Description, Index = EXCLUDED.Index, DHCP = EXCLUDED.DHCP ;
INSERT INTO Hosts(Hostname) VALUES ('PM-SSAUS04006.pa.pref') ON CONFLICT(Hostname) DO UPDATE SET Hostname = EXCLUDED.Hostname ;
INSERT INTO CPU(Hostname, Name, Caption, NOC, NOLP)VALUES('PM-SSAUS04006.pa.pref', 'Intel(R) Core(TM) i3-9100 CPU @ 3.60GHz', 'Intel64 Family 6 Model 158 Stepping 11', '4', '4') ON CONFLICT(Hostname) DO UPDATE SET Hostname = EXCLUDED.Hostname, Name = EXCLUDED.Name, Caption = EXCLUDED.Caption, NOC = EXCLUDED.NOC, NOLP = EXCLUDED.NOLP ;
INSERT INTO Hosts(Hostname) VALUES ('PM-SSAUS04006.pa.pref') ON CONFLICT(Hostname) DO UPDATE SET Hostname = EXCLUDED.Hostname ;
INSERT INTO OS(Hostname, Caption, BuildNumber, Architecture, Description) VALUES('PM-SSAUS04006.pa.pref', 'Microsoft Windows 10 Pro', '19045', '64 bits', 'Patrimonio 150573') ON CONFLICT(Hostname) DO UPDATE SET Hostname = EXCLUDED.Hostname, Caption = EXCLUDED.Caption, BuildNumber = EXCLUDED.BuildNumber, Architecture = EXCLUDED.Architecture, Description = EXCLUDED.Description ;
INSERT INTO Hosts(Hostname) VALUES ('PM-SSAUS04006.pa.pref') ON CONFLICT(Hostname) DO UPDATE SET Hostname = EXCLUDED.Hostname ;
INSERT INTO Networking(Hostname, IP, Gateway, Description, Index, DHCP) VALUES ('PM-SSAUS04006.pa.pref', '192.168.137.73', '192.168.137.1', 'TP-Link Wireless N PCI Express Adapter', '11', 'True') ON CONFLICT(Hostname) DO UPDATE SET Hostname = EXCLUDED.Hostname, IP = EXCLUDED.IP, Gateway = EXCLUDED.Gateway, Description = EXCLUDED.Description, Index = EXCLUDED.Index, DHCP = EXCLUDED.DHCP ;
INSERT INTO Hosts(Hostname) VALUES ('PM-SSAREG023.pa.pref') ON CONFLICT(Hostname) DO UPDATE SET Hostname = EXCLUDED.Hostname ;
INSERT INTO CPU(Hostname, Name, Caption, NOC, NOLP)VALUES('PM-SSAREG023.pa.pref', 'Intel(R) Core(TM) i5-3470 CPU @ 3.20GHz', 'Intel64 Family 6 Model 58 Stepping 9', '4', '4') ON CONFLICT(Hostname) DO UPDATE SET Hostname = EXCLUDED.Hostname, Name = EXCLUDED.Name, Caption = EXCLUDED.Caption, NOC = EXCLUDED.NOC, NOLP = EXCLUDED.NOLP ;
INSERT INTO Hosts(Hostname) VALUES ('PM-SSAREG023.pa.pref') ON CONFLICT(Hostname) DO UPDATE SET Hostname = EXCLUDED.Hostname ;
INSERT INTO OS(Hostname, Caption, BuildNumber, Architecture, Description) VALUES('PM-SSAREG023.pa.pref', 'Microsoft Windows 7 Professional ', '7601', '64-bit', 'Patrimônio 92858') ON CONFLICT(Hostname) DO UPDATE SET Hostname = EXCLUDED.Hostname, Caption = EXCLUDED.Caption, BuildNumber = EXCLUDED.BuildNumber, Architecture = EXCLUDED.Architecture, Description = EXCLUDED.Description ;
INSERT INTO Hosts(Hostname) VALUES ('PM-SSAREG023.pa.pref') ON CONFLICT(Hostname) DO UPDATE SET Hostname = EXCLUDED.Hostname ;
INSERT INTO Networking(Hostname, IP, Gateway, Description, Index, DHCP) VALUES ('PM-SSAREG023.pa.pref', '192.168.11.189', '192.168.11.1', 'Intel(R) 82579LM Gigabit Network Connection', '7', 'True') ON CONFLICT(Hostname) DO UPDATE SET Hostname = EXCLUDED.Hostname, IP = EXCLUDED.IP, Gateway = EXCLUDED.Gateway, Description = EXCLUDED.Description, Index = EXCLUDED.Index, DHCP = EXCLUDED.DHCP ;
INSERT INTO Hosts(Hostname) VALUES ('PM-SECED24014.pa.pref') ON CONFLICT(Hostname) DO UPDATE SET Hostname = EXCLUDED.Hostname ;
INSERT INTO CPU(Hostname, Name, Caption, NOC, NOLP)VALUES('PM-SECED24014.pa.pref', 'Intel(R) Core(TM) i3-3220 CPU @ 3.30GHz', 'Intel64 Family 6 Model 58 Stepping 9', '2', '4') ON CONFLICT(Hostname) DO UPDATE SET Hostname = EXCLUDED.Hostname, Name = EXCLUDED.Name, Caption = EXCLUDED.Caption, NOC = EXCLUDED.NOC, NOLP = EXCLUDED.NOLP ;
INSERT INTO Hosts(Hostname) VALUES ('PM-SECED24014.pa.pref') ON CONFLICT(Hostname) DO UPDATE SET Hostname = EXCLUDED.Hostname ;
INSERT INTO OS(Hostname, Caption, BuildNumber, Architecture, Description) VALUES('PM-SECED24014.pa.pref', 'Microsoft Windows 7 Professional ', '7601', '64-bit', NULL) ON CONFLICT(Hostname) DO UPDATE SET Hostname = EXCLUDED.Hostname, Caption = EXCLUDED.Caption, BuildNumber = EXCLUDED.BuildNumber, Architecture = EXCLUDED.Architecture, Description = EXCLUDED.Description ;
INSERT INTO Hosts(Hostname) VALUES ('PM-SECED24014.pa.pref') ON CONFLICT(Hostname) DO UPDATE SET Hostname = EXCLUDED.Hostname ;
INSERT INTO Networking(Hostname, IP, Gateway, Description, Index, DHCP) VALUES ('PM-SECED24014.pa.pref', NULL, NULL, NULL, NULL, NULL) ON CONFLICT(Hostname) DO UPDATE SET Hostname = EXCLUDED.Hostname, IP = EXCLUDED.IP, Gateway = EXCLUDED.Gateway, Description = EXCLUDED.Description, Index = EXCLUDED.Index, DHCP = EXCLUDED.DHCP ;
INSERT INTO Hosts(Hostname) VALUES ('PM-SECED15004.pa.pref') ON CONFLICT(Hostname) DO UPDATE SET Hostname = EXCLUDED.Hostname ;
INSERT INTO CPU(Hostname, Name, Caption, NOC, NOLP)VALUES('PM-SECED15004.pa.pref', 'Intel(R) Core(TM) i5-4440 CPU @ 3.10GHz', 'Intel64 Family 6 Model 60 Stepping 3', '4', '4') ON CONFLICT(Hostname) DO UPDATE SET Hostname = EXCLUDED.Hostname, Name = EXCLUDED.Name, Caption = EXCLUDED.Caption, NOC = EXCLUDED.NOC, NOLP = EXCLUDED.NOLP ;
INSERT INTO Hosts(Hostname) VALUES ('PM-SECED15004.pa.pref') ON CONFLICT(Hostname) DO UPDATE SET Hostname = EXCLUDED.Hostname ;
INSERT INTO OS(Hostname, Caption, BuildNumber, Architecture, Description) VALUES('PM-SECED15004.pa.pref', 'Microsoft Windows 7 Professional ', '7601', '64-bit', 'Patrimonio 140206') ON CONFLICT(Hostname) DO UPDATE SET Hostname = EXCLUDED.Hostname, Caption = EXCLUDED.Caption, BuildNumber = EXCLUDED.BuildNumber, Architecture = EXCLUDED.Architecture, Description = EXCLUDED.Description ;
INSERT INTO Hosts(Hostname) VALUES ('PM-SECED15004.pa.pref') ON CONFLICT(Hostname) DO UPDATE SET Hostname = EXCLUDED.Hostname ;
INSERT INTO Networking(Hostname, IP, Gateway, Description, Index, DHCP) VALUES ('PM-SECED15004.pa.pref', '192.168.117.102', '192.168.117.1', 'Realtek PCIe GBE Family Controller', '7', 'True') ON CONFLICT(Hostname) DO UPDATE SET Hostname = EXCLUDED.Hostname, IP = EXCLUDED.IP, Gateway = EXCLUDED.Gateway, Description = EXCLUDED.Description, Index = EXCLUDED.Index, DHCP = EXCLUDED.DHCP ;
INSERT INTO Hosts(Hostname) VALUES ('PM-SAFADM04.pa.pref') ON CONFLICT(Hostname) DO UPDATE SET Hostname = EXCLUDED.Hostname ;
INSERT INTO CPU(Hostname, Name, Caption, NOC, NOLP)VALUES('PM-SAFADM04.pa.pref', '12th Gen Intel(R) Core(TM) i3-12100', 'Intel64 Family 6 Model 151 Stepping 5', '4', '8') ON CONFLICT(Hostname) DO UPDATE SET Hostname = EXCLUDED.Hostname, Name = EXCLUDED.Name, Caption = EXCLUDED.Caption, NOC = EXCLUDED.NOC, NOLP = EXCLUDED.NOLP ;
INSERT INTO Hosts(Hostname) VALUES ('PM-SAFADM04.pa.pref') ON CONFLICT(Hostname) DO UPDATE SET Hostname = EXCLUDED.Hostname ;
INSERT INTO OS(Hostname, Caption, BuildNumber, Architecture, Description) VALUES('PM-SAFADM04.pa.pref', 'Microsoft Windows 11 Pro', '22621', '64 bits', NULL) ON CONFLICT(Hostname) DO UPDATE SET Hostname = EXCLUDED.Hostname, Caption = EXCLUDED.Caption, BuildNumber = EXCLUDED.BuildNumber, Architecture = EXCLUDED.Architecture, Description = EXCLUDED.Description ;
INSERT INTO Hosts(Hostname) VALUES ('PM-SAFADM04.pa.pref') ON CONFLICT(Hostname) DO UPDATE SET Hostname = EXCLUDED.Hostname ;
INSERT INTO Networking(Hostname, IP, Gateway, Description, Index, DHCP) VALUES ('PM-SAFADM04.pa.pref', '192.168.253.179', '192.168.253.1', 'Realtek PCIe GbE Family Controller', '1', 'True') ON CONFLICT(Hostname) DO UPDATE SET Hostname = EXCLUDED.Hostname, IP = EXCLUDED.IP, Gateway = EXCLUDED.Gateway, Description = EXCLUDED.Description, Index = EXCLUDED.Index, DHCP = EXCLUDED.DHCP ;
INSERT INTO Hosts(Hostname) VALUES ('PM-SPMPLD002.pa.pref') ON CONFLICT(Hostname) DO UPDATE SET Hostname = EXCLUDED.Hostname ;
INSERT INTO CPU(Hostname, Name, Caption, NOC, NOLP)VALUES('PM-SPMPLD002.pa.pref', 'Intel(R) Core(TM) i5-3470 CPU @ 3.20GHz', 'Intel64 Family 6 Model 58 Stepping 9', '4', '4') ON CONFLICT(Hostname) DO UPDATE SET Hostname = EXCLUDED.Hostname, Name = EXCLUDED.Name, Caption = EXCLUDED.Caption, NOC = EXCLUDED.NOC, NOLP = EXCLUDED.NOLP ;
INSERT INTO Hosts(Hostname) VALUES ('PM-SPMPLD002.pa.pref') ON CONFLICT(Hostname) DO UPDATE SET Hostname = EXCLUDED.Hostname ;
INSERT INTO OS(Hostname, Caption, BuildNumber, Architecture, Description) VALUES('PM-SPMPLD002.pa.pref', 'Microsoft Windows 7 Professional ', '7601', '64-bit', NULL) ON CONFLICT(Hostname) DO UPDATE SET Hostname = EXCLUDED.Hostname, Caption = EXCLUDED.Caption, BuildNumber = EXCLUDED.BuildNumber, Architecture = EXCLUDED.Architecture, Description = EXCLUDED.Description ;
INSERT INTO Hosts(Hostname) VALUES ('PM-SPMPLD002.pa.pref') ON CONFLICT(Hostname) DO UPDATE SET Hostname = EXCLUDED.Hostname ;
INSERT INTO Networking(Hostname, IP, Gateway, Description, Index, DHCP) VALUES ('PM-SPMPLD002.pa.pref', '192.168.223.151', '192.168.223.1', 'Intel(R) 82579LM Gigabit Network Connection', '7', 'False') ON CONFLICT(Hostname) DO UPDATE SET Hostname = EXCLUDED.Hostname, IP = EXCLUDED.IP, Gateway = EXCLUDED.Gateway, Description = EXCLUDED.Description, Index = EXCLUDED.Index, DHCP = EXCLUDED.DHCP ;
INSERT INTO Hosts(Hostname) VALUES ('PM-SPMGAM014.pa.pref') ON CONFLICT(Hostname) DO UPDATE SET Hostname = EXCLUDED.Hostname ;
INSERT INTO CPU(Hostname, Name, Caption, NOC, NOLP)VALUES('PM-SPMGAM014.pa.pref', 'Intel(R) Pentium(R) Gold G5420 CPU @ 3.80GHz', 'Intel64 Family 6 Model 158 Stepping 10', '2', '4') ON CONFLICT(Hostname) DO UPDATE SET Hostname = EXCLUDED.Hostname, Name = EXCLUDED.Name, Caption = EXCLUDED.Caption, NOC = EXCLUDED.NOC, NOLP = EXCLUDED.NOLP ;
INSERT INTO Hosts(Hostname) VALUES ('PM-SPMGAM014.pa.pref') ON CONFLICT(Hostname) DO UPDATE SET Hostname = EXCLUDED.Hostname ;
INSERT INTO OS(Hostname, Caption, BuildNumber, Architecture, Description) VALUES('PM-SPMGAM014.pa.pref', 'Microsoft Windows 10 Pro', '19045', '64 bits', '132183') ON CONFLICT(Hostname) DO UPDATE SET Hostname = EXCLUDED.Hostname, Caption = EXCLUDED.Caption, BuildNumber = EXCLUDED.BuildNumber, Architecture = EXCLUDED.Architecture, Description = EXCLUDED.Description ;
INSERT INTO Hosts(Hostname) VALUES ('PM-SPMGAM014.pa.pref') ON CONFLICT(Hostname) DO UPDATE SET Hostname = EXCLUDED.Hostname ;
INSERT INTO Networking(Hostname, IP, Gateway, Description, Index, DHCP) VALUES ('PM-SPMGAM014.pa.pref', '192.168.223.225', '192.168.223.1', 'Realtek PCIe GBE Family Controller #2', '1', 'True') ON CONFLICT(Hostname) DO UPDATE SET Hostname = EXCLUDED.Hostname, IP = EXCLUDED.IP, Gateway = EXCLUDED.Gateway, Description = EXCLUDED.Description, Index = EXCLUDED.Index, DHCP = EXCLUDED.DHCP ;
INSERT INTO Hosts(Hostname) VALUES ('PM-SAFORC001.pa.pref') ON CONFLICT(Hostname) DO UPDATE SET Hostname = EXCLUDED.Hostname ;
INSERT INTO CPU(Hostname, Name, Caption, NOC, NOLP)VALUES('PM-SAFORC001.pa.pref', 'Intel(R) Core(TM) i7-7700 CPU @ 3.60GHz', 'Intel64 Family 6 Model 158 Stepping 9', '4', '8') ON CONFLICT(Hostname) DO UPDATE SET Hostname = EXCLUDED.Hostname, Name = EXCLUDED.Name, Caption = EXCLUDED.Caption, NOC = EXCLUDED.NOC, NOLP = EXCLUDED.NOLP ;
INSERT INTO Hosts(Hostname) VALUES ('PM-SAFORC001.pa.pref') ON CONFLICT(Hostname) DO UPDATE SET Hostname = EXCLUDED.Hostname ;
INSERT INTO OS(Hostname, Caption, BuildNumber, Architecture, Description) VALUES('PM-SAFORC001.pa.pref', 'Microsoft Windows 10 Pro', '19044', '64 bits', 'Patrimonio 132462') ON CONFLICT(Hostname) DO UPDATE SET Hostname = EXCLUDED.Hostname, Caption = EXCLUDED.Caption, BuildNumber = EXCLUDED.BuildNumber, Architecture = EXCLUDED.Architecture, Description = EXCLUDED.Description ;
INSERT INTO Hosts(Hostname) VALUES ('PM-SAFORC001.pa.pref') ON CONFLICT(Hostname) DO UPDATE SET Hostname = EXCLUDED.Hostname ;
INSERT INTO Networking(Hostname, IP, Gateway, Description, Index, DHCP) VALUES ('PM-SAFORC001.pa.pref', '192.168.253.253', '192.168.253.1', 'Realtek PCIe GbE Family Controller', '1', 'True') ON CONFLICT(Hostname) DO UPDATE SET Hostname = EXCLUDED.Hostname, IP = EXCLUDED.IP, Gateway = EXCLUDED.Gateway, Description = EXCLUDED.Description, Index = EXCLUDED.Index, DHCP = EXCLUDED.DHCP ;
INSERT INTO Hosts(Hostname) VALUES ('PM-SSAUS25002.pa.pref') ON CONFLICT(Hostname) DO UPDATE SET Hostname = EXCLUDED.Hostname ;
INSERT INTO CPU(Hostname, Name, Caption, NOC, NOLP)VALUES('PM-SSAUS25002.pa.pref', 'Intel(R) Core(TM) i5-3470 CPU @ 3.20GHz', 'Intel64 Family 6 Model 58 Stepping 9', '4', '4') ON CONFLICT(Hostname) DO UPDATE SET Hostname = EXCLUDED.Hostname, Name = EXCLUDED.Name, Caption = EXCLUDED.Caption, NOC = EXCLUDED.NOC, NOLP = EXCLUDED.NOLP ;
INSERT INTO Hosts(Hostname) VALUES ('PM-SSAUS25002.pa.pref') ON CONFLICT(Hostname) DO UPDATE SET Hostname = EXCLUDED.Hostname ;
INSERT INTO OS(Hostname, Caption, BuildNumber, Architecture, Description) VALUES('PM-SSAUS25002.pa.pref', 'Microsoft Windows 7 Professional ', '7601', '64-bit', 'Patrimonio 92669') ON CONFLICT(Hostname) DO UPDATE SET Hostname = EXCLUDED.Hostname, Caption = EXCLUDED.Caption, BuildNumber = EXCLUDED.BuildNumber, Architecture = EXCLUDED.Architecture, Description = EXCLUDED.Description ;
INSERT INTO Hosts(Hostname) VALUES ('PM-SSAUS25002.pa.pref') ON CONFLICT(Hostname) DO UPDATE SET Hostname = EXCLUDED.Hostname ;
INSERT INTO Networking(Hostname, IP, Gateway, Description, Index, DHCP) VALUES ('PM-SSAUS25002.pa.pref', '192.168.34.53', '192.168.34.1', 'Intel(R) 82579LM Gigabit Network Connection', '7', 'True') ON CONFLICT(Hostname) DO UPDATE SET Hostname = EXCLUDED.Hostname, IP = EXCLUDED.IP, Gateway = EXCLUDED.Gateway, Description = EXCLUDED.Description, Index = EXCLUDED.Index, DHCP = EXCLUDED.DHCP ;
INSERT INTO Hosts(Hostname) VALUES ('PM-SECED10006.pa.pref') ON CONFLICT(Hostname) DO UPDATE SET Hostname = EXCLUDED.Hostname ;
INSERT INTO CPU(Hostname, Name, Caption, NOC, NOLP)VALUES('PM-SECED10006.pa.pref', 'Intel(R) Pentium(R) Gold G5420 CPU @ 3.80GHz', 'Intel64 Family 6 Model 158 Stepping 10', '2', '4') ON CONFLICT(Hostname) DO UPDATE SET Hostname = EXCLUDED.Hostname, Name = EXCLUDED.Name, Caption = EXCLUDED.Caption, NOC = EXCLUDED.NOC, NOLP = EXCLUDED.NOLP ;
INSERT INTO Hosts(Hostname) VALUES ('PM-SECED10006.pa.pref') ON CONFLICT(Hostname) DO UPDATE SET Hostname = EXCLUDED.Hostname ;
INSERT INTO OS(Hostname, Caption, BuildNumber, Architecture, Description) VALUES('PM-SECED10006.pa.pref', 'Microsoft Windows 10 Pro', '19045', '64 bits', 'Patrimonio 168836') ON CONFLICT(Hostname) DO UPDATE SET Hostname = EXCLUDED.Hostname, Caption = EXCLUDED.Caption, BuildNumber = EXCLUDED.BuildNumber, Architecture = EXCLUDED.Architecture, Description = EXCLUDED.Description ;
INSERT INTO Hosts(Hostname) VALUES ('PM-SECED10006.pa.pref') ON CONFLICT(Hostname) DO UPDATE SET Hostname = EXCLUDED.Hostname ;
INSERT INTO Networking(Hostname, IP, Gateway, Description, Index, DHCP) VALUES ('PM-SECED10006.pa.pref', '192.168.174.90', '192.168.174.1', 'Realtek PCIe GBE Family Controller', '1', 'True') ON CONFLICT(Hostname) DO UPDATE SET Hostname = EXCLUDED.Hostname, IP = EXCLUDED.IP, Gateway = EXCLUDED.Gateway, Description = EXCLUDED.Description, Index = EXCLUDED.Index, DHCP = EXCLUDED.DHCP ;
INSERT INTO Hosts(Hostname) VALUES ('PM-SSAUS24005.pa.pref') ON CONFLICT(Hostname) DO UPDATE SET Hostname = EXCLUDED.Hostname ;
INSERT INTO CPU(Hostname, Name, Caption, NOC, NOLP)VALUES('PM-SSAUS24005.pa.pref', 'Intel(R) Core(TM) i3-7100 CPU @ 3.90GHz', 'Intel64 Family 6 Model 158 Stepping 9', '2', '4') ON CONFLICT(Hostname) DO UPDATE SET Hostname = EXCLUDED.Hostname, Name = EXCLUDED.Name, Caption = EXCLUDED.Caption, NOC = EXCLUDED.NOC, NOLP = EXCLUDED.NOLP ;
INSERT INTO Hosts(Hostname) VALUES ('PM-SSAUS24005.pa.pref') ON CONFLICT(Hostname) DO UPDATE SET Hostname = EXCLUDED.Hostname ;
INSERT INTO OS(Hostname, Caption, BuildNumber, Architecture, Description) VALUES('PM-SSAUS24005.pa.pref', 'Microsoft Windows 10 Pro', '19045', '64 bits', 'Patrimônio 128169') ON CONFLICT(Hostname) DO UPDATE SET Hostname = EXCLUDED.Hostname, Caption = EXCLUDED.Caption, BuildNumber = EXCLUDED.BuildNumber, Architecture = EXCLUDED.Architecture, Description = EXCLUDED.Description ;
INSERT INTO Hosts(Hostname) VALUES ('PM-SSAUS24005.pa.pref') ON CONFLICT(Hostname) DO UPDATE SET Hostname = EXCLUDED.Hostname ;
INSERT INTO Networking(Hostname, IP, Gateway, Description, Index, DHCP) VALUES ('PM-SSAUS24005.pa.pref', '192.168.176.76', '192.168.176.1', 'Realtek PCIe GBE Family Controller', '1', 'True') ON CONFLICT(Hostname) DO UPDATE SET Hostname = EXCLUDED.Hostname, IP = EXCLUDED.IP, Gateway = EXCLUDED.Gateway, Description = EXCLUDED.Description, Index = EXCLUDED.Index, DHCP = EXCLUDED.DHCP ;
INSERT INTO Hosts(Hostname) VALUES ('PM-184488.pa.pref') ON CONFLICT(Hostname) DO UPDATE SET Hostname = EXCLUDED.Hostname ;
INSERT INTO CPU(Hostname, Name, Caption, NOC, NOLP)VALUES('PM-184488.pa.pref', '12th Gen Intel(R) Core(TM) i3-12100', 'Intel64 Family 6 Model 151 Stepping 5', '4', '8') ON CONFLICT(Hostname) DO UPDATE SET Hostname = EXCLUDED.Hostname, Name = EXCLUDED.Name, Caption = EXCLUDED.Caption, NOC = EXCLUDED.NOC, NOLP = EXCLUDED.NOLP ;
INSERT INTO Hosts(Hostname) VALUES ('PM-184488.pa.pref') ON CONFLICT(Hostname) DO UPDATE SET Hostname = EXCLUDED.Hostname ;
INSERT INTO OS(Hostname, Caption, BuildNumber, Architecture, Description) VALUES('PM-184488.pa.pref', 'Microsoft Windows 11 Pro', '22621', '64 bits', 'PAT 184488') ON CONFLICT(Hostname) DO UPDATE SET Hostname = EXCLUDED.Hostname, Caption = EXCLUDED.Caption, BuildNumber = EXCLUDED.BuildNumber, Architecture = EXCLUDED.Architecture, Description = EXCLUDED.Description ;
INSERT INTO Hosts(Hostname) VALUES ('PM-184488.pa.pref') ON CONFLICT(Hostname) DO UPDATE SET Hostname = EXCLUDED.Hostname ;
INSERT INTO Networking(Hostname, IP, Gateway, Description, Index, DHCP) VALUES ('PM-184488.pa.pref', '192.168.11.126', '192.168.11.1', 'Realtek PCIe GbE Family Controller', '1', 'True') ON CONFLICT(Hostname) DO UPDATE SET Hostname = EXCLUDED.Hostname, IP = EXCLUDED.IP, Gateway = EXCLUDED.Gateway, Description = EXCLUDED.Description, Index = EXCLUDED.Index, DHCP = EXCLUDED.DHCP ;
INSERT INTO Hosts(Hostname) VALUES ('PM-CONADM022.pa.pref') ON CONFLICT(Hostname) DO UPDATE SET Hostname = EXCLUDED.Hostname ;
INSERT INTO CPU(Hostname, Name, Caption, NOC, NOLP)VALUES('PM-CONADM022.pa.pref', 'Intel(R) Core(TM) i3-10100 CPU @ 3.60GHz', 'Intel64 Family 6 Model 165 Stepping 3', '4', '8') ON CONFLICT(Hostname) DO UPDATE SET Hostname = EXCLUDED.Hostname, Name = EXCLUDED.Name, Caption = EXCLUDED.Caption, NOC = EXCLUDED.NOC, NOLP = EXCLUDED.NOLP ;
INSERT INTO Hosts(Hostname) VALUES ('PM-CONADM022.pa.pref') ON CONFLICT(Hostname) DO UPDATE SET Hostname = EXCLUDED.Hostname ;
INSERT INTO OS(Hostname, Caption, BuildNumber, Architecture, Description) VALUES('PM-CONADM022.pa.pref', 'Microsoft Windows 10 Pro', '19044', '64 bits', 'P-174747 A-373106058') ON CONFLICT(Hostname) DO UPDATE SET Hostname = EXCLUDED.Hostname, Caption = EXCLUDED.Caption, BuildNumber = EXCLUDED.BuildNumber, Architecture = EXCLUDED.Architecture, Description = EXCLUDED.Description ;
INSERT INTO Hosts(Hostname) VALUES ('PM-CONADM022.pa.pref') ON CONFLICT(Hostname) DO UPDATE SET Hostname = EXCLUDED.Hostname ;
INSERT INTO Networking(Hostname, IP, Gateway, Description, Index, DHCP) VALUES ('PM-CONADM022.pa.pref', '192.168.8.239', '192.168.8.1', 'Realtek PCIe GbE Family Controller', '1', 'True') ON CONFLICT(Hostname) DO UPDATE SET Hostname = EXCLUDED.Hostname, IP = EXCLUDED.IP, Gateway = EXCLUDED.Gateway, Description = EXCLUDED.Description, Index = EXCLUDED.Index, DHCP = EXCLUDED.DHCP ;
INSERT INTO Hosts(Hostname) VALUES ('PM-SSAUS03007.pa.pref') ON CONFLICT(Hostname) DO UPDATE SET Hostname = EXCLUDED.Hostname ;
INSERT INTO CPU(Hostname, Name, Caption, NOC, NOLP)VALUES('PM-SSAUS03007.pa.pref', 'Intel(R) Core(TM) i3-9100 CPU @ 3.60GHz', 'Intel64 Family 6 Model 158 Stepping 11', '4', '4') ON CONFLICT(Hostname) DO UPDATE SET Hostname = EXCLUDED.Hostname, Name = EXCLUDED.Name, Caption = EXCLUDED.Caption, NOC = EXCLUDED.NOC, NOLP = EXCLUDED.NOLP ;
INSERT INTO Hosts(Hostname) VALUES ('PM-SSAUS03007.pa.pref') ON CONFLICT(Hostname) DO UPDATE SET Hostname = EXCLUDED.Hostname ;
INSERT INTO OS(Hostname, Caption, BuildNumber, Architecture, Description) VALUES('PM-SSAUS03007.pa.pref', 'Microsoft Windows 10 Pro', '19045', '64 bits', 'Patrimônio 150591') ON CONFLICT(Hostname) DO UPDATE SET Hostname = EXCLUDED.Hostname, Caption = EXCLUDED.Caption, BuildNumber = EXCLUDED.BuildNumber, Architecture = EXCLUDED.Architecture, Description = EXCLUDED.Description ;
INSERT INTO Hosts(Hostname) VALUES ('PM-SSAUS03007.pa.pref') ON CONFLICT(Hostname) DO UPDATE SET Hostname = EXCLUDED.Hostname ;
INSERT INTO Networking(Hostname, IP, Gateway, Description, Index, DHCP) VALUES ('PM-SSAUS03007.pa.pref', '192.168.178.167', '192.168.178.1', 'Intel(R) Ethernet Connection (7) I219-V', '1', 'True') ON CONFLICT(Hostname) DO UPDATE SET Hostname = EXCLUDED.Hostname, IP = EXCLUDED.IP, Gateway = EXCLUDED.Gateway, Description = EXCLUDED.Description, Index = EXCLUDED.Index, DHCP = EXCLUDED.DHCP ;
INSERT INTO Hosts(Hostname) VALUES ('PM-PROADM018.pa.pref') ON CONFLICT(Hostname) DO UPDATE SET Hostname = EXCLUDED.Hostname ;
INSERT INTO CPU(Hostname, Name, Caption, NOC, NOLP)VALUES('PM-PROADM018.pa.pref', 'Intel(R) Core(TM) i3-9100 CPU @ 3.60GHz', 'Intel64 Family 6 Model 158 Stepping 11', '4', '4') ON CONFLICT(Hostname) DO UPDATE SET Hostname = EXCLUDED.Hostname, Name = EXCLUDED.Name, Caption = EXCLUDED.Caption, NOC = EXCLUDED.NOC, NOLP = EXCLUDED.NOLP ;
INSERT INTO Hosts(Hostname) VALUES ('PM-PROADM018.pa.pref') ON CONFLICT(Hostname) DO UPDATE SET Hostname = EXCLUDED.Hostname ;
INSERT INTO OS(Hostname, Caption, BuildNumber, Architecture, Description) VALUES('PM-PROADM018.pa.pref', 'Microsoft Windows 10 Pro', '19045', '64 bits', 'Patrimonio 150557') ON CONFLICT(Hostname) DO UPDATE SET Hostname = EXCLUDED.Hostname, Caption = EXCLUDED.Caption, BuildNumber = EXCLUDED.BuildNumber, Architecture = EXCLUDED.Architecture, Description = EXCLUDED.Description ;
INSERT INTO Hosts(Hostname) VALUES ('PM-PROADM018.pa.pref') ON CONFLICT(Hostname) DO UPDATE SET Hostname = EXCLUDED.Hostname ;
INSERT INTO Networking(Hostname, IP, Gateway, Description, Index, DHCP) VALUES ('PM-PROADM018.pa.pref', '192.168.12.146', '192.168.12.1', 'Intel(R) Ethernet Connection (7) I219-V', '1', 'True') ON CONFLICT(Hostname) DO UPDATE SET Hostname = EXCLUDED.Hostname, IP = EXCLUDED.IP, Gateway = EXCLUDED.Gateway, Description = EXCLUDED.Description, Index = EXCLUDED.Index, DHCP = EXCLUDED.DHCP ;
INSERT INTO Hosts(Hostname) VALUES ('PM-SECED10007.pa.pref') ON CONFLICT(Hostname) DO UPDATE SET Hostname = EXCLUDED.Hostname ;
INSERT INTO CPU(Hostname, Name, Caption, NOC, NOLP)VALUES('PM-SECED10007.pa.pref', 'Intel(R) Pentium(R) Gold G5420 CPU @ 3.80GHz', 'Intel64 Family 6 Model 158 Stepping 10', '2', '4') ON CONFLICT(Hostname) DO UPDATE SET Hostname = EXCLUDED.Hostname, Name = EXCLUDED.Name, Caption = EXCLUDED.Caption, NOC = EXCLUDED.NOC, NOLP = EXCLUDED.NOLP ;
INSERT INTO Hosts(Hostname) VALUES ('PM-SECED10007.pa.pref') ON CONFLICT(Hostname) DO UPDATE SET Hostname = EXCLUDED.Hostname ;
INSERT INTO OS(Hostname, Caption, BuildNumber, Architecture, Description) VALUES('PM-SECED10007.pa.pref', 'Microsoft Windows 10 Pro', '19045', '64 bits', 'Patrimonio 168837') ON CONFLICT(Hostname) DO UPDATE SET Hostname = EXCLUDED.Hostname, Caption = EXCLUDED.Caption, BuildNumber = EXCLUDED.BuildNumber, Architecture = EXCLUDED.Architecture, Description = EXCLUDED.Description ;
INSERT INTO Hosts(Hostname) VALUES ('PM-SECED10007.pa.pref') ON CONFLICT(Hostname) DO UPDATE SET Hostname = EXCLUDED.Hostname ;
INSERT INTO Networking(Hostname, IP, Gateway, Description, Index, DHCP) VALUES ('PM-SECED10007.pa.pref', '192.168.174.94', '192.168.174.1', 'Realtek PCIe GBE Family Controller', '1', 'True') ON CONFLICT(Hostname) DO UPDATE SET Hostname = EXCLUDED.Hostname, IP = EXCLUDED.IP, Gateway = EXCLUDED.Gateway, Description = EXCLUDED.Description, Index = EXCLUDED.Index, DHCP = EXCLUDED.DHCP ;
INSERT INTO Hosts(Hostname) VALUES ('PM-SUCBBT009.pa.pref') ON CONFLICT(Hostname) DO UPDATE SET Hostname = EXCLUDED.Hostname ;
INSERT INTO CPU(Hostname, Name, Caption, NOC, NOLP)VALUES('PM-SUCBBT009.pa.pref', 'Intel(R) Core(TM) i3-3220 CPU @ 3.30GHz', 'Intel64 Family 6 Model 58 Stepping 9', '2', '4') ON CONFLICT(Hostname) DO UPDATE SET Hostname = EXCLUDED.Hostname, Name = EXCLUDED.Name, Caption = EXCLUDED.Caption, NOC = EXCLUDED.NOC, NOLP = EXCLUDED.NOLP ;
INSERT INTO Hosts(Hostname) VALUES ('PM-SUCBBT009.pa.pref') ON CONFLICT(Hostname) DO UPDATE SET Hostname = EXCLUDED.Hostname ;
INSERT INTO OS(Hostname, Caption, BuildNumber, Architecture, Description) VALUES('PM-SUCBBT009.pa.pref', 'Microsoft Windows 7 Professional ', '7601', '64-bit', NULL) ON CONFLICT(Hostname) DO UPDATE SET Hostname = EXCLUDED.Hostname, Caption = EXCLUDED.Caption, BuildNumber = EXCLUDED.BuildNumber, Architecture = EXCLUDED.Architecture, Description = EXCLUDED.Description ;
INSERT INTO Hosts(Hostname) VALUES ('PM-SUCBBT009.pa.pref') ON CONFLICT(Hostname) DO UPDATE SET Hostname = EXCLUDED.Hostname ;
INSERT INTO Networking(Hostname, IP, Gateway, Description, Index, DHCP) VALUES ('PM-SUCBBT009.pa.pref', '192.168.30.89', '192.168.30.1', 'Realtek PCIe GBE Family Controller', '7', 'True') ON CONFLICT(Hostname) DO UPDATE SET Hostname = EXCLUDED.Hostname, IP = EXCLUDED.IP, Gateway = EXCLUDED.Gateway, Description = EXCLUDED.Description, Index = EXCLUDED.Index, DHCP = EXCLUDED.DHCP ;
INSERT INTO Hosts(Hostname) VALUES ('PM-STTADM023.pa.pref') ON CONFLICT(Hostname) DO UPDATE SET Hostname = EXCLUDED.Hostname ;
INSERT INTO CPU(Hostname, Name, Caption, NOC, NOLP)VALUES('PM-STTADM023.pa.pref', 'AMD Athlon(tm) Dual Core Processor 5000B', 'x64 Family 15 Model 107 Stepping 2', '2', '2') ON CONFLICT(Hostname) DO UPDATE SET Hostname = EXCLUDED.Hostname, Name = EXCLUDED.Name, Caption = EXCLUDED.Caption, NOC = EXCLUDED.NOC, NOLP = EXCLUDED.NOLP ;
INSERT INTO Hosts(Hostname) VALUES ('PM-STTADM023.pa.pref') ON CONFLICT(Hostname) DO UPDATE SET Hostname = EXCLUDED.Hostname ;
INSERT INTO OS(Hostname, Caption, BuildNumber, Architecture, Description) VALUES('PM-STTADM023.pa.pref', 'Microsoft Windows 7 Professional ', '7601', '32-bit', 'Patrimonio 85782') ON CONFLICT(Hostname) DO UPDATE SET Hostname = EXCLUDED.Hostname, Caption = EXCLUDED.Caption, BuildNumber = EXCLUDED.BuildNumber, Architecture = EXCLUDED.Architecture, Description = EXCLUDED.Description ;
INSERT INTO Hosts(Hostname) VALUES ('PM-STTADM023.pa.pref') ON CONFLICT(Hostname) DO UPDATE SET Hostname = EXCLUDED.Hostname ;
INSERT INTO Networking(Hostname, IP, Gateway, Description, Index, DHCP) VALUES ('PM-STTADM023.pa.pref', '192.168.146.69', '192.168.146.1', 'Broadcom NetXtreme Gigabit Ethernet', '7', 'True') ON CONFLICT(Hostname) DO UPDATE SET Hostname = EXCLUDED.Hostname, IP = EXCLUDED.IP, Gateway = EXCLUDED.Gateway, Description = EXCLUDED.Description, Index = EXCLUDED.Index, DHCP = EXCLUDED.DHCP ;
INSERT INTO Hosts(Hostname) VALUES ('PM-SSAHPMINI006.pa.pref') ON CONFLICT(Hostname) DO UPDATE SET Hostname = EXCLUDED.Hostname ;
INSERT INTO CPU(Hostname, Name, Caption, NOC, NOLP)VALUES('PM-SSAHPMINI006.pa.pref', 'AMD Ryzen 3 PRO 4350GE with Radeon Graphics', 'AMD64 Family 23 Model 96 Stepping 1', '4', '8') ON CONFLICT(Hostname) DO UPDATE SET Hostname = EXCLUDED.Hostname, Name = EXCLUDED.Name, Caption = EXCLUDED.Caption, NOC = EXCLUDED.NOC, NOLP = EXCLUDED.NOLP ;
INSERT INTO Hosts(Hostname) VALUES ('PM-SSAHPMINI006.pa.pref') ON CONFLICT(Hostname) DO UPDATE SET Hostname = EXCLUDED.Hostname ;
INSERT INTO OS(Hostname, Caption, BuildNumber, Architecture, Description) VALUES('PM-SSAHPMINI006.pa.pref', 'Microsoft Windows 10 Pro', '19044', '64 bits', 'P-169101 A-376491060') ON CONFLICT(Hostname) DO UPDATE SET Hostname = EXCLUDED.Hostname, Caption = EXCLUDED.Caption, BuildNumber = EXCLUDED.BuildNumber, Architecture = EXCLUDED.Architecture, Description = EXCLUDED.Description ;
INSERT INTO Hosts(Hostname) VALUES ('PM-SSAHPMINI006.pa.pref') ON CONFLICT(Hostname) DO UPDATE SET Hostname = EXCLUDED.Hostname ;
INSERT INTO Networking(Hostname, IP, Gateway, Description, Index, DHCP) VALUES ('PM-SSAHPMINI006.pa.pref', '192.168.11.62', '192.168.11.1', 'Realtek PCIe GbE Family Controller', '2', 'True') ON CONFLICT(Hostname) DO UPDATE SET Hostname = EXCLUDED.Hostname, IP = EXCLUDED.IP, Gateway = EXCLUDED.Gateway, Description = EXCLUDED.Description, Index = EXCLUDED.Index, DHCP = EXCLUDED.DHCP ;
INSERT INTO Hosts(Hostname) VALUES ('PM-SPSADM007.pa.pref') ON CONFLICT(Hostname) DO UPDATE SET Hostname = EXCLUDED.Hostname ;
INSERT INTO CPU(Hostname, Name, Caption, NOC, NOLP)VALUES('PM-SPSADM007.pa.pref', 'Intel(R) Core(TM) i5-3470 CPU @ 3.20GHz', 'Intel64 Family 6 Model 58 Stepping 9', '4', '4') ON CONFLICT(Hostname) DO UPDATE SET Hostname = EXCLUDED.Hostname, Name = EXCLUDED.Name, Caption = EXCLUDED.Caption, NOC = EXCLUDED.NOC, NOLP = EXCLUDED.NOLP ;
INSERT INTO Hosts(Hostname) VALUES ('PM-SPSADM007.pa.pref') ON CONFLICT(Hostname) DO UPDATE SET Hostname = EXCLUDED.Hostname ;
INSERT INTO OS(Hostname, Caption, BuildNumber, Architecture, Description) VALUES('PM-SPSADM007.pa.pref', 'Microsoft Windows 7 Professional ', '7601', '64-bit', 'Patrimonio 102452') ON CONFLICT(Hostname) DO UPDATE SET Hostname = EXCLUDED.Hostname, Caption = EXCLUDED.Caption, BuildNumber = EXCLUDED.BuildNumber, Architecture = EXCLUDED.Architecture, Description = EXCLUDED.Description ;
INSERT INTO Hosts(Hostname) VALUES ('PM-SPSADM007.pa.pref') ON CONFLICT(Hostname) DO UPDATE SET Hostname = EXCLUDED.Hostname ;
INSERT INTO Networking(Hostname, IP, Gateway, Description, Index, DHCP) VALUES ('PM-SPSADM007.pa.pref', '192.168.214.97', '192.168.214.1', 'MAC Bridge Miniport', '19', 'True') ON CONFLICT(Hostname) DO UPDATE SET Hostname = EXCLUDED.Hostname, IP = EXCLUDED.IP, Gateway = EXCLUDED.Gateway, Description = EXCLUDED.Description, Index = EXCLUDED.Index, DHCP = EXCLUDED.DHCP ;
INSERT INTO Hosts(Hostname) VALUES ('PM-SSAUS0232.pa.pref') ON CONFLICT(Hostname) DO UPDATE SET Hostname = EXCLUDED.Hostname ;
INSERT INTO CPU(Hostname, Name, Caption, NOC, NOLP)VALUES('PM-SSAUS0232.pa.pref', 'Intel(R) Core(TM) i3-10100 CPU @ 3.60GHz', 'Intel64 Family 6 Model 165 Stepping 3', '4', '8') ON CONFLICT(Hostname) DO UPDATE SET Hostname = EXCLUDED.Hostname, Name = EXCLUDED.Name, Caption = EXCLUDED.Caption, NOC = EXCLUDED.NOC, NOLP = EXCLUDED.NOLP ;
INSERT INTO Hosts(Hostname) VALUES ('PM-SSAUS0232.pa.pref') ON CONFLICT(Hostname) DO UPDATE SET Hostname = EXCLUDED.Hostname ;
INSERT INTO OS(Hostname, Caption, BuildNumber, Architecture, Description) VALUES('PM-SSAUS0232.pa.pref', 'Microsoft Windows 10 Pro', '19045', '64 bits', 'P-174446  A - 581148203') ON CONFLICT(Hostname) DO UPDATE SET Hostname = EXCLUDED.Hostname, Caption = EXCLUDED.Caption, BuildNumber = EXCLUDED.BuildNumber, Architecture = EXCLUDED.Architecture, Description = EXCLUDED.Description ;
INSERT INTO Hosts(Hostname) VALUES ('PM-SSAUS0232.pa.pref') ON CONFLICT(Hostname) DO UPDATE SET Hostname = EXCLUDED.Hostname ;
INSERT INTO Networking(Hostname, IP, Gateway, Description, Index, DHCP) VALUES ('PM-SSAUS0232.pa.pref', '192.168.178.110', '192.168.178.1', 'Realtek PCIe GbE Family Controller', '1', 'True') ON CONFLICT(Hostname) DO UPDATE SET Hostname = EXCLUDED.Hostname, IP = EXCLUDED.IP, Gateway = EXCLUDED.Gateway, Description = EXCLUDED.Description, Index = EXCLUDED.Index, DHCP = EXCLUDED.DHCP ;
INSERT INTO Hosts(Hostname) VALUES ('PM-003.pa.pref') ON CONFLICT(Hostname) DO UPDATE SET Hostname = EXCLUDED.Hostname ;
INSERT INTO CPU(Hostname, Name, Caption, NOC, NOLP)VALUES('PM-003.pa.pref', 'Intel(R) Core(TM)2 Duo CPU     E7500  @ 2.93GHz', 'Intel64 Family 6 Model 23 Stepping 10', '2', '2') ON CONFLICT(Hostname) DO UPDATE SET Hostname = EXCLUDED.Hostname, Name = EXCLUDED.Name, Caption = EXCLUDED.Caption, NOC = EXCLUDED.NOC, NOLP = EXCLUDED.NOLP ;
INSERT INTO Hosts(Hostname) VALUES ('PM-003.pa.pref') ON CONFLICT(Hostname) DO UPDATE SET Hostname = EXCLUDED.Hostname ;
INSERT INTO OS(Hostname, Caption, BuildNumber, Architecture, Description) VALUES('PM-003.pa.pref', 'Microsoft Windows 10 Pro', '19045', '64 bits', 'PM-003') ON CONFLICT(Hostname) DO UPDATE SET Hostname = EXCLUDED.Hostname, Caption = EXCLUDED.Caption, BuildNumber = EXCLUDED.BuildNumber, Architecture = EXCLUDED.Architecture, Description = EXCLUDED.Description ;
INSERT INTO Hosts(Hostname) VALUES ('PM-003.pa.pref') ON CONFLICT(Hostname) DO UPDATE SET Hostname = EXCLUDED.Hostname ;
INSERT INTO Networking(Hostname, IP, Gateway, Description, Index, DHCP) VALUES ('PM-003.pa.pref', '192.168.38.132', '192.168.38.1', 'Intel(R) 82567V-4 Gigabit Network Connection', '1', 'True') ON CONFLICT(Hostname) DO UPDATE SET Hostname = EXCLUDED.Hostname, IP = EXCLUDED.IP, Gateway = EXCLUDED.Gateway, Description = EXCLUDED.Description, Index = EXCLUDED.Index, DHCP = EXCLUDED.DHCP ;
INSERT INTO Hosts(Hostname) VALUES ('PM-SSAUS14005.pa.pref') ON CONFLICT(Hostname) DO UPDATE SET Hostname = EXCLUDED.Hostname ;
INSERT INTO CPU(Hostname, Name, Caption, NOC, NOLP)VALUES('PM-SSAUS14005.pa.pref', 'Intel(R) Core(TM) i3-9100 CPU @ 3.60GHz', 'Intel64 Family 6 Model 158 Stepping 11', '4', '4') ON CONFLICT(Hostname) DO UPDATE SET Hostname = EXCLUDED.Hostname, Name = EXCLUDED.Name, Caption = EXCLUDED.Caption, NOC = EXCLUDED.NOC, NOLP = EXCLUDED.NOLP ;
INSERT INTO Hosts(Hostname) VALUES ('PM-SSAUS14005.pa.pref') ON CONFLICT(Hostname) DO UPDATE SET Hostname = EXCLUDED.Hostname ;
INSERT INTO OS(Hostname, Caption, BuildNumber, Architecture, Description) VALUES('PM-SSAUS14005.pa.pref', 'Microsoft Windows 10 Pro', '19045', '64 bits', 'Patrimônio 150582') ON CONFLICT(Hostname) DO UPDATE SET Hostname = EXCLUDED.Hostname, Caption = EXCLUDED.Caption, BuildNumber = EXCLUDED.BuildNumber, Architecture = EXCLUDED.Architecture, Description = EXCLUDED.Description ;
INSERT INTO Hosts(Hostname) VALUES ('PM-SSAUS14005.pa.pref') ON CONFLICT(Hostname) DO UPDATE SET Hostname = EXCLUDED.Hostname ;
INSERT INTO Networking(Hostname, IP, Gateway, Description, Index, DHCP) VALUES ('PM-SSAUS14005.pa.pref', '192.168.136.96', '192.168.136.1', 'Intel(R) Ethernet Connection (7) I219-V', '1', 'True') ON CONFLICT(Hostname) DO UPDATE SET Hostname = EXCLUDED.Hostname, IP = EXCLUDED.IP, Gateway = EXCLUDED.Gateway, Description = EXCLUDED.Description, Index = EXCLUDED.Index, DHCP = EXCLUDED.DHCP ;
INSERT INTO Hosts(Hostname) VALUES ('PM-SECED08009.pa.pref') ON CONFLICT(Hostname) DO UPDATE SET Hostname = EXCLUDED.Hostname ;
INSERT INTO CPU(Hostname, Name, Caption, NOC, NOLP)VALUES('PM-SECED08009.pa.pref', NULL, NULL, NULL, NULL) ON CONFLICT(Hostname) DO UPDATE SET Hostname = EXCLUDED.Hostname, Name = EXCLUDED.Name, Caption = EXCLUDED.Caption, NOC = EXCLUDED.NOC, NOLP = EXCLUDED.NOLP ;
INSERT INTO Hosts(Hostname) VALUES ('PM-SECED08009.pa.pref') ON CONFLICT(Hostname) DO UPDATE SET Hostname = EXCLUDED.Hostname ;
INSERT INTO OS(Hostname, Caption, BuildNumber, Architecture, Description) VALUES('PM-SECED08009.pa.pref', NULL, NULL, NULL, NULL) ON CONFLICT(Hostname) DO UPDATE SET Hostname = EXCLUDED.Hostname, Caption = EXCLUDED.Caption, BuildNumber = EXCLUDED.BuildNumber, Architecture = EXCLUDED.Architecture, Description = EXCLUDED.Description ;
INSERT INTO Hosts(Hostname) VALUES ('PM-SECED08009.pa.pref') ON CONFLICT(Hostname) DO UPDATE SET Hostname = EXCLUDED.Hostname ;
INSERT INTO Networking(Hostname, IP, Gateway, Description, Index, DHCP) VALUES ('PM-SECED08009.pa.pref', NULL, NULL, NULL, NULL, NULL) ON CONFLICT(Hostname) DO UPDATE SET Hostname = EXCLUDED.Hostname, IP = EXCLUDED.IP, Gateway = EXCLUDED.Gateway, Description = EXCLUDED.Description, Index = EXCLUDED.Index, DHCP = EXCLUDED.DHCP ;
INSERT INTO Hosts(Hostname) VALUES ('PM-INFO241.pa.pref') ON CONFLICT(Hostname) DO UPDATE SET Hostname = EXCLUDED.Hostname ;
INSERT INTO CPU(Hostname, Name, Caption, NOC, NOLP)VALUES('PM-INFO241.pa.pref', 'Intel(R) Core(TM) i3-10100 CPU @ 3.60GHz', 'Intel64 Family 6 Model 165 Stepping 3', '4', '8') ON CONFLICT(Hostname) DO UPDATE SET Hostname = EXCLUDED.Hostname, Name = EXCLUDED.Name, Caption = EXCLUDED.Caption, NOC = EXCLUDED.NOC, NOLP = EXCLUDED.NOLP ;
INSERT INTO Hosts(Hostname) VALUES ('PM-INFO241.pa.pref') ON CONFLICT(Hostname) DO UPDATE SET Hostname = EXCLUDED.Hostname ;
INSERT INTO OS(Hostname, Caption, BuildNumber, Architecture, Description) VALUES('PM-INFO241.pa.pref', 'Microsoft Windows 10 Pro', '19045', '64 bits', 'P-174580 A-234618277') ON CONFLICT(Hostname) DO UPDATE SET Hostname = EXCLUDED.Hostname, Caption = EXCLUDED.Caption, BuildNumber = EXCLUDED.BuildNumber, Architecture = EXCLUDED.Architecture, Description = EXCLUDED.Description ;
INSERT INTO Hosts(Hostname) VALUES ('PM-INFO241.pa.pref') ON CONFLICT(Hostname) DO UPDATE SET Hostname = EXCLUDED.Hostname ;
INSERT INTO Networking(Hostname, IP, Gateway, Description, Index, DHCP) VALUES ('PM-INFO241.pa.pref', '192.168.165.101', '192.168.165.1', 'Realtek PCIe GbE Family Controller', '1', 'True') ON CONFLICT(Hostname) DO UPDATE SET Hostname = EXCLUDED.Hostname, IP = EXCLUDED.IP, Gateway = EXCLUDED.Gateway, Description = EXCLUDED.Description, Index = EXCLUDED.Index, DHCP = EXCLUDED.DHCP ;
INSERT INTO Hosts(Hostname) VALUES ('PM-SSAUS26013.pa.pref') ON CONFLICT(Hostname) DO UPDATE SET Hostname = EXCLUDED.Hostname ;
INSERT INTO CPU(Hostname, Name, Caption, NOC, NOLP)VALUES('PM-SSAUS26013.pa.pref', 'Intel(R) Core(TM) i5-3470 CPU @ 3.20GHz', 'Intel64 Family 6 Model 58 Stepping 9', '4', '4') ON CONFLICT(Hostname) DO UPDATE SET Hostname = EXCLUDED.Hostname, Name = EXCLUDED.Name, Caption = EXCLUDED.Caption, NOC = EXCLUDED.NOC, NOLP = EXCLUDED.NOLP ;
INSERT INTO Hosts(Hostname) VALUES ('PM-SSAUS26013.pa.pref') ON CONFLICT(Hostname) DO UPDATE SET Hostname = EXCLUDED.Hostname ;
INSERT INTO OS(Hostname, Caption, BuildNumber, Architecture, Description) VALUES('PM-SSAUS26013.pa.pref', 'Microsoft Windows 7 Professional ', '7601', '64-bit', 'Patrimônio S/N') ON CONFLICT(Hostname) DO UPDATE SET Hostname = EXCLUDED.Hostname, Caption = EXCLUDED.Caption, BuildNumber = EXCLUDED.BuildNumber, Architecture = EXCLUDED.Architecture, Description = EXCLUDED.Description ;
INSERT INTO Hosts(Hostname) VALUES ('PM-SSAUS26013.pa.pref') ON CONFLICT(Hostname) DO UPDATE SET Hostname = EXCLUDED.Hostname ;
INSERT INTO Networking(Hostname, IP, Gateway, Description, Index, DHCP) VALUES ('PM-SSAUS26013.pa.pref', '192.168.221.13', '192.168.221.1', 'Intel(R) 82579LM Gigabit Network Connection', '7', 'True') ON CONFLICT(Hostname) DO UPDATE SET Hostname = EXCLUDED.Hostname, IP = EXCLUDED.IP, Gateway = EXCLUDED.Gateway, Description = EXCLUDED.Description, Index = EXCLUDED.Index, DHCP = EXCLUDED.DHCP ;
INSERT INTO Hosts(Hostname) VALUES ('PM-SSAREG014.pa.pref') ON CONFLICT(Hostname) DO UPDATE SET Hostname = EXCLUDED.Hostname ;
INSERT INTO CPU(Hostname, Name, Caption, NOC, NOLP)VALUES('PM-SSAREG014.pa.pref', 'Intel(R) Core(TM) i5-3470 CPU @ 3.20GHz', 'Intel64 Family 6 Model 58 Stepping 9', '4', '4') ON CONFLICT(Hostname) DO UPDATE SET Hostname = EXCLUDED.Hostname, Name = EXCLUDED.Name, Caption = EXCLUDED.Caption, NOC = EXCLUDED.NOC, NOLP = EXCLUDED.NOLP ;
INSERT INTO Hosts(Hostname) VALUES ('PM-SSAREG014.pa.pref') ON CONFLICT(Hostname) DO UPDATE SET Hostname = EXCLUDED.Hostname ;
INSERT INTO OS(Hostname, Caption, BuildNumber, Architecture, Description) VALUES('PM-SSAREG014.pa.pref', 'Microsoft Windows 7 Professional ', '7601', '64-bit', 'Patrimônio 92699') ON CONFLICT(Hostname) DO UPDATE SET Hostname = EXCLUDED.Hostname, Caption = EXCLUDED.Caption, BuildNumber = EXCLUDED.BuildNumber, Architecture = EXCLUDED.Architecture, Description = EXCLUDED.Description ;
INSERT INTO Hosts(Hostname) VALUES ('PM-SSAREG014.pa.pref') ON CONFLICT(Hostname) DO UPDATE SET Hostname = EXCLUDED.Hostname ;
INSERT INTO Networking(Hostname, IP, Gateway, Description, Index, DHCP) VALUES ('PM-SSAREG014.pa.pref', '192.168.11.100', '192.168.11.1', 'Intel(R) 82579LM Gigabit Network Connection', '7', 'True') ON CONFLICT(Hostname) DO UPDATE SET Hostname = EXCLUDED.Hostname, IP = EXCLUDED.IP, Gateway = EXCLUDED.Gateway, Description = EXCLUDED.Description, Index = EXCLUDED.Index, DHCP = EXCLUDED.DHCP ;
INSERT INTO Hosts(Hostname) VALUES ('PM-SSAUS29009.pa.pref') ON CONFLICT(Hostname) DO UPDATE SET Hostname = EXCLUDED.Hostname ;
INSERT INTO CPU(Hostname, Name, Caption, NOC, NOLP)VALUES('PM-SSAUS29009.pa.pref', 'Intel(R) Core(TM)2 Duo CPU     E7500  @ 2.93GHz', 'Intel64 Family 6 Model 23 Stepping 10', '2', '2') ON CONFLICT(Hostname) DO UPDATE SET Hostname = EXCLUDED.Hostname, Name = EXCLUDED.Name, Caption = EXCLUDED.Caption, NOC = EXCLUDED.NOC, NOLP = EXCLUDED.NOLP ;
INSERT INTO Hosts(Hostname) VALUES ('PM-SSAUS29009.pa.pref') ON CONFLICT(Hostname) DO UPDATE SET Hostname = EXCLUDED.Hostname ;
INSERT INTO OS(Hostname, Caption, BuildNumber, Architecture, Description) VALUES('PM-SSAUS29009.pa.pref', 'Microsoft Windows 10 Pro', '19044', '64 bits', 'sem patrimonio') ON CONFLICT(Hostname) DO UPDATE SET Hostname = EXCLUDED.Hostname, Caption = EXCLUDED.Caption, BuildNumber = EXCLUDED.BuildNumber, Architecture = EXCLUDED.Architecture, Description = EXCLUDED.Description ;
INSERT INTO Hosts(Hostname) VALUES ('PM-SSAUS29009.pa.pref') ON CONFLICT(Hostname) DO UPDATE SET Hostname = EXCLUDED.Hostname ;
INSERT INTO Networking(Hostname, IP, Gateway, Description, Index, DHCP) VALUES ('PM-SSAUS29009.pa.pref', '192.168.128.147', '192.168.128.1', 'Intel(R) 82567V-4 Gigabit Network Connection', '2', 'True') ON CONFLICT(Hostname) DO UPDATE SET Hostname = EXCLUDED.Hostname, IP = EXCLUDED.IP, Gateway = EXCLUDED.Gateway, Description = EXCLUDED.Description, Index = EXCLUDED.Index, DHCP = EXCLUDED.DHCP ;
INSERT INTO Hosts(Hostname) VALUES ('PM-SECED26020.pa.pref') ON CONFLICT(Hostname) DO UPDATE SET Hostname = EXCLUDED.Hostname ;
INSERT INTO CPU(Hostname, Name, Caption, NOC, NOLP)VALUES('PM-SECED26020.pa.pref', 'Intel(R) Core(TM) i3 CPU         530  @ 2.93GHz', 'Intel64 Family 6 Model 37 Stepping 2', '2', '4') ON CONFLICT(Hostname) DO UPDATE SET Hostname = EXCLUDED.Hostname, Name = EXCLUDED.Name, Caption = EXCLUDED.Caption, NOC = EXCLUDED.NOC, NOLP = EXCLUDED.NOLP ;
INSERT INTO Hosts(Hostname) VALUES ('PM-SECED26020.pa.pref') ON CONFLICT(Hostname) DO UPDATE SET Hostname = EXCLUDED.Hostname ;
INSERT INTO OS(Hostname, Caption, BuildNumber, Architecture, Description) VALUES('PM-SECED26020.pa.pref', 'Microsoft Windows 10 Pro', '19042', '64 bits', '165766') ON CONFLICT(Hostname) DO UPDATE SET Hostname = EXCLUDED.Hostname, Caption = EXCLUDED.Caption, BuildNumber = EXCLUDED.BuildNumber, Architecture = EXCLUDED.Architecture, Description = EXCLUDED.Description ;
INSERT INTO Hosts(Hostname) VALUES ('PM-SECED26020.pa.pref') ON CONFLICT(Hostname) DO UPDATE SET Hostname = EXCLUDED.Hostname ;
INSERT INTO Networking(Hostname, IP, Gateway, Description, Index, DHCP) VALUES ('PM-SECED26020.pa.pref', '192.168.105.114', '192.168.105.1', 'Realtek PCIe FE Family Controller', '1', 'False') ON CONFLICT(Hostname) DO UPDATE SET Hostname = EXCLUDED.Hostname, IP = EXCLUDED.IP, Gateway = EXCLUDED.Gateway, Description = EXCLUDED.Description, Index = EXCLUDED.Index, DHCP = EXCLUDED.DHCP ;
INSERT INTO Hosts(Hostname) VALUES ('PM-SSAAMX003.pa.pref') ON CONFLICT(Hostname) DO UPDATE SET Hostname = EXCLUDED.Hostname ;
INSERT INTO CPU(Hostname, Name, Caption, NOC, NOLP)VALUES('PM-SSAAMX003.pa.pref', 'AMD Athlon(tm) 64 Processor 3500+', 'AMD64 Family 15 Model 79 Stepping 2', '1', '1') ON CONFLICT(Hostname) DO UPDATE SET Hostname = EXCLUDED.Hostname, Name = EXCLUDED.Name, Caption = EXCLUDED.Caption, NOC = EXCLUDED.NOC, NOLP = EXCLUDED.NOLP ;
INSERT INTO Hosts(Hostname) VALUES ('PM-SSAAMX003.pa.pref') ON CONFLICT(Hostname) DO UPDATE SET Hostname = EXCLUDED.Hostname ;
INSERT INTO OS(Hostname, Caption, BuildNumber, Architecture, Description) VALUES('PM-SSAAMX003.pa.pref', 'Microsoft Windows 7 Ultimate ', '7601', '64-bit', 'Patrimonio 110342') ON CONFLICT(Hostname) DO UPDATE SET Hostname = EXCLUDED.Hostname, Caption = EXCLUDED.Caption, BuildNumber = EXCLUDED.BuildNumber, Architecture = EXCLUDED.Architecture, Description = EXCLUDED.Description ;
INSERT INTO Hosts(Hostname) VALUES ('PM-SSAAMX003.pa.pref') ON CONFLICT(Hostname) DO UPDATE SET Hostname = EXCLUDED.Hostname ;
INSERT INTO Networking(Hostname, IP, Gateway, Description, Index, DHCP) VALUES ('PM-SSAAMX003.pa.pref', '192.168.11.211', '192.168.11.1', 'Broadcom NetXtreme Gigabit Ethernet', '7', 'True') ON CONFLICT(Hostname) DO UPDATE SET Hostname = EXCLUDED.Hostname, IP = EXCLUDED.IP, Gateway = EXCLUDED.Gateway, Description = EXCLUDED.Description, Index = EXCLUDED.Index, DHCP = EXCLUDED.DHCP ;
INSERT INTO Hosts(Hostname) VALUES ('PM-SSAUS17001.pa.pref') ON CONFLICT(Hostname) DO UPDATE SET Hostname = EXCLUDED.Hostname ;
INSERT INTO CPU(Hostname, Name, Caption, NOC, NOLP)VALUES('PM-SSAUS17001.pa.pref', 'AMD A10-9700 RADEON R7, 10 COMPUTE CORES 4C+6G ', 'AMD64 Family 21 Model 101 Stepping 1', '4', '4') ON CONFLICT(Hostname) DO UPDATE SET Hostname = EXCLUDED.Hostname, Name = EXCLUDED.Name, Caption = EXCLUDED.Caption, NOC = EXCLUDED.NOC, NOLP = EXCLUDED.NOLP ;
INSERT INTO Hosts(Hostname) VALUES ('PM-SSAUS17001.pa.pref') ON CONFLICT(Hostname) DO UPDATE SET Hostname = EXCLUDED.Hostname ;
INSERT INTO OS(Hostname, Caption, BuildNumber, Architecture, Description) VALUES('PM-SSAUS17001.pa.pref', 'Microsoft Windows 10 Pro', '19045', '64 bits', 'Patrimônio: 142318') ON CONFLICT(Hostname) DO UPDATE SET Hostname = EXCLUDED.Hostname, Caption = EXCLUDED.Caption, BuildNumber = EXCLUDED.BuildNumber, Architecture = EXCLUDED.Architecture, Description = EXCLUDED.Description ;
INSERT INTO Hosts(Hostname) VALUES ('PM-SSAUS17001.pa.pref') ON CONFLICT(Hostname) DO UPDATE SET Hostname = EXCLUDED.Hostname ;
INSERT INTO Networking(Hostname, IP, Gateway, Description, Index, DHCP) VALUES ('PM-SSAUS17001.pa.pref', '192.168.21.172', '192.168.21.1', 'Realtek PCIe GbE Family Controller', '2', 'True') ON CONFLICT(Hostname) DO UPDATE SET Hostname = EXCLUDED.Hostname, IP = EXCLUDED.IP, Gateway = EXCLUDED.Gateway, Description = EXCLUDED.Description, Index = EXCLUDED.Index, DHCP = EXCLUDED.DHCP ;
INSERT INTO Hosts(Hostname) VALUES ('PM-SUCBBT005.pa.pref') ON CONFLICT(Hostname) DO UPDATE SET Hostname = EXCLUDED.Hostname ;
INSERT INTO CPU(Hostname, Name, Caption, NOC, NOLP)VALUES('PM-SUCBBT005.pa.pref', 'Intel(R) Core(TM) i3-3220 CPU @ 3.30GHz', 'Intel64 Family 6 Model 58 Stepping 9', '2', '4') ON CONFLICT(Hostname) DO UPDATE SET Hostname = EXCLUDED.Hostname, Name = EXCLUDED.Name, Caption = EXCLUDED.Caption, NOC = EXCLUDED.NOC, NOLP = EXCLUDED.NOLP ;
INSERT INTO Hosts(Hostname) VALUES ('PM-SUCBBT005.pa.pref') ON CONFLICT(Hostname) DO UPDATE SET Hostname = EXCLUDED.Hostname ;
INSERT INTO OS(Hostname, Caption, BuildNumber, Architecture, Description) VALUES('PM-SUCBBT005.pa.pref', 'Microsoft Windows 7 Professional ', '7601', '64-bit', NULL) ON CONFLICT(Hostname) DO UPDATE SET Hostname = EXCLUDED.Hostname, Caption = EXCLUDED.Caption, BuildNumber = EXCLUDED.BuildNumber, Architecture = EXCLUDED.Architecture, Description = EXCLUDED.Description ;
INSERT INTO Hosts(Hostname) VALUES ('PM-SUCBBT005.pa.pref') ON CONFLICT(Hostname) DO UPDATE SET Hostname = EXCLUDED.Hostname ;
INSERT INTO Networking(Hostname, IP, Gateway, Description, Index, DHCP) VALUES ('PM-SUCBBT005.pa.pref', '192.168.30.81', '192.168.30.1', 'Realtek PCIe GBE Family Controller', '7', 'True') ON CONFLICT(Hostname) DO UPDATE SET Hostname = EXCLUDED.Hostname, IP = EXCLUDED.IP, Gateway = EXCLUDED.Gateway, Description = EXCLUDED.Description, Index = EXCLUDED.Index, DHCP = EXCLUDED.DHCP ;
INSERT INTO Hosts(Hostname) VALUES ('PM-109831.pa.pref') ON CONFLICT(Hostname) DO UPDATE SET Hostname = EXCLUDED.Hostname ;
INSERT INTO CPU(Hostname, Name, Caption, NOC, NOLP)VALUES('PM-109831.pa.pref', 'Intel(R) Core(TM) i3-2120 CPU @ 3.30GHz', 'Intel64 Family 6 Model 42 Stepping 7', '2', '4') ON CONFLICT(Hostname) DO UPDATE SET Hostname = EXCLUDED.Hostname, Name = EXCLUDED.Name, Caption = EXCLUDED.Caption, NOC = EXCLUDED.NOC, NOLP = EXCLUDED.NOLP ;
INSERT INTO Hosts(Hostname) VALUES ('PM-109831.pa.pref') ON CONFLICT(Hostname) DO UPDATE SET Hostname = EXCLUDED.Hostname ;
INSERT INTO OS(Hostname, Caption, BuildNumber, Architecture, Description) VALUES('PM-109831.pa.pref', 'Microsoft Windows 10 Pro', '19044', '64 bits', 'PM-109831') ON CONFLICT(Hostname) DO UPDATE SET Hostname = EXCLUDED.Hostname, Caption = EXCLUDED.Caption, BuildNumber = EXCLUDED.BuildNumber, Architecture = EXCLUDED.Architecture, Description = EXCLUDED.Description ;
INSERT INTO Hosts(Hostname) VALUES ('PM-109831.pa.pref') ON CONFLICT(Hostname) DO UPDATE SET Hostname = EXCLUDED.Hostname ;
INSERT INTO Networking(Hostname, IP, Gateway, Description, Index, DHCP) VALUES ('PM-109831.pa.pref', '192.168.201.76', '192.168.201.1', 'Realtek PCIe GbE Family Controller', '1', 'True') ON CONFLICT(Hostname) DO UPDATE SET Hostname = EXCLUDED.Hostname, IP = EXCLUDED.IP, Gateway = EXCLUDED.Gateway, Description = EXCLUDED.Description, Index = EXCLUDED.Index, DHCP = EXCLUDED.DHCP ;
INSERT INTO Hosts(Hostname) VALUES ('PM-SECED29031.pa.pref') ON CONFLICT(Hostname) DO UPDATE SET Hostname = EXCLUDED.Hostname ;
INSERT INTO CPU(Hostname, Name, Caption, NOC, NOLP)VALUES('PM-SECED29031.pa.pref', 'Intel(R) Core(TM) i3-10100 CPU @ 3.60GHz', 'Intel64 Family 6 Model 165 Stepping 3', '4', '8') ON CONFLICT(Hostname) DO UPDATE SET Hostname = EXCLUDED.Hostname, Name = EXCLUDED.Name, Caption = EXCLUDED.Caption, NOC = EXCLUDED.NOC, NOLP = EXCLUDED.NOLP ;
INSERT INTO Hosts(Hostname) VALUES ('PM-SECED29031.pa.pref') ON CONFLICT(Hostname) DO UPDATE SET Hostname = EXCLUDED.Hostname ;
INSERT INTO OS(Hostname, Caption, BuildNumber, Architecture, Description) VALUES('PM-SECED29031.pa.pref', 'Microsoft Windows 10 Pro', '19044', '64 bits', 'P-174731 A-680398780') ON CONFLICT(Hostname) DO UPDATE SET Hostname = EXCLUDED.Hostname, Caption = EXCLUDED.Caption, BuildNumber = EXCLUDED.BuildNumber, Architecture = EXCLUDED.Architecture, Description = EXCLUDED.Description ;
INSERT INTO Hosts(Hostname) VALUES ('PM-SECED29031.pa.pref') ON CONFLICT(Hostname) DO UPDATE SET Hostname = EXCLUDED.Hostname ;
INSERT INTO Networking(Hostname, IP, Gateway, Description, Index, DHCP) VALUES ('PM-SECED29031.pa.pref', '192.168.149.213', '192.168.149.1', 'Realtek PCIe GbE Family Controller', '1', 'True') ON CONFLICT(Hostname) DO UPDATE SET Hostname = EXCLUDED.Hostname, IP = EXCLUDED.IP, Gateway = EXCLUDED.Gateway, Description = EXCLUDED.Description, Index = EXCLUDED.Index, DHCP = EXCLUDED.DHCP ;
INSERT INTO Hosts(Hostname) VALUES ('PM-SSAVIE002.pa.pref') ON CONFLICT(Hostname) DO UPDATE SET Hostname = EXCLUDED.Hostname ;
INSERT INTO CPU(Hostname, Name, Caption, NOC, NOLP)VALUES('PM-SSAVIE002.pa.pref', 'Intel(R) Core(TM) i3-2120 CPU @ 3.30GHz', 'Intel64 Family 6 Model 42 Stepping 7', '2', '4') ON CONFLICT(Hostname) DO UPDATE SET Hostname = EXCLUDED.Hostname, Name = EXCLUDED.Name, Caption = EXCLUDED.Caption, NOC = EXCLUDED.NOC, NOLP = EXCLUDED.NOLP ;
INSERT INTO Hosts(Hostname) VALUES ('PM-SSAVIE002.pa.pref') ON CONFLICT(Hostname) DO UPDATE SET Hostname = EXCLUDED.Hostname ;
INSERT INTO OS(Hostname, Caption, BuildNumber, Architecture, Description) VALUES('PM-SSAVIE002.pa.pref', 'Microsoft Windows 7 Professional ', '7601', '64-bit', '109793') ON CONFLICT(Hostname) DO UPDATE SET Hostname = EXCLUDED.Hostname, Caption = EXCLUDED.Caption, BuildNumber = EXCLUDED.BuildNumber, Architecture = EXCLUDED.Architecture, Description = EXCLUDED.Description ;
INSERT INTO Hosts(Hostname) VALUES ('PM-SSAVIE002.pa.pref') ON CONFLICT(Hostname) DO UPDATE SET Hostname = EXCLUDED.Hostname ;
INSERT INTO Networking(Hostname, IP, Gateway, Description, Index, DHCP) VALUES ('PM-SSAVIE002.pa.pref', '192.168.11.234', '192.168.11.1', 'Realtek PCIe GBE Family Controller', '7', 'True') ON CONFLICT(Hostname) DO UPDATE SET Hostname = EXCLUDED.Hostname, IP = EXCLUDED.IP, Gateway = EXCLUDED.Gateway, Description = EXCLUDED.Description, Index = EXCLUDED.Index, DHCP = EXCLUDED.DHCP ;
INSERT INTO Hosts(Hostname) VALUES ('PM-SSAATD009.pa.pref') ON CONFLICT(Hostname) DO UPDATE SET Hostname = EXCLUDED.Hostname ;
INSERT INTO CPU(Hostname, Name, Caption, NOC, NOLP)VALUES('PM-SSAATD009.pa.pref', 'Intel(R) Core(TM) i5-3470 CPU @ 3.20GHz', 'Intel64 Family 6 Model 58 Stepping 9', '4', '4') ON CONFLICT(Hostname) DO UPDATE SET Hostname = EXCLUDED.Hostname, Name = EXCLUDED.Name, Caption = EXCLUDED.Caption, NOC = EXCLUDED.NOC, NOLP = EXCLUDED.NOLP ;
INSERT INTO Hosts(Hostname) VALUES ('PM-SSAATD009.pa.pref') ON CONFLICT(Hostname) DO UPDATE SET Hostname = EXCLUDED.Hostname ;
INSERT INTO OS(Hostname, Caption, BuildNumber, Architecture, Description) VALUES('PM-SSAATD009.pa.pref', 'Microsoft Windows 10 Pro', '19045', '64 bits', 'P-99874 A-251655538') ON CONFLICT(Hostname) DO UPDATE SET Hostname = EXCLUDED.Hostname, Caption = EXCLUDED.Caption, BuildNumber = EXCLUDED.BuildNumber, Architecture = EXCLUDED.Architecture, Description = EXCLUDED.Description ;
INSERT INTO Hosts(Hostname) VALUES ('PM-SSAATD009.pa.pref') ON CONFLICT(Hostname) DO UPDATE SET Hostname = EXCLUDED.Hostname ;
INSERT INTO Networking(Hostname, IP, Gateway, Description, Index, DHCP) VALUES ('PM-SSAATD009.pa.pref', '192.168.11.162', '192.168.11.1', 'Intel(R) 82579LM Gigabit Network Connection', '1', 'True') ON CONFLICT(Hostname) DO UPDATE SET Hostname = EXCLUDED.Hostname, IP = EXCLUDED.IP, Gateway = EXCLUDED.Gateway, Description = EXCLUDED.Description, Index = EXCLUDED.Index, DHCP = EXCLUDED.DHCP ;
INSERT INTO Hosts(Hostname) VALUES ('PM-SSASEC002.pa.pref') ON CONFLICT(Hostname) DO UPDATE SET Hostname = EXCLUDED.Hostname ;
INSERT INTO CPU(Hostname, Name, Caption, NOC, NOLP)VALUES('PM-SSASEC002.pa.pref', '12th Gen Intel(R) Core(TM) i7-12700', 'Intel64 Family 6 Model 151 Stepping 2', '12', '20') ON CONFLICT(Hostname) DO UPDATE SET Hostname = EXCLUDED.Hostname, Name = EXCLUDED.Name, Caption = EXCLUDED.Caption, NOC = EXCLUDED.NOC, NOLP = EXCLUDED.NOLP ;
INSERT INTO Hosts(Hostname) VALUES ('PM-SSASEC002.pa.pref') ON CONFLICT(Hostname) DO UPDATE SET Hostname = EXCLUDED.Hostname ;
INSERT INTO OS(Hostname, Caption, BuildNumber, Architecture, Description) VALUES('PM-SSASEC002.pa.pref', 'Microsoft Windows 10 Pro', '19045', '64 bits', NULL) ON CONFLICT(Hostname) DO UPDATE SET Hostname = EXCLUDED.Hostname, Caption = EXCLUDED.Caption, BuildNumber = EXCLUDED.BuildNumber, Architecture = EXCLUDED.Architecture, Description = EXCLUDED.Description ;
INSERT INTO Hosts(Hostname) VALUES ('PM-SSASEC002.pa.pref') ON CONFLICT(Hostname) DO UPDATE SET Hostname = EXCLUDED.Hostname ;
INSERT INTO Networking(Hostname, IP, Gateway, Description, Index, DHCP) VALUES ('PM-SSASEC002.pa.pref', '192.168.11.145', '192.168.11.1', 'Intel(R) Ethernet Connection (17) I219-LM VirtualBox Host-Only Ethernet Adapter', '8 11', 'True False') ON CONFLICT(Hostname) DO UPDATE SET Hostname = EXCLUDED.Hostname, IP = EXCLUDED.IP, Gateway = EXCLUDED.Gateway, Description = EXCLUDED.Description, Index = EXCLUDED.Index, DHCP = EXCLUDED.DHCP ;
INSERT INTO Hosts(Hostname) VALUES ('PM-SSAHPMINI021.pa.pref') ON CONFLICT(Hostname) DO UPDATE SET Hostname = EXCLUDED.Hostname ;
INSERT INTO CPU(Hostname, Name, Caption, NOC, NOLP)VALUES('PM-SSAHPMINI021.pa.pref', 'AMD Ryzen 3 PRO 4350GE with Radeon Graphics', 'AMD64 Family 23 Model 96 Stepping 1', '4', '8') ON CONFLICT(Hostname) DO UPDATE SET Hostname = EXCLUDED.Hostname, Name = EXCLUDED.Name, Caption = EXCLUDED.Caption, NOC = EXCLUDED.NOC, NOLP = EXCLUDED.NOLP ;
INSERT INTO Hosts(Hostname) VALUES ('PM-SSAHPMINI021.pa.pref') ON CONFLICT(Hostname) DO UPDATE SET Hostname = EXCLUDED.Hostname ;
INSERT INTO OS(Hostname, Caption, BuildNumber, Architecture, Description) VALUES('PM-SSAHPMINI021.pa.pref', 'Microsoft Windows 10 Pro', '19045', '64 bits', 'P-169415 A-265184282') ON CONFLICT(Hostname) DO UPDATE SET Hostname = EXCLUDED.Hostname, Caption = EXCLUDED.Caption, BuildNumber = EXCLUDED.BuildNumber, Architecture = EXCLUDED.Architecture, Description = EXCLUDED.Description ;
INSERT INTO Hosts(Hostname) VALUES ('PM-SSAHPMINI021.pa.pref') ON CONFLICT(Hostname) DO UPDATE SET Hostname = EXCLUDED.Hostname ;
INSERT INTO Networking(Hostname, IP, Gateway, Description, Index, DHCP) VALUES ('PM-SSAHPMINI021.pa.pref', '192.168.118.75', '192.168.118.1', 'Realtek RTL8852AE WiFi 6 802.11ax PCIe Adapter', '1', 'True') ON CONFLICT(Hostname) DO UPDATE SET Hostname = EXCLUDED.Hostname, IP = EXCLUDED.IP, Gateway = EXCLUDED.Gateway, Description = EXCLUDED.Description, Index = EXCLUDED.Index, DHCP = EXCLUDED.DHCP ;
INSERT INTO Hosts(Hostname) VALUES ('PM-SPSPOP003.pa.pref') ON CONFLICT(Hostname) DO UPDATE SET Hostname = EXCLUDED.Hostname ;
INSERT INTO CPU(Hostname, Name, Caption, NOC, NOLP)VALUES('PM-SPSPOP003.pa.pref', 'Intel(R) Core(TM) i3-7100 CPU @ 3.90GHz', 'Intel64 Family 6 Model 158 Stepping 9', '2', '4') ON CONFLICT(Hostname) DO UPDATE SET Hostname = EXCLUDED.Hostname, Name = EXCLUDED.Name, Caption = EXCLUDED.Caption, NOC = EXCLUDED.NOC, NOLP = EXCLUDED.NOLP ;
INSERT INTO Hosts(Hostname) VALUES ('PM-SPSPOP003.pa.pref') ON CONFLICT(Hostname) DO UPDATE SET Hostname = EXCLUDED.Hostname ;
INSERT INTO OS(Hostname, Caption, BuildNumber, Architecture, Description) VALUES('PM-SPSPOP003.pa.pref', 'Microsoft Windows 10 Pro', '19045', '64 bits', 'Patrimonio 133698') ON CONFLICT(Hostname) DO UPDATE SET Hostname = EXCLUDED.Hostname, Caption = EXCLUDED.Caption, BuildNumber = EXCLUDED.BuildNumber, Architecture = EXCLUDED.Architecture, Description = EXCLUDED.Description ;
INSERT INTO Hosts(Hostname) VALUES ('PM-SPSPOP003.pa.pref') ON CONFLICT(Hostname) DO UPDATE SET Hostname = EXCLUDED.Hostname ;
INSERT INTO Networking(Hostname, IP, Gateway, Description, Index, DHCP) VALUES ('PM-SPSPOP003.pa.pref', '192.168.23.53', '192.168.23.1', 'Realtek PCIe GBE Family Controller', '1', 'True') ON CONFLICT(Hostname) DO UPDATE SET Hostname = EXCLUDED.Hostname, IP = EXCLUDED.IP, Gateway = EXCLUDED.Gateway, Description = EXCLUDED.Description, Index = EXCLUDED.Index, DHCP = EXCLUDED.DHCP ;
INSERT INTO Hosts(Hostname) VALUES ('PM-CONADM018.pa.pref') ON CONFLICT(Hostname) DO UPDATE SET Hostname = EXCLUDED.Hostname ;
INSERT INTO CPU(Hostname, Name, Caption, NOC, NOLP)VALUES('PM-CONADM018.pa.pref', 'Intel(R) Core(TM) i3-3220 CPU @ 3.30GHz', 'Intel64 Family 6 Model 58 Stepping 9', '2', '4') ON CONFLICT(Hostname) DO UPDATE SET Hostname = EXCLUDED.Hostname, Name = EXCLUDED.Name, Caption = EXCLUDED.Caption, NOC = EXCLUDED.NOC, NOLP = EXCLUDED.NOLP ;
INSERT INTO Hosts(Hostname) VALUES ('PM-CONADM018.pa.pref') ON CONFLICT(Hostname) DO UPDATE SET Hostname = EXCLUDED.Hostname ;
INSERT INTO OS(Hostname, Caption, BuildNumber, Architecture, Description) VALUES('PM-CONADM018.pa.pref', 'Microsoft Windows 10 Pro', '19045', '64 bits', 'PATRIMONIO 99188') ON CONFLICT(Hostname) DO UPDATE SET Hostname = EXCLUDED.Hostname, Caption = EXCLUDED.Caption, BuildNumber = EXCLUDED.BuildNumber, Architecture = EXCLUDED.Architecture, Description = EXCLUDED.Description ;
INSERT INTO Hosts(Hostname) VALUES ('PM-CONADM018.pa.pref') ON CONFLICT(Hostname) DO UPDATE SET Hostname = EXCLUDED.Hostname ;
INSERT INTO Networking(Hostname, IP, Gateway, Description, Index, DHCP) VALUES ('PM-CONADM018.pa.pref', '192.168.8.212', '192.168.8.1', 'Realtek PCIe GBE Family Controller', '1', 'True') ON CONFLICT(Hostname) DO UPDATE SET Hostname = EXCLUDED.Hostname, IP = EXCLUDED.IP, Gateway = EXCLUDED.Gateway, Description = EXCLUDED.Description, Index = EXCLUDED.Index, DHCP = EXCLUDED.DHCP ;
INSERT INTO Hosts(Hostname) VALUES ('PM-SIOADM010.pa.pref') ON CONFLICT(Hostname) DO UPDATE SET Hostname = EXCLUDED.Hostname ;
INSERT INTO CPU(Hostname, Name, Caption, NOC, NOLP)VALUES('PM-SIOADM010.pa.pref', 'Intel(R) Core(TM) i7-7700 CPU @ 3.60GHz', 'Intel64 Family 6 Model 158 Stepping 9', '4', '8') ON CONFLICT(Hostname) DO UPDATE SET Hostname = EXCLUDED.Hostname, Name = EXCLUDED.Name, Caption = EXCLUDED.Caption, NOC = EXCLUDED.NOC, NOLP = EXCLUDED.NOLP ;
INSERT INTO Hosts(Hostname) VALUES ('PM-SIOADM010.pa.pref') ON CONFLICT(Hostname) DO UPDATE SET Hostname = EXCLUDED.Hostname ;
INSERT INTO OS(Hostname, Caption, BuildNumber, Architecture, Description) VALUES('PM-SIOADM010.pa.pref', 'Microsoft Windows 10 Pro', '19045', '64 bits', 'Patromonio 133507') ON CONFLICT(Hostname) DO UPDATE SET Hostname = EXCLUDED.Hostname, Caption = EXCLUDED.Caption, BuildNumber = EXCLUDED.BuildNumber, Architecture = EXCLUDED.Architecture, Description = EXCLUDED.Description ;
INSERT INTO Hosts(Hostname) VALUES ('PM-SIOADM010.pa.pref') ON CONFLICT(Hostname) DO UPDATE SET Hostname = EXCLUDED.Hostname ;
INSERT INTO Networking(Hostname, IP, Gateway, Description, Index, DHCP) VALUES ('PM-SIOADM010.pa.pref', '192.168.10.149', '192.168.10.1', 'Realtek PCIe GBE Family Controller', '1', 'True') ON CONFLICT(Hostname) DO UPDATE SET Hostname = EXCLUDED.Hostname, IP = EXCLUDED.IP, Gateway = EXCLUDED.Gateway, Description = EXCLUDED.Description, Index = EXCLUDED.Index, DHCP = EXCLUDED.DHCP ;
INSERT INTO Hosts(Hostname) VALUES ('PM-SAFGPA010.pa.pref') ON CONFLICT(Hostname) DO UPDATE SET Hostname = EXCLUDED.Hostname ;
INSERT INTO CPU(Hostname, Name, Caption, NOC, NOLP)VALUES('PM-SAFGPA010.pa.pref', 'AMD A10-9700 RADEON R7, 10 COMPUTE CORES 4C+6G ', 'AMD64 Family 21 Model 101 Stepping 1', '4', '4') ON CONFLICT(Hostname) DO UPDATE SET Hostname = EXCLUDED.Hostname, Name = EXCLUDED.Name, Caption = EXCLUDED.Caption, NOC = EXCLUDED.NOC, NOLP = EXCLUDED.NOLP ;
INSERT INTO Hosts(Hostname) VALUES ('PM-SAFGPA010.pa.pref') ON CONFLICT(Hostname) DO UPDATE SET Hostname = EXCLUDED.Hostname ;
INSERT INTO OS(Hostname, Caption, BuildNumber, Architecture, Description) VALUES('PM-SAFGPA010.pa.pref', 'Microsoft Windows 10 Pro', '19045', '64 bits', 'PATRIMONIO 142648') ON CONFLICT(Hostname) DO UPDATE SET Hostname = EXCLUDED.Hostname, Caption = EXCLUDED.Caption, BuildNumber = EXCLUDED.BuildNumber, Architecture = EXCLUDED.Architecture, Description = EXCLUDED.Description ;
INSERT INTO Hosts(Hostname) VALUES ('PM-SAFGPA010.pa.pref') ON CONFLICT(Hostname) DO UPDATE SET Hostname = EXCLUDED.Hostname ;
INSERT INTO Networking(Hostname, IP, Gateway, Description, Index, DHCP) VALUES ('PM-SAFGPA010.pa.pref', '192.168.120.210', '192.168.120.1', 'Realtek PCIe GBE Family Controller', '2', 'True') ON CONFLICT(Hostname) DO UPDATE SET Hostname = EXCLUDED.Hostname, IP = EXCLUDED.IP, Gateway = EXCLUDED.Gateway, Description = EXCLUDED.Description, Index = EXCLUDED.Index, DHCP = EXCLUDED.DHCP ;
INSERT INTO Hosts(Hostname) VALUES ('PM-SSAUS15008.pa.pref') ON CONFLICT(Hostname) DO UPDATE SET Hostname = EXCLUDED.Hostname ;
INSERT INTO CPU(Hostname, Name, Caption, NOC, NOLP)VALUES('PM-SSAUS15008.pa.pref', 'Intel(R) Core(TM) i3-7100 CPU @ 3.90GHz', 'Intel64 Family 6 Model 158 Stepping 9', '2', '4') ON CONFLICT(Hostname) DO UPDATE SET Hostname = EXCLUDED.Hostname, Name = EXCLUDED.Name, Caption = EXCLUDED.Caption, NOC = EXCLUDED.NOC, NOLP = EXCLUDED.NOLP ;
INSERT INTO Hosts(Hostname) VALUES ('PM-SSAUS15008.pa.pref') ON CONFLICT(Hostname) DO UPDATE SET Hostname = EXCLUDED.Hostname ;
INSERT INTO OS(Hostname, Caption, BuildNumber, Architecture, Description) VALUES('PM-SSAUS15008.pa.pref', 'Microsoft Windows 10 Pro', '19045', '64 bits', 'Patrimonio 128195') ON CONFLICT(Hostname) DO UPDATE SET Hostname = EXCLUDED.Hostname, Caption = EXCLUDED.Caption, BuildNumber = EXCLUDED.BuildNumber, Architecture = EXCLUDED.Architecture, Description = EXCLUDED.Description ;
INSERT INTO Hosts(Hostname) VALUES ('PM-SSAUS15008.pa.pref') ON CONFLICT(Hostname) DO UPDATE SET Hostname = EXCLUDED.Hostname ;
INSERT INTO Networking(Hostname, IP, Gateway, Description, Index, DHCP) VALUES ('PM-SSAUS15008.pa.pref', '192.168.186.17', '192.168.186.1', 'Realtek PCIe GBE Family Controller', '1', 'True') ON CONFLICT(Hostname) DO UPDATE SET Hostname = EXCLUDED.Hostname, IP = EXCLUDED.IP, Gateway = EXCLUDED.Gateway, Description = EXCLUDED.Description, Index = EXCLUDED.Index, DHCP = EXCLUDED.DHCP ;
INSERT INTO Hosts(Hostname) VALUES ('PM-SSAUS15011.pa.pref') ON CONFLICT(Hostname) DO UPDATE SET Hostname = EXCLUDED.Hostname ;
INSERT INTO CPU(Hostname, Name, Caption, NOC, NOLP)VALUES('PM-SSAUS15011.pa.pref', 'Intel(R) Core(TM) i3-9100 CPU @ 3.60GHz', 'Intel64 Family 6 Model 158 Stepping 11', '4', '4') ON CONFLICT(Hostname) DO UPDATE SET Hostname = EXCLUDED.Hostname, Name = EXCLUDED.Name, Caption = EXCLUDED.Caption, NOC = EXCLUDED.NOC, NOLP = EXCLUDED.NOLP ;
INSERT INTO Hosts(Hostname) VALUES ('PM-SSAUS15011.pa.pref') ON CONFLICT(Hostname) DO UPDATE SET Hostname = EXCLUDED.Hostname ;
INSERT INTO OS(Hostname, Caption, BuildNumber, Architecture, Description) VALUES('PM-SSAUS15011.pa.pref', 'Microsoft Windows 10 Pro', '19044', '64 bits', 'Patrimonio 150603') ON CONFLICT(Hostname) DO UPDATE SET Hostname = EXCLUDED.Hostname, Caption = EXCLUDED.Caption, BuildNumber = EXCLUDED.BuildNumber, Architecture = EXCLUDED.Architecture, Description = EXCLUDED.Description ;
INSERT INTO Hosts(Hostname) VALUES ('PM-SSAUS15011.pa.pref') ON CONFLICT(Hostname) DO UPDATE SET Hostname = EXCLUDED.Hostname ;
INSERT INTO Networking(Hostname, IP, Gateway, Description, Index, DHCP) VALUES ('PM-SSAUS15011.pa.pref', '192.168.186.3', '192.168.186.1', 'Intel(R) Ethernet Connection (7) I219-V', '1', 'True') ON CONFLICT(Hostname) DO UPDATE SET Hostname = EXCLUDED.Hostname, IP = EXCLUDED.IP, Gateway = EXCLUDED.Gateway, Description = EXCLUDED.Description, Index = EXCLUDED.Index, DHCP = EXCLUDED.DHCP ;
INSERT INTO Hosts(Hostname) VALUES ('PM-SSAUS40004.pa.pref') ON CONFLICT(Hostname) DO UPDATE SET Hostname = EXCLUDED.Hostname ;
INSERT INTO CPU(Hostname, Name, Caption, NOC, NOLP)VALUES('PM-SSAUS40004.pa.pref', '12th Gen Intel(R) Core(TM) i3-12100', 'Intel64 Family 6 Model 151 Stepping 5', '4', '8') ON CONFLICT(Hostname) DO UPDATE SET Hostname = EXCLUDED.Hostname, Name = EXCLUDED.Name, Caption = EXCLUDED.Caption, NOC = EXCLUDED.NOC, NOLP = EXCLUDED.NOLP ;
INSERT INTO Hosts(Hostname) VALUES ('PM-SSAUS40004.pa.pref') ON CONFLICT(Hostname) DO UPDATE SET Hostname = EXCLUDED.Hostname ;
INSERT INTO OS(Hostname, Caption, BuildNumber, Architecture, Description) VALUES('PM-SSAUS40004.pa.pref', 'Microsoft Windows 11 Pro', '22621', '64 bits', 'PM-SSAUS40004') ON CONFLICT(Hostname) DO UPDATE SET Hostname = EXCLUDED.Hostname, Caption = EXCLUDED.Caption, BuildNumber = EXCLUDED.BuildNumber, Architecture = EXCLUDED.Architecture, Description = EXCLUDED.Description ;
INSERT INTO Hosts(Hostname) VALUES ('PM-SSAUS40004.pa.pref') ON CONFLICT(Hostname) DO UPDATE SET Hostname = EXCLUDED.Hostname ;
INSERT INTO Networking(Hostname, IP, Gateway, Description, Index, DHCP) VALUES ('PM-SSAUS40004.pa.pref', '192.168.13.243', '192.168.13.1', 'Realtek PCIe GbE Family Controller', '1', 'True') ON CONFLICT(Hostname) DO UPDATE SET Hostname = EXCLUDED.Hostname, IP = EXCLUDED.IP, Gateway = EXCLUDED.Gateway, Description = EXCLUDED.Description, Index = EXCLUDED.Index, DHCP = EXCLUDED.DHCP ;
INSERT INTO Hosts(Hostname) VALUES ('PM-SECED07007.pa.pref') ON CONFLICT(Hostname) DO UPDATE SET Hostname = EXCLUDED.Hostname ;
INSERT INTO CPU(Hostname, Name, Caption, NOC, NOLP)VALUES('PM-SECED07007.pa.pref', 'Intel(R) Pentium(R) Gold G5420 CPU @ 3.80GHz', 'Intel64 Family 6 Model 158 Stepping 10', '2', '4') ON CONFLICT(Hostname) DO UPDATE SET Hostname = EXCLUDED.Hostname, Name = EXCLUDED.Name, Caption = EXCLUDED.Caption, NOC = EXCLUDED.NOC, NOLP = EXCLUDED.NOLP ;
INSERT INTO Hosts(Hostname) VALUES ('PM-SECED07007.pa.pref') ON CONFLICT(Hostname) DO UPDATE SET Hostname = EXCLUDED.Hostname ;
INSERT INTO OS(Hostname, Caption, BuildNumber, Architecture, Description) VALUES('PM-SECED07007.pa.pref', 'Microsoft Windows 10 Pro', '19045', '64 bits', 'Patrimonio 168899') ON CONFLICT(Hostname) DO UPDATE SET Hostname = EXCLUDED.Hostname, Caption = EXCLUDED.Caption, BuildNumber = EXCLUDED.BuildNumber, Architecture = EXCLUDED.Architecture, Description = EXCLUDED.Description ;
INSERT INTO Hosts(Hostname) VALUES ('PM-SECED07007.pa.pref') ON CONFLICT(Hostname) DO UPDATE SET Hostname = EXCLUDED.Hostname ;
INSERT INTO Networking(Hostname, IP, Gateway, Description, Index, DHCP) VALUES ('PM-SECED07007.pa.pref', '192.168.90.70', '192.168.90.1', 'Realtek PCIe GBE Family Controller', '1', 'True') ON CONFLICT(Hostname) DO UPDATE SET Hostname = EXCLUDED.Hostname, IP = EXCLUDED.IP, Gateway = EXCLUDED.Gateway, Description = EXCLUDED.Description, Index = EXCLUDED.Index, DHCP = EXCLUDED.DHCP ;
INSERT INTO Hosts(Hostname) VALUES ('PM-SSAHPMINI047.pa.pref') ON CONFLICT(Hostname) DO UPDATE SET Hostname = EXCLUDED.Hostname ;
INSERT INTO CPU(Hostname, Name, Caption, NOC, NOLP)VALUES('PM-SSAHPMINI047.pa.pref', 'AMD Ryzen 3 PRO 4350GE with Radeon Graphics', 'AMD64 Family 23 Model 96 Stepping 1', '4', '8') ON CONFLICT(Hostname) DO UPDATE SET Hostname = EXCLUDED.Hostname, Name = EXCLUDED.Name, Caption = EXCLUDED.Caption, NOC = EXCLUDED.NOC, NOLP = EXCLUDED.NOLP ;
INSERT INTO Hosts(Hostname) VALUES ('PM-SSAHPMINI047.pa.pref') ON CONFLICT(Hostname) DO UPDATE SET Hostname = EXCLUDED.Hostname ;
INSERT INTO OS(Hostname, Caption, BuildNumber, Architecture, Description) VALUES('PM-SSAHPMINI047.pa.pref', 'Microsoft Windows 10 Pro', '19044', '64 bits', 'P-169413 A-564914685') ON CONFLICT(Hostname) DO UPDATE SET Hostname = EXCLUDED.Hostname, Caption = EXCLUDED.Caption, BuildNumber = EXCLUDED.BuildNumber, Architecture = EXCLUDED.Architecture, Description = EXCLUDED.Description ;
INSERT INTO Hosts(Hostname) VALUES ('PM-SSAHPMINI047.pa.pref') ON CONFLICT(Hostname) DO UPDATE SET Hostname = EXCLUDED.Hostname ;
INSERT INTO Networking(Hostname, IP, Gateway, Description, Index, DHCP) VALUES ('PM-SSAHPMINI047.pa.pref', '192.168.102.140', '192.168.102.1', 'Realtek RTL8852AE WiFi 6 802.11ax PCIe Adapter', '1', 'True') ON CONFLICT(Hostname) DO UPDATE SET Hostname = EXCLUDED.Hostname, IP = EXCLUDED.IP, Gateway = EXCLUDED.Gateway, Description = EXCLUDED.Description, Index = EXCLUDED.Index, DHCP = EXCLUDED.DHCP ;
INSERT INTO Hosts(Hostname) VALUES ('PM-ASCADM017.pa.pref') ON CONFLICT(Hostname) DO UPDATE SET Hostname = EXCLUDED.Hostname ;
INSERT INTO CPU(Hostname, Name, Caption, NOC, NOLP)VALUES('PM-ASCADM017.pa.pref', '12th Gen Intel(R) Core(TM) i7-12700', 'Intel64 Family 6 Model 151 Stepping 2', '12', '20') ON CONFLICT(Hostname) DO UPDATE SET Hostname = EXCLUDED.Hostname, Name = EXCLUDED.Name, Caption = EXCLUDED.Caption, NOC = EXCLUDED.NOC, NOLP = EXCLUDED.NOLP ;
INSERT INTO Hosts(Hostname) VALUES ('PM-ASCADM017.pa.pref') ON CONFLICT(Hostname) DO UPDATE SET Hostname = EXCLUDED.Hostname ;
INSERT INTO OS(Hostname, Caption, BuildNumber, Architecture, Description) VALUES('PM-ASCADM017.pa.pref', 'Microsoft Windows 10 Pro', '19045', '64 bits', 'P-sempatrimonio A-538806944') ON CONFLICT(Hostname) DO UPDATE SET Hostname = EXCLUDED.Hostname, Caption = EXCLUDED.Caption, BuildNumber = EXCLUDED.BuildNumber, Architecture = EXCLUDED.Architecture, Description = EXCLUDED.Description ;
INSERT INTO Hosts(Hostname) VALUES ('PM-ASCADM017.pa.pref') ON CONFLICT(Hostname) DO UPDATE SET Hostname = EXCLUDED.Hostname ;
INSERT INTO Networking(Hostname, IP, Gateway, Description, Index, DHCP) VALUES ('PM-ASCADM017.pa.pref', '192.168.8.173', '192.168.8.1', 'Intel(R) Ethernet Connection (17) I219-LM', '1', 'True') ON CONFLICT(Hostname) DO UPDATE SET Hostname = EXCLUDED.Hostname, IP = EXCLUDED.IP, Gateway = EXCLUDED.Gateway, Description = EXCLUDED.Description, Index = EXCLUDED.Index, DHCP = EXCLUDED.DHCP ;
INSERT INTO Hosts(Hostname) VALUES ('PM-GABDEF005.pa.pref') ON CONFLICT(Hostname) DO UPDATE SET Hostname = EXCLUDED.Hostname ;
INSERT INTO CPU(Hostname, Name, Caption, NOC, NOLP)VALUES('PM-GABDEF005.pa.pref', 'Intel(R) Core(TM)2 Duo CPU     E7500  @ 2.93GHz', 'Intel64 Family 6 Model 23 Stepping 10', '2', '2') ON CONFLICT(Hostname) DO UPDATE SET Hostname = EXCLUDED.Hostname, Name = EXCLUDED.Name, Caption = EXCLUDED.Caption, NOC = EXCLUDED.NOC, NOLP = EXCLUDED.NOLP ;
INSERT INTO Hosts(Hostname) VALUES ('PM-GABDEF005.pa.pref') ON CONFLICT(Hostname) DO UPDATE SET Hostname = EXCLUDED.Hostname ;
INSERT INTO OS(Hostname, Caption, BuildNumber, Architecture, Description) VALUES('PM-GABDEF005.pa.pref', 'Microsoft Windows 7 Professional ', '7601', '64-bit', 'Patrimônio 88995') ON CONFLICT(Hostname) DO UPDATE SET Hostname = EXCLUDED.Hostname, Caption = EXCLUDED.Caption, BuildNumber = EXCLUDED.BuildNumber, Architecture = EXCLUDED.Architecture, Description = EXCLUDED.Description ;
INSERT INTO Hosts(Hostname) VALUES ('PM-GABDEF005.pa.pref') ON CONFLICT(Hostname) DO UPDATE SET Hostname = EXCLUDED.Hostname ;
INSERT INTO Networking(Hostname, IP, Gateway, Description, Index, DHCP) VALUES ('PM-GABDEF005.pa.pref', '192.168.189.53', '192.168.189.1', 'Intel(R) 82567V-4 Gigabit Network Connection', '11', 'True') ON CONFLICT(Hostname) DO UPDATE SET Hostname = EXCLUDED.Hostname, IP = EXCLUDED.IP, Gateway = EXCLUDED.Gateway, Description = EXCLUDED.Description, Index = EXCLUDED.Index, DHCP = EXCLUDED.DHCP ;
INSERT INTO Hosts(Hostname) VALUES ('PM-SECED06008.pa.pref') ON CONFLICT(Hostname) DO UPDATE SET Hostname = EXCLUDED.Hostname ;
INSERT INTO CPU(Hostname, Name, Caption, NOC, NOLP)VALUES('PM-SECED06008.pa.pref', 'Intel(R) Pentium(R) Gold G5420 CPU @ 3.80GHz', 'Intel64 Family 6 Model 158 Stepping 10', '2', '4') ON CONFLICT(Hostname) DO UPDATE SET Hostname = EXCLUDED.Hostname, Name = EXCLUDED.Name, Caption = EXCLUDED.Caption, NOC = EXCLUDED.NOC, NOLP = EXCLUDED.NOLP ;
INSERT INTO Hosts(Hostname) VALUES ('PM-SECED06008.pa.pref') ON CONFLICT(Hostname) DO UPDATE SET Hostname = EXCLUDED.Hostname ;
INSERT INTO OS(Hostname, Caption, BuildNumber, Architecture, Description) VALUES('PM-SECED06008.pa.pref', 'Microsoft Windows 10 Pro', '19044', '64 bits', '168895') ON CONFLICT(Hostname) DO UPDATE SET Hostname = EXCLUDED.Hostname, Caption = EXCLUDED.Caption, BuildNumber = EXCLUDED.BuildNumber, Architecture = EXCLUDED.Architecture, Description = EXCLUDED.Description ;
INSERT INTO Hosts(Hostname) VALUES ('PM-SECED06008.pa.pref') ON CONFLICT(Hostname) DO UPDATE SET Hostname = EXCLUDED.Hostname ;
INSERT INTO Networking(Hostname, IP, Gateway, Description, Index, DHCP) VALUES ('PM-SECED06008.pa.pref', '192.168.175.187', '192.168.175.1', 'Realtek PCIe GbE Family Controller', '1', 'True') ON CONFLICT(Hostname) DO UPDATE SET Hostname = EXCLUDED.Hostname, IP = EXCLUDED.IP, Gateway = EXCLUDED.Gateway, Description = EXCLUDED.Description, Index = EXCLUDED.Index, DHCP = EXCLUDED.DHCP ;
INSERT INTO Hosts(Hostname) VALUES ('PM-SECED06007.pa.pref') ON CONFLICT(Hostname) DO UPDATE SET Hostname = EXCLUDED.Hostname ;
INSERT INTO CPU(Hostname, Name, Caption, NOC, NOLP)VALUES('PM-SECED06007.pa.pref', 'Intel(R) Pentium(R) Gold G5420 CPU @ 3.80GHz', 'Intel64 Family 6 Model 158 Stepping 10', '2', '4') ON CONFLICT(Hostname) DO UPDATE SET Hostname = EXCLUDED.Hostname, Name = EXCLUDED.Name, Caption = EXCLUDED.Caption, NOC = EXCLUDED.NOC, NOLP = EXCLUDED.NOLP ;
INSERT INTO Hosts(Hostname) VALUES ('PM-SECED06007.pa.pref') ON CONFLICT(Hostname) DO UPDATE SET Hostname = EXCLUDED.Hostname ;
INSERT INTO OS(Hostname, Caption, BuildNumber, Architecture, Description) VALUES('PM-SECED06007.pa.pref', 'Microsoft Windows 10 Pro', '19044', '64 bits', '168846') ON CONFLICT(Hostname) DO UPDATE SET Hostname = EXCLUDED.Hostname, Caption = EXCLUDED.Caption, BuildNumber = EXCLUDED.BuildNumber, Architecture = EXCLUDED.Architecture, Description = EXCLUDED.Description ;
INSERT INTO Hosts(Hostname) VALUES ('PM-SECED06007.pa.pref') ON CONFLICT(Hostname) DO UPDATE SET Hostname = EXCLUDED.Hostname ;
INSERT INTO Networking(Hostname, IP, Gateway, Description, Index, DHCP) VALUES ('PM-SECED06007.pa.pref', '192.168.194.163', '192.168.194.1', 'Realtek RTL8188EU Wireless LAN 802.11n USB 2.0 Network Adapter', '10', 'True') ON CONFLICT(Hostname) DO UPDATE SET Hostname = EXCLUDED.Hostname, IP = EXCLUDED.IP, Gateway = EXCLUDED.Gateway, Description = EXCLUDED.Description, Index = EXCLUDED.Index, DHCP = EXCLUDED.DHCP ;
INSERT INTO Hosts(Hostname) VALUES ('PM-SIOGAR001.pa.pref') ON CONFLICT(Hostname) DO UPDATE SET Hostname = EXCLUDED.Hostname ;
INSERT INTO CPU(Hostname, Name, Caption, NOC, NOLP)VALUES('PM-SIOGAR001.pa.pref', 'Intel(R) Core(TM)2 Duo CPU     E7500  @ 2.93GHz', 'Intel64 Family 6 Model 23 Stepping 10', '2', '2') ON CONFLICT(Hostname) DO UPDATE SET Hostname = EXCLUDED.Hostname, Name = EXCLUDED.Name, Caption = EXCLUDED.Caption, NOC = EXCLUDED.NOC, NOLP = EXCLUDED.NOLP ;
INSERT INTO Hosts(Hostname) VALUES ('PM-SIOGAR001.pa.pref') ON CONFLICT(Hostname) DO UPDATE SET Hostname = EXCLUDED.Hostname ;
INSERT INTO OS(Hostname, Caption, BuildNumber, Architecture, Description) VALUES('PM-SIOGAR001.pa.pref', 'Microsoft Windows 7 Professional ', '7601', '64-bit', 'P/89028 Rust/422 798 296') ON CONFLICT(Hostname) DO UPDATE SET Hostname = EXCLUDED.Hostname, Caption = EXCLUDED.Caption, BuildNumber = EXCLUDED.BuildNumber, Architecture = EXCLUDED.Architecture, Description = EXCLUDED.Description ;
INSERT INTO Hosts(Hostname) VALUES ('PM-SIOGAR001.pa.pref') ON CONFLICT(Hostname) DO UPDATE SET Hostname = EXCLUDED.Hostname ;
INSERT INTO Networking(Hostname, IP, Gateway, Description, Index, DHCP) VALUES ('PM-SIOGAR001.pa.pref', '192.168.230.77', '192.168.230.1', 'Intel(R) 82567V-4 Gigabit Network Connection', '7', 'True') ON CONFLICT(Hostname) DO UPDATE SET Hostname = EXCLUDED.Hostname, IP = EXCLUDED.IP, Gateway = EXCLUDED.Gateway, Description = EXCLUDED.Description, Index = EXCLUDED.Index, DHCP = EXCLUDED.DHCP ;
INSERT INTO Hosts(Hostname) VALUES ('PM-SSAUS20006.pa.pref') ON CONFLICT(Hostname) DO UPDATE SET Hostname = EXCLUDED.Hostname ;
INSERT INTO CPU(Hostname, Name, Caption, NOC, NOLP)VALUES('PM-SSAUS20006.pa.pref', 'AMD Ryzen 3 PRO 4350GE with Radeon Graphics', 'AMD64 Family 23 Model 96 Stepping 1', '4', '8') ON CONFLICT(Hostname) DO UPDATE SET Hostname = EXCLUDED.Hostname, Name = EXCLUDED.Name, Caption = EXCLUDED.Caption, NOC = EXCLUDED.NOC, NOLP = EXCLUDED.NOLP ;
INSERT INTO Hosts(Hostname) VALUES ('PM-SSAUS20006.pa.pref') ON CONFLICT(Hostname) DO UPDATE SET Hostname = EXCLUDED.Hostname ;
INSERT INTO OS(Hostname, Caption, BuildNumber, Architecture, Description) VALUES('PM-SSAUS20006.pa.pref', 'Microsoft Windows 10 Pro', '19045', '64 bits', 'P-169065 A-959808540') ON CONFLICT(Hostname) DO UPDATE SET Hostname = EXCLUDED.Hostname, Caption = EXCLUDED.Caption, BuildNumber = EXCLUDED.BuildNumber, Architecture = EXCLUDED.Architecture, Description = EXCLUDED.Description ;
INSERT INTO Hosts(Hostname) VALUES ('PM-SSAUS20006.pa.pref') ON CONFLICT(Hostname) DO UPDATE SET Hostname = EXCLUDED.Hostname ;
INSERT INTO Networking(Hostname, IP, Gateway, Description, Index, DHCP) VALUES ('PM-SSAUS20006.pa.pref', '192.168.100.71', '192.168.100.1', 'Realtek RTL8852AE WiFi 6 802.11ax PCIe Adapter', '1', 'True') ON CONFLICT(Hostname) DO UPDATE SET Hostname = EXCLUDED.Hostname, IP = EXCLUDED.IP, Gateway = EXCLUDED.Gateway, Description = EXCLUDED.Description, Index = EXCLUDED.Index, DHCP = EXCLUDED.DHCP ;
INSERT INTO Hosts(Hostname) VALUES ('PM-SECED23037.pa.pref') ON CONFLICT(Hostname) DO UPDATE SET Hostname = EXCLUDED.Hostname ;
INSERT INTO CPU(Hostname, Name, Caption, NOC, NOLP)VALUES('PM-SECED23037.pa.pref', 'Intel(R) Core(TM) i3-10100 CPU @ 3.60GHz', 'Intel64 Family 6 Model 165 Stepping 3', '4', '8') ON CONFLICT(Hostname) DO UPDATE SET Hostname = EXCLUDED.Hostname, Name = EXCLUDED.Name, Caption = EXCLUDED.Caption, NOC = EXCLUDED.NOC, NOLP = EXCLUDED.NOLP ;
INSERT INTO Hosts(Hostname) VALUES ('PM-SECED23037.pa.pref') ON CONFLICT(Hostname) DO UPDATE SET Hostname = EXCLUDED.Hostname ;
INSERT INTO OS(Hostname, Caption, BuildNumber, Architecture, Description) VALUES('PM-SECED23037.pa.pref', 'Microsoft Windows 11 Pro', '22621', '64 bits', 'P-174696 A-641206196') ON CONFLICT(Hostname) DO UPDATE SET Hostname = EXCLUDED.Hostname, Caption = EXCLUDED.Caption, BuildNumber = EXCLUDED.BuildNumber, Architecture = EXCLUDED.Architecture, Description = EXCLUDED.Description ;
INSERT INTO Hosts(Hostname) VALUES ('PM-SECED23037.pa.pref') ON CONFLICT(Hostname) DO UPDATE SET Hostname = EXCLUDED.Hostname ;
INSERT INTO Networking(Hostname, IP, Gateway, Description, Index, DHCP) VALUES ('PM-SECED23037.pa.pref', '192.168.80.69', '192.168.80.1', 'Realtek PCIe GbE Family Controller', '1', 'True') ON CONFLICT(Hostname) DO UPDATE SET Hostname = EXCLUDED.Hostname, IP = EXCLUDED.IP, Gateway = EXCLUDED.Gateway, Description = EXCLUDED.Description, Index = EXCLUDED.Index, DHCP = EXCLUDED.DHCP ;
INSERT INTO Hosts(Hostname) VALUES ('PM-SURADM077.pa.pref') ON CONFLICT(Hostname) DO UPDATE SET Hostname = EXCLUDED.Hostname ;
INSERT INTO CPU(Hostname, Name, Caption, NOC, NOLP)VALUES('PM-SURADM077.pa.pref', 'Intel(R) Core(TM) i3-10100 CPU @ 3.60GHz', 'Intel64 Family 6 Model 165 Stepping 3', '4', '8') ON CONFLICT(Hostname) DO UPDATE SET Hostname = EXCLUDED.Hostname, Name = EXCLUDED.Name, Caption = EXCLUDED.Caption, NOC = EXCLUDED.NOC, NOLP = EXCLUDED.NOLP ;
INSERT INTO Hosts(Hostname) VALUES ('PM-SURADM077.pa.pref') ON CONFLICT(Hostname) DO UPDATE SET Hostname = EXCLUDED.Hostname ;
INSERT INTO OS(Hostname, Caption, BuildNumber, Architecture, Description) VALUES('PM-SURADM077.pa.pref', 'Microsoft Windows 10 Pro', '19045', '64 bits', 'P-175528 A-807067789') ON CONFLICT(Hostname) DO UPDATE SET Hostname = EXCLUDED.Hostname, Caption = EXCLUDED.Caption, BuildNumber = EXCLUDED.BuildNumber, Architecture = EXCLUDED.Architecture, Description = EXCLUDED.Description ;
INSERT INTO Hosts(Hostname) VALUES ('PM-SURADM077.pa.pref') ON CONFLICT(Hostname) DO UPDATE SET Hostname = EXCLUDED.Hostname ;
INSERT INTO Networking(Hostname, IP, Gateway, Description, Index, DHCP) VALUES ('PM-SURADM077.pa.pref', '192.168.198.78', '192.168.198.1', 'Realtek PCIe GbE Family Controller', '1', 'True') ON CONFLICT(Hostname) DO UPDATE SET Hostname = EXCLUDED.Hostname, IP = EXCLUDED.IP, Gateway = EXCLUDED.Gateway, Description = EXCLUDED.Description, Index = EXCLUDED.Index, DHCP = EXCLUDED.DHCP ;
INSERT INTO Hosts(Hostname) VALUES ('PM-SECED33023.pa.pref') ON CONFLICT(Hostname) DO UPDATE SET Hostname = EXCLUDED.Hostname ;
INSERT INTO CPU(Hostname, Name, Caption, NOC, NOLP)VALUES('PM-SECED33023.pa.pref', 'Intel(R) Core(TM) i3-10100 CPU @ 3.60GHz', 'Intel64 Family 6 Model 165 Stepping 3', '4', '8') ON CONFLICT(Hostname) DO UPDATE SET Hostname = EXCLUDED.Hostname, Name = EXCLUDED.Name, Caption = EXCLUDED.Caption, NOC = EXCLUDED.NOC, NOLP = EXCLUDED.NOLP ;
INSERT INTO Hosts(Hostname) VALUES ('PM-SECED33023.pa.pref') ON CONFLICT(Hostname) DO UPDATE SET Hostname = EXCLUDED.Hostname ;
INSERT INTO OS(Hostname, Caption, BuildNumber, Architecture, Description) VALUES('PM-SECED33023.pa.pref', 'Microsoft Windows 10 Pro', '19045', '64 bits', 'P-// 174432 A-// 504590633') ON CONFLICT(Hostname) DO UPDATE SET Hostname = EXCLUDED.Hostname, Caption = EXCLUDED.Caption, BuildNumber = EXCLUDED.BuildNumber, Architecture = EXCLUDED.Architecture, Description = EXCLUDED.Description ;
INSERT INTO Hosts(Hostname) VALUES ('PM-SECED33023.pa.pref') ON CONFLICT(Hostname) DO UPDATE SET Hostname = EXCLUDED.Hostname ;
INSERT INTO Networking(Hostname, IP, Gateway, Description, Index, DHCP) VALUES ('PM-SECED33023.pa.pref', '192.168.75.147', '192.168.75.1', 'Realtek PCIe GbE Family Controller', '1', 'True') ON CONFLICT(Hostname) DO UPDATE SET Hostname = EXCLUDED.Hostname, IP = EXCLUDED.IP, Gateway = EXCLUDED.Gateway, Description = EXCLUDED.Description, Index = EXCLUDED.Index, DHCP = EXCLUDED.DHCP ;
INSERT INTO Hosts(Hostname) VALUES ('PM-SIOADM013.pa.pref') ON CONFLICT(Hostname) DO UPDATE SET Hostname = EXCLUDED.Hostname ;
INSERT INTO CPU(Hostname, Name, Caption, NOC, NOLP)VALUES('PM-SIOADM013.pa.pref', 'Intel(R) Core(TM)2 Duo CPU     E7500  @ 2.93GHz', 'x64 Family 6 Model 23 Stepping 10', '2', '2') ON CONFLICT(Hostname) DO UPDATE SET Hostname = EXCLUDED.Hostname, Name = EXCLUDED.Name, Caption = EXCLUDED.Caption, NOC = EXCLUDED.NOC, NOLP = EXCLUDED.NOLP ;
INSERT INTO Hosts(Hostname) VALUES ('PM-SIOADM013.pa.pref') ON CONFLICT(Hostname) DO UPDATE SET Hostname = EXCLUDED.Hostname ;
INSERT INTO OS(Hostname, Caption, BuildNumber, Architecture, Description) VALUES('PM-SIOADM013.pa.pref', 'Microsoft Windows 7 Professional ', '7601', '32-bit', 'Patrimonio 89038') ON CONFLICT(Hostname) DO UPDATE SET Hostname = EXCLUDED.Hostname, Caption = EXCLUDED.Caption, BuildNumber = EXCLUDED.BuildNumber, Architecture = EXCLUDED.Architecture, Description = EXCLUDED.Description ;
INSERT INTO Hosts(Hostname) VALUES ('PM-SIOADM013.pa.pref') ON CONFLICT(Hostname) DO UPDATE SET Hostname = EXCLUDED.Hostname ;
INSERT INTO Networking(Hostname, IP, Gateway, Description, Index, DHCP) VALUES ('PM-SIOADM013.pa.pref', '192.168.10.143', '192.168.10.1', 'Intel(R) 82567V-4 Gigabit Network Connection', '7', 'True') ON CONFLICT(Hostname) DO UPDATE SET Hostname = EXCLUDED.Hostname, IP = EXCLUDED.IP, Gateway = EXCLUDED.Gateway, Description = EXCLUDED.Description, Index = EXCLUDED.Index, DHCP = EXCLUDED.DHCP ;
INSERT INTO Hosts(Hostname) VALUES ('PM-SSAUS10020.pa.pref') ON CONFLICT(Hostname) DO UPDATE SET Hostname = EXCLUDED.Hostname ;
INSERT INTO CPU(Hostname, Name, Caption, NOC, NOLP)VALUES('PM-SSAUS10020.pa.pref', 'Intel(R) Core(TM) i3-9100 CPU @ 3.60GHz', 'Intel64 Family 6 Model 158 Stepping 11', '4', '4') ON CONFLICT(Hostname) DO UPDATE SET Hostname = EXCLUDED.Hostname, Name = EXCLUDED.Name, Caption = EXCLUDED.Caption, NOC = EXCLUDED.NOC, NOLP = EXCLUDED.NOLP ;
INSERT INTO Hosts(Hostname) VALUES ('PM-SSAUS10020.pa.pref') ON CONFLICT(Hostname) DO UPDATE SET Hostname = EXCLUDED.Hostname ;
INSERT INTO OS(Hostname, Caption, BuildNumber, Architecture, Description) VALUES('PM-SSAUS10020.pa.pref', 'Microsoft Windows 10 Pro', '19044', '64 bits', NULL) ON CONFLICT(Hostname) DO UPDATE SET Hostname = EXCLUDED.Hostname, Caption = EXCLUDED.Caption, BuildNumber = EXCLUDED.BuildNumber, Architecture = EXCLUDED.Architecture, Description = EXCLUDED.Description ;
INSERT INTO Hosts(Hostname) VALUES ('PM-SSAUS10020.pa.pref') ON CONFLICT(Hostname) DO UPDATE SET Hostname = EXCLUDED.Hostname ;
INSERT INTO Networking(Hostname, IP, Gateway, Description, Index, DHCP) VALUES ('PM-SSAUS10020.pa.pref', '192.168.102.67', '192.168.102.1', 'Intel(R) Ethernet Connection (7) I219-V', '8', 'True') ON CONFLICT(Hostname) DO UPDATE SET Hostname = EXCLUDED.Hostname, IP = EXCLUDED.IP, Gateway = EXCLUDED.Gateway, Description = EXCLUDED.Description, Index = EXCLUDED.Index, DHCP = EXCLUDED.DHCP ;
INSERT INTO Hosts(Hostname) VALUES ('PM-SAFTRI003.pa.pref') ON CONFLICT(Hostname) DO UPDATE SET Hostname = EXCLUDED.Hostname ;
INSERT INTO CPU(Hostname, Name, Caption, NOC, NOLP)VALUES('PM-SAFTRI003.pa.pref', 'Intel(R) Core(TM) i5-3470 CPU @ 3.20GHz', 'Intel64 Family 6 Model 58 Stepping 9', '4', '4') ON CONFLICT(Hostname) DO UPDATE SET Hostname = EXCLUDED.Hostname, Name = EXCLUDED.Name, Caption = EXCLUDED.Caption, NOC = EXCLUDED.NOC, NOLP = EXCLUDED.NOLP ;
INSERT INTO Hosts(Hostname) VALUES ('PM-SAFTRI003.pa.pref') ON CONFLICT(Hostname) DO UPDATE SET Hostname = EXCLUDED.Hostname ;
INSERT INTO OS(Hostname, Caption, BuildNumber, Architecture, Description) VALUES('PM-SAFTRI003.pa.pref', 'Microsoft Windows 7 Professional ', '7601', '64-bit', '99784') ON CONFLICT(Hostname) DO UPDATE SET Hostname = EXCLUDED.Hostname, Caption = EXCLUDED.Caption, BuildNumber = EXCLUDED.BuildNumber, Architecture = EXCLUDED.Architecture, Description = EXCLUDED.Description ;
INSERT INTO Hosts(Hostname) VALUES ('PM-SAFTRI003.pa.pref') ON CONFLICT(Hostname) DO UPDATE SET Hostname = EXCLUDED.Hostname ;
INSERT INTO Networking(Hostname, IP, Gateway, Description, Index, DHCP) VALUES ('PM-SAFTRI003.pa.pref', '192.168.253.145', '192.168.253.1', 'Intel(R) 82579LM Gigabit Network Connection', '7', 'True') ON CONFLICT(Hostname) DO UPDATE SET Hostname = EXCLUDED.Hostname, IP = EXCLUDED.IP, Gateway = EXCLUDED.Gateway, Description = EXCLUDED.Description, Index = EXCLUDED.Index, DHCP = EXCLUDED.DHCP ;
INSERT INTO Hosts(Hostname) VALUES ('PM-SECED31045.pa.pref') ON CONFLICT(Hostname) DO UPDATE SET Hostname = EXCLUDED.Hostname ;
INSERT INTO CPU(Hostname, Name, Caption, NOC, NOLP)VALUES('PM-SECED31045.pa.pref', 'Intel(R) Core(TM) i3-10100 CPU @ 3.60GHz', 'Intel64 Family 6 Model 165 Stepping 3', '4', '8') ON CONFLICT(Hostname) DO UPDATE SET Hostname = EXCLUDED.Hostname, Name = EXCLUDED.Name, Caption = EXCLUDED.Caption, NOC = EXCLUDED.NOC, NOLP = EXCLUDED.NOLP ;
INSERT INTO Hosts(Hostname) VALUES ('PM-SECED31045.pa.pref') ON CONFLICT(Hostname) DO UPDATE SET Hostname = EXCLUDED.Hostname ;
INSERT INTO OS(Hostname, Caption, BuildNumber, Architecture, Description) VALUES('PM-SECED31045.pa.pref', 'Microsoft Windows 10 Pro', '19044', '64 bits', 'P\\174597 A-\\ 115465892') ON CONFLICT(Hostname) DO UPDATE SET Hostname = EXCLUDED.Hostname, Caption = EXCLUDED.Caption, BuildNumber = EXCLUDED.BuildNumber, Architecture = EXCLUDED.Architecture, Description = EXCLUDED.Description ;
INSERT INTO Hosts(Hostname) VALUES ('PM-SECED31045.pa.pref') ON CONFLICT(Hostname) DO UPDATE SET Hostname = EXCLUDED.Hostname ;
INSERT INTO Networking(Hostname, IP, Gateway, Description, Index, DHCP) VALUES ('PM-SECED31045.pa.pref', '192.168.108.232', '192.168.108.1', 'Realtek PCIe GbE Family Controller', '1', 'True') ON CONFLICT(Hostname) DO UPDATE SET Hostname = EXCLUDED.Hostname, IP = EXCLUDED.IP, Gateway = EXCLUDED.Gateway, Description = EXCLUDED.Description, Index = EXCLUDED.Index, DHCP = EXCLUDED.DHCP ;
INSERT INTO Hosts(Hostname) VALUES ('PM-SECED27040.pa.pref') ON CONFLICT(Hostname) DO UPDATE SET Hostname = EXCLUDED.Hostname ;
INSERT INTO CPU(Hostname, Name, Caption, NOC, NOLP)VALUES('PM-SECED27040.pa.pref', 'Intel(R) Core(TM) i3-10100 CPU @ 3.60GHz', 'Intel64 Family 6 Model 165 Stepping 3', '4', '8') ON CONFLICT(Hostname) DO UPDATE SET Hostname = EXCLUDED.Hostname, Name = EXCLUDED.Name, Caption = EXCLUDED.Caption, NOC = EXCLUDED.NOC, NOLP = EXCLUDED.NOLP ;
INSERT INTO Hosts(Hostname) VALUES ('PM-SECED27040.pa.pref') ON CONFLICT(Hostname) DO UPDATE SET Hostname = EXCLUDED.Hostname ;
INSERT INTO OS(Hostname, Caption, BuildNumber, Architecture, Description) VALUES('PM-SECED27040.pa.pref', 'Microsoft Windows 10 Pro', '19044', '64 bits', 'P-174725 A-474382026') ON CONFLICT(Hostname) DO UPDATE SET Hostname = EXCLUDED.Hostname, Caption = EXCLUDED.Caption, BuildNumber = EXCLUDED.BuildNumber, Architecture = EXCLUDED.Architecture, Description = EXCLUDED.Description ;
INSERT INTO Hosts(Hostname) VALUES ('PM-SECED27040.pa.pref') ON CONFLICT(Hostname) DO UPDATE SET Hostname = EXCLUDED.Hostname ;
INSERT INTO Networking(Hostname, IP, Gateway, Description, Index, DHCP) VALUES ('PM-SECED27040.pa.pref', '192.168.110.226', '192.168.110.1', 'Realtek PCIe GbE Family Controller', '1', 'True') ON CONFLICT(Hostname) DO UPDATE SET Hostname = EXCLUDED.Hostname, IP = EXCLUDED.IP, Gateway = EXCLUDED.Gateway, Description = EXCLUDED.Description, Index = EXCLUDED.Index, DHCP = EXCLUDED.DHCP ;
INSERT INTO Hosts(Hostname) VALUES ('PM-INFO0176.pa.pref') ON CONFLICT(Hostname) DO UPDATE SET Hostname = EXCLUDED.Hostname ;
INSERT INTO CPU(Hostname, Name, Caption, NOC, NOLP)VALUES('PM-INFO0176.pa.pref', 'Intel(R) Core(TM) i3-10100 CPU @ 3.60GHz', 'Intel64 Family 6 Model 165 Stepping 3', '4', '8') ON CONFLICT(Hostname) DO UPDATE SET Hostname = EXCLUDED.Hostname, Name = EXCLUDED.Name, Caption = EXCLUDED.Caption, NOC = EXCLUDED.NOC, NOLP = EXCLUDED.NOLP ;
INSERT INTO Hosts(Hostname) VALUES ('PM-INFO0176.pa.pref') ON CONFLICT(Hostname) DO UPDATE SET Hostname = EXCLUDED.Hostname ;
INSERT INTO OS(Hostname, Caption, BuildNumber, Architecture, Description) VALUES('PM-INFO0176.pa.pref', 'Microsoft Windows 10 Pro', '19045', '64 bits', 'P-174602  ANY-908692453') ON CONFLICT(Hostname) DO UPDATE SET Hostname = EXCLUDED.Hostname, Caption = EXCLUDED.Caption, BuildNumber = EXCLUDED.BuildNumber, Architecture = EXCLUDED.Architecture, Description = EXCLUDED.Description ;
INSERT INTO Hosts(Hostname) VALUES ('PM-INFO0176.pa.pref') ON CONFLICT(Hostname) DO UPDATE SET Hostname = EXCLUDED.Hostname ;
INSERT INTO Networking(Hostname, IP, Gateway, Description, Index, DHCP) VALUES ('PM-INFO0176.pa.pref', '192.168.151.39', '192.168.151.1', 'Realtek PCIe GbE Family Controller', '1', 'True') ON CONFLICT(Hostname) DO UPDATE SET Hostname = EXCLUDED.Hostname, IP = EXCLUDED.IP, Gateway = EXCLUDED.Gateway, Description = EXCLUDED.Description, Index = EXCLUDED.Index, DHCP = EXCLUDED.DHCP ;
INSERT INTO Hosts(Hostname) VALUES ('PM-SSAUS08002.pa.pref') ON CONFLICT(Hostname) DO UPDATE SET Hostname = EXCLUDED.Hostname ;
INSERT INTO CPU(Hostname, Name, Caption, NOC, NOLP)VALUES('PM-SSAUS08002.pa.pref', 'AMD A10-9700 RADEON R7, 10 COMPUTE CORES 4C+6G ', 'AMD64 Family 21 Model 101 Stepping 1', '4', '4') ON CONFLICT(Hostname) DO UPDATE SET Hostname = EXCLUDED.Hostname, Name = EXCLUDED.Name, Caption = EXCLUDED.Caption, NOC = EXCLUDED.NOC, NOLP = EXCLUDED.NOLP ;
INSERT INTO Hosts(Hostname) VALUES ('PM-SSAUS08002.pa.pref') ON CONFLICT(Hostname) DO UPDATE SET Hostname = EXCLUDED.Hostname ;
INSERT INTO OS(Hostname, Caption, BuildNumber, Architecture, Description) VALUES('PM-SSAUS08002.pa.pref', 'Microsoft Windows 10 Pro', '19045', '64 bits', 'Patrimonio 142328') ON CONFLICT(Hostname) DO UPDATE SET Hostname = EXCLUDED.Hostname, Caption = EXCLUDED.Caption, BuildNumber = EXCLUDED.BuildNumber, Architecture = EXCLUDED.Architecture, Description = EXCLUDED.Description ;
INSERT INTO Hosts(Hostname) VALUES ('PM-SSAUS08002.pa.pref') ON CONFLICT(Hostname) DO UPDATE SET Hostname = EXCLUDED.Hostname ;
INSERT INTO Networking(Hostname, IP, Gateway, Description, Index, DHCP) VALUES ('PM-SSAUS08002.pa.pref', '192.168.135.12', '192.168.135.1', 'TP-Link Wireless N PCI Express Adapter', '1', 'True') ON CONFLICT(Hostname) DO UPDATE SET Hostname = EXCLUDED.Hostname, IP = EXCLUDED.IP, Gateway = EXCLUDED.Gateway, Description = EXCLUDED.Description, Index = EXCLUDED.Index, DHCP = EXCLUDED.DHCP ;
INSERT INTO Hosts(Hostname) VALUES ('PM-SSAUS26007.pa.pref') ON CONFLICT(Hostname) DO UPDATE SET Hostname = EXCLUDED.Hostname ;
INSERT INTO CPU(Hostname, Name, Caption, NOC, NOLP)VALUES('PM-SSAUS26007.pa.pref', 'Intel(R) Core(TM) i5-3470 CPU @ 3.20GHz', 'Intel64 Family 6 Model 58 Stepping 9', '4', '4') ON CONFLICT(Hostname) DO UPDATE SET Hostname = EXCLUDED.Hostname, Name = EXCLUDED.Name, Caption = EXCLUDED.Caption, NOC = EXCLUDED.NOC, NOLP = EXCLUDED.NOLP ;
INSERT INTO Hosts(Hostname) VALUES ('PM-SSAUS26007.pa.pref') ON CONFLICT(Hostname) DO UPDATE SET Hostname = EXCLUDED.Hostname ;
INSERT INTO OS(Hostname, Caption, BuildNumber, Architecture, Description) VALUES('PM-SSAUS26007.pa.pref', 'Microsoft Windows 7 Professional ', '7601', '64-bit', NULL) ON CONFLICT(Hostname) DO UPDATE SET Hostname = EXCLUDED.Hostname, Caption = EXCLUDED.Caption, BuildNumber = EXCLUDED.BuildNumber, Architecture = EXCLUDED.Architecture, Description = EXCLUDED.Description ;
INSERT INTO Hosts(Hostname) VALUES ('PM-SSAUS26007.pa.pref') ON CONFLICT(Hostname) DO UPDATE SET Hostname = EXCLUDED.Hostname ;
INSERT INTO Networking(Hostname, IP, Gateway, Description, Index, DHCP) VALUES ('PM-SSAUS26007.pa.pref', '192.168.221.31', '192.168.221.1', 'Intel(R) 82579LM Gigabit Network Connection', '7', 'True') ON CONFLICT(Hostname) DO UPDATE SET Hostname = EXCLUDED.Hostname, IP = EXCLUDED.IP, Gateway = EXCLUDED.Gateway, Description = EXCLUDED.Description, Index = EXCLUDED.Index, DHCP = EXCLUDED.DHCP ;
INSERT INTO Hosts(Hostname) VALUES ('PM-SPSCTU12.pa.pref') ON CONFLICT(Hostname) DO UPDATE SET Hostname = EXCLUDED.Hostname ;
INSERT INTO CPU(Hostname, Name, Caption, NOC, NOLP)VALUES('PM-SPSCTU12.pa.pref', 'Intel(R) Core(TM) i3-10100T CPU @ 3.00GHz', 'Intel64 Family 6 Model 165 Stepping 3', '4', '8') ON CONFLICT(Hostname) DO UPDATE SET Hostname = EXCLUDED.Hostname, Name = EXCLUDED.Name, Caption = EXCLUDED.Caption, NOC = EXCLUDED.NOC, NOLP = EXCLUDED.NOLP ;
INSERT INTO Hosts(Hostname) VALUES ('PM-SPSCTU12.pa.pref') ON CONFLICT(Hostname) DO UPDATE SET Hostname = EXCLUDED.Hostname ;
INSERT INTO OS(Hostname, Caption, BuildNumber, Architecture, Description) VALUES('PM-SPSCTU12.pa.pref', 'Microsoft Windows 10 Pro', '19045', '64 bits', NULL) ON CONFLICT(Hostname) DO UPDATE SET Hostname = EXCLUDED.Hostname, Caption = EXCLUDED.Caption, BuildNumber = EXCLUDED.BuildNumber, Architecture = EXCLUDED.Architecture, Description = EXCLUDED.Description ;
INSERT INTO Hosts(Hostname) VALUES ('PM-SPSCTU12.pa.pref') ON CONFLICT(Hostname) DO UPDATE SET Hostname = EXCLUDED.Hostname ;
INSERT INTO Networking(Hostname, IP, Gateway, Description, Index, DHCP) VALUES ('PM-SPSCTU12.pa.pref', '192.168.31.105', '192.168.31.1', 'Realtek PCIe GbE Family Controller', '1', 'True') ON CONFLICT(Hostname) DO UPDATE SET Hostname = EXCLUDED.Hostname, IP = EXCLUDED.IP, Gateway = EXCLUDED.Gateway, Description = EXCLUDED.Description, Index = EXCLUDED.Index, DHCP = EXCLUDED.DHCP ;
INSERT INTO Hosts(Hostname) VALUES ('PM-SECED07027.pa.pref') ON CONFLICT(Hostname) DO UPDATE SET Hostname = EXCLUDED.Hostname ;
INSERT INTO CPU(Hostname, Name, Caption, NOC, NOLP)VALUES('PM-SECED07027.pa.pref', 'Intel(R) Core(TM) i3-10100 CPU @ 3.60GHz', 'Intel64 Family 6 Model 165 Stepping 3', '4', '8') ON CONFLICT(Hostname) DO UPDATE SET Hostname = EXCLUDED.Hostname, Name = EXCLUDED.Name, Caption = EXCLUDED.Caption, NOC = EXCLUDED.NOC, NOLP = EXCLUDED.NOLP ;
INSERT INTO Hosts(Hostname) VALUES ('PM-SECED07027.pa.pref') ON CONFLICT(Hostname) DO UPDATE SET Hostname = EXCLUDED.Hostname ;
INSERT INTO OS(Hostname, Caption, BuildNumber, Architecture, Description) VALUES('PM-SECED07027.pa.pref', 'Microsoft Windows 10 Pro', '19045', '64 bits', 'P-174798 A-544592229') ON CONFLICT(Hostname) DO UPDATE SET Hostname = EXCLUDED.Hostname, Caption = EXCLUDED.Caption, BuildNumber = EXCLUDED.BuildNumber, Architecture = EXCLUDED.Architecture, Description = EXCLUDED.Description ;
INSERT INTO Hosts(Hostname) VALUES ('PM-SECED07027.pa.pref') ON CONFLICT(Hostname) DO UPDATE SET Hostname = EXCLUDED.Hostname ;
INSERT INTO Networking(Hostname, IP, Gateway, Description, Index, DHCP) VALUES ('PM-SECED07027.pa.pref', '192.168.215.88', '192.168.215.1', 'Realtek PCIe GbE Family Controller', '1', 'True') ON CONFLICT(Hostname) DO UPDATE SET Hostname = EXCLUDED.Hostname, IP = EXCLUDED.IP, Gateway = EXCLUDED.Gateway, Description = EXCLUDED.Description, Index = EXCLUDED.Index, DHCP = EXCLUDED.DHCP ;
INSERT INTO Hosts(Hostname) VALUES ('PM-SSAUS26019.pa.pref') ON CONFLICT(Hostname) DO UPDATE SET Hostname = EXCLUDED.Hostname ;
INSERT INTO CPU(Hostname, Name, Caption, NOC, NOLP)VALUES('PM-SSAUS26019.pa.pref', 'Intel(R) Core(TM) i3-9100 CPU @ 3.60GHz', 'Intel64 Family 6 Model 158 Stepping 11', '4', '4') ON CONFLICT(Hostname) DO UPDATE SET Hostname = EXCLUDED.Hostname, Name = EXCLUDED.Name, Caption = EXCLUDED.Caption, NOC = EXCLUDED.NOC, NOLP = EXCLUDED.NOLP ;
INSERT INTO Hosts(Hostname) VALUES ('PM-SSAUS26019.pa.pref') ON CONFLICT(Hostname) DO UPDATE SET Hostname = EXCLUDED.Hostname ;
INSERT INTO OS(Hostname, Caption, BuildNumber, Architecture, Description) VALUES('PM-SSAUS26019.pa.pref', 'Microsoft Windows 10 Pro', '19045', '64 bits', 'Patrimônio 151531') ON CONFLICT(Hostname) DO UPDATE SET Hostname = EXCLUDED.Hostname, Caption = EXCLUDED.Caption, BuildNumber = EXCLUDED.BuildNumber, Architecture = EXCLUDED.Architecture, Description = EXCLUDED.Description ;
INSERT INTO Hosts(Hostname) VALUES ('PM-SSAUS26019.pa.pref') ON CONFLICT(Hostname) DO UPDATE SET Hostname = EXCLUDED.Hostname ;
INSERT INTO Networking(Hostname, IP, Gateway, Description, Index, DHCP) VALUES ('PM-SSAUS26019.pa.pref', '192.168.221.85', '192.168.221.1', 'Intel(R) Ethernet Connection (7) I219-V', '1', 'True') ON CONFLICT(Hostname) DO UPDATE SET Hostname = EXCLUDED.Hostname, IP = EXCLUDED.IP, Gateway = EXCLUDED.Gateway, Description = EXCLUDED.Description, Index = EXCLUDED.Index, DHCP = EXCLUDED.DHCP ;
INSERT INTO Hosts(Hostname) VALUES ('PM-SSAUS16001.pa.pref') ON CONFLICT(Hostname) DO UPDATE SET Hostname = EXCLUDED.Hostname ;
INSERT INTO CPU(Hostname, Name, Caption, NOC, NOLP)VALUES('PM-SSAUS16001.pa.pref', 'Intel(R) Core(TM) i5-3470 CPU @ 3.20GHz', 'Intel64 Family 6 Model 58 Stepping 9', '4', '4') ON CONFLICT(Hostname) DO UPDATE SET Hostname = EXCLUDED.Hostname, Name = EXCLUDED.Name, Caption = EXCLUDED.Caption, NOC = EXCLUDED.NOC, NOLP = EXCLUDED.NOLP ;
INSERT INTO Hosts(Hostname) VALUES ('PM-SSAUS16001.pa.pref') ON CONFLICT(Hostname) DO UPDATE SET Hostname = EXCLUDED.Hostname ;
INSERT INTO OS(Hostname, Caption, BuildNumber, Architecture, Description) VALUES('PM-SSAUS16001.pa.pref', 'Microsoft Windows 7 Professional ', '7601', '64-bit', 'S/p') ON CONFLICT(Hostname) DO UPDATE SET Hostname = EXCLUDED.Hostname, Caption = EXCLUDED.Caption, BuildNumber = EXCLUDED.BuildNumber, Architecture = EXCLUDED.Architecture, Description = EXCLUDED.Description ;
INSERT INTO Hosts(Hostname) VALUES ('PM-SSAUS16001.pa.pref') ON CONFLICT(Hostname) DO UPDATE SET Hostname = EXCLUDED.Hostname ;
INSERT INTO Networking(Hostname, IP, Gateway, Description, Index, DHCP) VALUES ('PM-SSAUS16001.pa.pref', '192.168.168.22', '192.168.168.1', 'Intel(R) 82579LM Gigabit Network Connection', '7', 'True') ON CONFLICT(Hostname) DO UPDATE SET Hostname = EXCLUDED.Hostname, IP = EXCLUDED.IP, Gateway = EXCLUDED.Gateway, Description = EXCLUDED.Description, Index = EXCLUDED.Index, DHCP = EXCLUDED.DHCP ;
INSERT INTO Hosts(Hostname) VALUES ('PM-SPSCRAS043.pa.pref') ON CONFLICT(Hostname) DO UPDATE SET Hostname = EXCLUDED.Hostname ;
INSERT INTO CPU(Hostname, Name, Caption, NOC, NOLP)VALUES('PM-SPSCRAS043.pa.pref', 'Intel(R) Core(TM) i3-9100 CPU @ 3.60GHz', 'Intel64 Family 6 Model 158 Stepping 11', '4', '4') ON CONFLICT(Hostname) DO UPDATE SET Hostname = EXCLUDED.Hostname, Name = EXCLUDED.Name, Caption = EXCLUDED.Caption, NOC = EXCLUDED.NOC, NOLP = EXCLUDED.NOLP ;
INSERT INTO Hosts(Hostname) VALUES ('PM-SPSCRAS043.pa.pref') ON CONFLICT(Hostname) DO UPDATE SET Hostname = EXCLUDED.Hostname ;
INSERT INTO OS(Hostname, Caption, BuildNumber, Architecture, Description) VALUES('PM-SPSCRAS043.pa.pref', 'Microsoft Windows 10 Pro', '19045', '64 bits', 'Patrimonio 150511') ON CONFLICT(Hostname) DO UPDATE SET Hostname = EXCLUDED.Hostname, Caption = EXCLUDED.Caption, BuildNumber = EXCLUDED.BuildNumber, Architecture = EXCLUDED.Architecture, Description = EXCLUDED.Description ;
INSERT INTO Hosts(Hostname) VALUES ('PM-SPSCRAS043.pa.pref') ON CONFLICT(Hostname) DO UPDATE SET Hostname = EXCLUDED.Hostname ;
INSERT INTO Networking(Hostname, IP, Gateway, Description, Index, DHCP) VALUES ('PM-SPSCRAS043.pa.pref', '192.168.132.44', '192.168.132.1', 'Intel(R) Ethernet Connection (7) I219-V', '1', 'True') ON CONFLICT(Hostname) DO UPDATE SET Hostname = EXCLUDED.Hostname, IP = EXCLUDED.IP, Gateway = EXCLUDED.Gateway, Description = EXCLUDED.Description, Index = EXCLUDED.Index, DHCP = EXCLUDED.DHCP ;
INSERT INTO Hosts(Hostname) VALUES ('PM-SECED02005.pa.pref') ON CONFLICT(Hostname) DO UPDATE SET Hostname = EXCLUDED.Hostname ;
INSERT INTO CPU(Hostname, Name, Caption, NOC, NOLP)VALUES('PM-SECED02005.pa.pref', 'Intel(R) Pentium(R) Gold G5420 CPU @ 3.80GHz', 'Intel64 Family 6 Model 158 Stepping 10', '2', '4') ON CONFLICT(Hostname) DO UPDATE SET Hostname = EXCLUDED.Hostname, Name = EXCLUDED.Name, Caption = EXCLUDED.Caption, NOC = EXCLUDED.NOC, NOLP = EXCLUDED.NOLP ;
INSERT INTO Hosts(Hostname) VALUES ('PM-SECED02005.pa.pref') ON CONFLICT(Hostname) DO UPDATE SET Hostname = EXCLUDED.Hostname ;
INSERT INTO OS(Hostname, Caption, BuildNumber, Architecture, Description) VALUES('PM-SECED02005.pa.pref', 'Microsoft Windows 10 Pro', '19045', '64 bits', 'Patrimonio 168839') ON CONFLICT(Hostname) DO UPDATE SET Hostname = EXCLUDED.Hostname, Caption = EXCLUDED.Caption, BuildNumber = EXCLUDED.BuildNumber, Architecture = EXCLUDED.Architecture, Description = EXCLUDED.Description ;
INSERT INTO Hosts(Hostname) VALUES ('PM-SECED02005.pa.pref') ON CONFLICT(Hostname) DO UPDATE SET Hostname = EXCLUDED.Hostname ;
INSERT INTO Networking(Hostname, IP, Gateway, Description, Index, DHCP) VALUES ('PM-SECED02005.pa.pref', '192.168.42.75', '192.168.42.1', 'Realtek PCIe GBE Family Controller', '1', 'True') ON CONFLICT(Hostname) DO UPDATE SET Hostname = EXCLUDED.Hostname, IP = EXCLUDED.IP, Gateway = EXCLUDED.Gateway, Description = EXCLUDED.Description, Index = EXCLUDED.Index, DHCP = EXCLUDED.DHCP ;
INSERT INTO Hosts(Hostname) VALUES ('PM-SIOGAR006.pa.pref') ON CONFLICT(Hostname) DO UPDATE SET Hostname = EXCLUDED.Hostname ;
INSERT INTO CPU(Hostname, Name, Caption, NOC, NOLP)VALUES('PM-SIOGAR006.pa.pref', 'Intel(R) Core(TM) i3-3220 CPU @ 3.30GHz', 'Intel64 Family 6 Model 58 Stepping 9', '2', '4') ON CONFLICT(Hostname) DO UPDATE SET Hostname = EXCLUDED.Hostname, Name = EXCLUDED.Name, Caption = EXCLUDED.Caption, NOC = EXCLUDED.NOC, NOLP = EXCLUDED.NOLP ;
INSERT INTO Hosts(Hostname) VALUES ('PM-SIOGAR006.pa.pref') ON CONFLICT(Hostname) DO UPDATE SET Hostname = EXCLUDED.Hostname ;
INSERT INTO OS(Hostname, Caption, BuildNumber, Architecture, Description) VALUES('PM-SIOGAR006.pa.pref', 'Microsoft Windows 7 Professional ', '7601', '64-bit', 'Patrimônio 98751') ON CONFLICT(Hostname) DO UPDATE SET Hostname = EXCLUDED.Hostname, Caption = EXCLUDED.Caption, BuildNumber = EXCLUDED.BuildNumber, Architecture = EXCLUDED.Architecture, Description = EXCLUDED.Description ;
INSERT INTO Hosts(Hostname) VALUES ('PM-SIOGAR006.pa.pref') ON CONFLICT(Hostname) DO UPDATE SET Hostname = EXCLUDED.Hostname ;
INSERT INTO Networking(Hostname, IP, Gateway, Description, Index, DHCP) VALUES ('PM-SIOGAR006.pa.pref', '192.168.230.80', '192.168.230.1', 'Realtek PCIe GBE Family Controller', '7', 'True') ON CONFLICT(Hostname) DO UPDATE SET Hostname = EXCLUDED.Hostname, IP = EXCLUDED.IP, Gateway = EXCLUDED.Gateway, Description = EXCLUDED.Description, Index = EXCLUDED.Index, DHCP = EXCLUDED.DHCP ;
INSERT INTO Hosts(Hostname) VALUES ('PM-SPSCRA021.pa.pref') ON CONFLICT(Hostname) DO UPDATE SET Hostname = EXCLUDED.Hostname ;
INSERT INTO CPU(Hostname, Name, Caption, NOC, NOLP)VALUES('PM-SPSCRA021.pa.pref', 'Intel(R) Core(TM) i5-3470 CPU @ 3.20GHz', 'Intel64 Family 6 Model 58 Stepping 9', '4', '4') ON CONFLICT(Hostname) DO UPDATE SET Hostname = EXCLUDED.Hostname, Name = EXCLUDED.Name, Caption = EXCLUDED.Caption, NOC = EXCLUDED.NOC, NOLP = EXCLUDED.NOLP ;
INSERT INTO Hosts(Hostname) VALUES ('PM-SPSCRA021.pa.pref') ON CONFLICT(Hostname) DO UPDATE SET Hostname = EXCLUDED.Hostname ;
INSERT INTO OS(Hostname, Caption, BuildNumber, Architecture, Description) VALUES('PM-SPSCRA021.pa.pref', 'Microsoft Windows 7 Professional ', '7601', '64-bit', 'Patrimonio 112702') ON CONFLICT(Hostname) DO UPDATE SET Hostname = EXCLUDED.Hostname, Caption = EXCLUDED.Caption, BuildNumber = EXCLUDED.BuildNumber, Architecture = EXCLUDED.Architecture, Description = EXCLUDED.Description ;
INSERT INTO Hosts(Hostname) VALUES ('PM-SPSCRA021.pa.pref') ON CONFLICT(Hostname) DO UPDATE SET Hostname = EXCLUDED.Hostname ;
INSERT INTO Networking(Hostname, IP, Gateway, Description, Index, DHCP) VALUES ('PM-SPSCRA021.pa.pref', '192.168.154.82', '192.168.154.1', 'Intel(R) 82579LM Gigabit Network Connection', '7', 'True') ON CONFLICT(Hostname) DO UPDATE SET Hostname = EXCLUDED.Hostname, IP = EXCLUDED.IP, Gateway = EXCLUDED.Gateway, Description = EXCLUDED.Description, Index = EXCLUDED.Index, DHCP = EXCLUDED.DHCP ;
INSERT INTO Hosts(Hostname) VALUES ('PM-SSAUS17015.pa.pref') ON CONFLICT(Hostname) DO UPDATE SET Hostname = EXCLUDED.Hostname ;
INSERT INTO CPU(Hostname, Name, Caption, NOC, NOLP)VALUES('PM-SSAUS17015.pa.pref', 'Intel(R) Core(TM) i3-2100 CPU @ 3.10GHz', 'Intel64 Family 6 Model 42 Stepping 7', '2', '4') ON CONFLICT(Hostname) DO UPDATE SET Hostname = EXCLUDED.Hostname, Name = EXCLUDED.Name, Caption = EXCLUDED.Caption, NOC = EXCLUDED.NOC, NOLP = EXCLUDED.NOLP ;
INSERT INTO Hosts(Hostname) VALUES ('PM-SSAUS17015.pa.pref') ON CONFLICT(Hostname) DO UPDATE SET Hostname = EXCLUDED.Hostname ;
INSERT INTO OS(Hostname, Caption, BuildNumber, Architecture, Description) VALUES('PM-SSAUS17015.pa.pref', 'Microsoft Windows 7 Professional ', '7601', '64-bit', 'Patrimonio 109662') ON CONFLICT(Hostname) DO UPDATE SET Hostname = EXCLUDED.Hostname, Caption = EXCLUDED.Caption, BuildNumber = EXCLUDED.BuildNumber, Architecture = EXCLUDED.Architecture, Description = EXCLUDED.Description ;
INSERT INTO Hosts(Hostname) VALUES ('PM-SSAUS17015.pa.pref') ON CONFLICT(Hostname) DO UPDATE SET Hostname = EXCLUDED.Hostname ;
INSERT INTO Networking(Hostname, IP, Gateway, Description, Index, DHCP) VALUES ('PM-SSAUS17015.pa.pref', '192.168.21.23', '192.168.21.1', 'Qualcomm Atheros AR8152 PCI-E Fast Ethernet Controller (NDIS 6.30)', '11', 'True') ON CONFLICT(Hostname) DO UPDATE SET Hostname = EXCLUDED.Hostname, IP = EXCLUDED.IP, Gateway = EXCLUDED.Gateway, Description = EXCLUDED.Description, Index = EXCLUDED.Index, DHCP = EXCLUDED.DHCP ;
INSERT INTO Hosts(Hostname) VALUES ('PM-SECPED035.pa.pref') ON CONFLICT(Hostname) DO UPDATE SET Hostname = EXCLUDED.Hostname ;
INSERT INTO CPU(Hostname, Name, Caption, NOC, NOLP)VALUES('PM-SECPED035.pa.pref', 'Intel(R) Core(TM) i3-2120 CPU @ 3.30GHz', 'Intel64 Family 6 Model 42 Stepping 7', '2', '4') ON CONFLICT(Hostname) DO UPDATE SET Hostname = EXCLUDED.Hostname, Name = EXCLUDED.Name, Caption = EXCLUDED.Caption, NOC = EXCLUDED.NOC, NOLP = EXCLUDED.NOLP ;
INSERT INTO Hosts(Hostname) VALUES ('PM-SECPED035.pa.pref') ON CONFLICT(Hostname) DO UPDATE SET Hostname = EXCLUDED.Hostname ;
INSERT INTO OS(Hostname, Caption, BuildNumber, Architecture, Description) VALUES('PM-SECPED035.pa.pref', 'Microsoft Windows 10 Pro', '19045', '64 bits', 'PM-SECPED035') ON CONFLICT(Hostname) DO UPDATE SET Hostname = EXCLUDED.Hostname, Caption = EXCLUDED.Caption, BuildNumber = EXCLUDED.BuildNumber, Architecture = EXCLUDED.Architecture, Description = EXCLUDED.Description ;
INSERT INTO Hosts(Hostname) VALUES ('PM-SECPED035.pa.pref') ON CONFLICT(Hostname) DO UPDATE SET Hostname = EXCLUDED.Hostname ;
INSERT INTO Networking(Hostname, IP, Gateway, Description, Index, DHCP) VALUES ('PM-SECPED035.pa.pref', '192.168.9.227', '192.168.9.1', 'Realtek PCIe GbE Family Controller', '1', 'True') ON CONFLICT(Hostname) DO UPDATE SET Hostname = EXCLUDED.Hostname, IP = EXCLUDED.IP, Gateway = EXCLUDED.Gateway, Description = EXCLUDED.Description, Index = EXCLUDED.Index, DHCP = EXCLUDED.DHCP ;
INSERT INTO Hosts(Hostname) VALUES ('PM-GABARQOO2.pa.pref') ON CONFLICT(Hostname) DO UPDATE SET Hostname = EXCLUDED.Hostname ;
INSERT INTO CPU(Hostname, Name, Caption, NOC, NOLP)VALUES('PM-GABARQOO2.pa.pref', 'Intel(R) Core(TM) i3-10100 CPU @ 3.60GHz', 'Intel64 Family 6 Model 165 Stepping 3', '4', '8') ON CONFLICT(Hostname) DO UPDATE SET Hostname = EXCLUDED.Hostname, Name = EXCLUDED.Name, Caption = EXCLUDED.Caption, NOC = EXCLUDED.NOC, NOLP = EXCLUDED.NOLP ;
INSERT INTO Hosts(Hostname) VALUES ('PM-GABARQOO2.pa.pref') ON CONFLICT(Hostname) DO UPDATE SET Hostname = EXCLUDED.Hostname ;
INSERT INTO OS(Hostname, Caption, BuildNumber, Architecture, Description) VALUES('PM-GABARQOO2.pa.pref', 'Microsoft Windows 10 Pro', '19044', '64 bits', 'P-174750 A- 386972103') ON CONFLICT(Hostname) DO UPDATE SET Hostname = EXCLUDED.Hostname, Caption = EXCLUDED.Caption, BuildNumber = EXCLUDED.BuildNumber, Architecture = EXCLUDED.Architecture, Description = EXCLUDED.Description ;
INSERT INTO Hosts(Hostname) VALUES ('PM-GABARQOO2.pa.pref') ON CONFLICT(Hostname) DO UPDATE SET Hostname = EXCLUDED.Hostname ;
INSERT INTO Networking(Hostname, IP, Gateway, Description, Index, DHCP) VALUES ('PM-GABARQOO2.pa.pref', '192.168.163.254', '192.168.163.1', 'Realtek PCIe GbE Family Controller', '1', 'True') ON CONFLICT(Hostname) DO UPDATE SET Hostname = EXCLUDED.Hostname, IP = EXCLUDED.IP, Gateway = EXCLUDED.Gateway, Description = EXCLUDED.Description, Index = EXCLUDED.Index, DHCP = EXCLUDED.DHCP ;
INSERT INTO Hosts(Hostname) VALUES ('PM-SSAUS07005.pa.pref') ON CONFLICT(Hostname) DO UPDATE SET Hostname = EXCLUDED.Hostname ;
INSERT INTO CPU(Hostname, Name, Caption, NOC, NOLP)VALUES('PM-SSAUS07005.pa.pref', 'AMD A10-9700 RADEON R7, 10 COMPUTE CORES 4C+6G ', 'AMD64 Family 21 Model 101 Stepping 1', '4', '4') ON CONFLICT(Hostname) DO UPDATE SET Hostname = EXCLUDED.Hostname, Name = EXCLUDED.Name, Caption = EXCLUDED.Caption, NOC = EXCLUDED.NOC, NOLP = EXCLUDED.NOLP ;
INSERT INTO Hosts(Hostname) VALUES ('PM-SSAUS07005.pa.pref') ON CONFLICT(Hostname) DO UPDATE SET Hostname = EXCLUDED.Hostname ;
INSERT INTO OS(Hostname, Caption, BuildNumber, Architecture, Description) VALUES('PM-SSAUS07005.pa.pref', 'Microsoft Windows 10 Pro', '19045', '64 bits', 'Patrimonio 145534') ON CONFLICT(Hostname) DO UPDATE SET Hostname = EXCLUDED.Hostname, Caption = EXCLUDED.Caption, BuildNumber = EXCLUDED.BuildNumber, Architecture = EXCLUDED.Architecture, Description = EXCLUDED.Description ;
INSERT INTO Hosts(Hostname) VALUES ('PM-SSAUS07005.pa.pref') ON CONFLICT(Hostname) DO UPDATE SET Hostname = EXCLUDED.Hostname ;
INSERT INTO Networking(Hostname, IP, Gateway, Description, Index, DHCP) VALUES ('PM-SSAUS07005.pa.pref', '192.168.196.65', '192.168.196.1', 'Realtek PCIe GBE Family Controller', '2', 'True') ON CONFLICT(Hostname) DO UPDATE SET Hostname = EXCLUDED.Hostname, IP = EXCLUDED.IP, Gateway = EXCLUDED.Gateway, Description = EXCLUDED.Description, Index = EXCLUDED.Index, DHCP = EXCLUDED.DHCP ;
INSERT INTO Hosts(Hostname) VALUES ('PM-SSAHPMINI077.pa.pref') ON CONFLICT(Hostname) DO UPDATE SET Hostname = EXCLUDED.Hostname ;
INSERT INTO CPU(Hostname, Name, Caption, NOC, NOLP)VALUES('PM-SSAHPMINI077.pa.pref', 'AMD Ryzen 3 PRO 4350GE with Radeon Graphics', 'AMD64 Family 23 Model 96 Stepping 1', '4', '8') ON CONFLICT(Hostname) DO UPDATE SET Hostname = EXCLUDED.Hostname, Name = EXCLUDED.Name, Caption = EXCLUDED.Caption, NOC = EXCLUDED.NOC, NOLP = EXCLUDED.NOLP ;
INSERT INTO Hosts(Hostname) VALUES ('PM-SSAHPMINI077.pa.pref') ON CONFLICT(Hostname) DO UPDATE SET Hostname = EXCLUDED.Hostname ;
INSERT INTO OS(Hostname, Caption, BuildNumber, Architecture, Description) VALUES('PM-SSAHPMINI077.pa.pref', 'Microsoft Windows 10 Pro', '19045', '64 bits', 'P-169102 A-172755742') ON CONFLICT(Hostname) DO UPDATE SET Hostname = EXCLUDED.Hostname, Caption = EXCLUDED.Caption, BuildNumber = EXCLUDED.BuildNumber, Architecture = EXCLUDED.Architecture, Description = EXCLUDED.Description ;
INSERT INTO Hosts(Hostname) VALUES ('PM-SSAHPMINI077.pa.pref') ON CONFLICT(Hostname) DO UPDATE SET Hostname = EXCLUDED.Hostname ;
INSERT INTO Networking(Hostname, IP, Gateway, Description, Index, DHCP) VALUES ('PM-SSAHPMINI077.pa.pref', '192.168.221.54', '192.168.221.1', 'Realtek PCIe GbE Family Controller', '1', 'True') ON CONFLICT(Hostname) DO UPDATE SET Hostname = EXCLUDED.Hostname, IP = EXCLUDED.IP, Gateway = EXCLUDED.Gateway, Description = EXCLUDED.Description, Index = EXCLUDED.Index, DHCP = EXCLUDED.DHCP ;
INSERT INTO Hosts(Hostname) VALUES ('PM-SECED09006.pa.pref') ON CONFLICT(Hostname) DO UPDATE SET Hostname = EXCLUDED.Hostname ;
INSERT INTO CPU(Hostname, Name, Caption, NOC, NOLP)VALUES('PM-SECED09006.pa.pref', 'Intel(R) Core(TM) i3-10100 CPU @ 3.60GHz', 'Intel64 Family 6 Model 165 Stepping 3', '4', '8') ON CONFLICT(Hostname) DO UPDATE SET Hostname = EXCLUDED.Hostname, Name = EXCLUDED.Name, Caption = EXCLUDED.Caption, NOC = EXCLUDED.NOC, NOLP = EXCLUDED.NOLP ;
INSERT INTO Hosts(Hostname) VALUES ('PM-SECED09006.pa.pref') ON CONFLICT(Hostname) DO UPDATE SET Hostname = EXCLUDED.Hostname ;
INSERT INTO OS(Hostname, Caption, BuildNumber, Architecture, Description) VALUES('PM-SECED09006.pa.pref', 'Microsoft Windows 10 Pro', '19044', '64 bits', 'P-174785 A-493576515') ON CONFLICT(Hostname) DO UPDATE SET Hostname = EXCLUDED.Hostname, Caption = EXCLUDED.Caption, BuildNumber = EXCLUDED.BuildNumber, Architecture = EXCLUDED.Architecture, Description = EXCLUDED.Description ;
INSERT INTO Hosts(Hostname) VALUES ('PM-SECED09006.pa.pref') ON CONFLICT(Hostname) DO UPDATE SET Hostname = EXCLUDED.Hostname ;
INSERT INTO Networking(Hostname, IP, Gateway, Description, Index, DHCP) VALUES ('PM-SECED09006.pa.pref', '192.168.191.125', '192.168.191.1', 'Realtek PCIe GbE Family Controller', '1', 'True') ON CONFLICT(Hostname) DO UPDATE SET Hostname = EXCLUDED.Hostname, IP = EXCLUDED.IP, Gateway = EXCLUDED.Gateway, Description = EXCLUDED.Description, Index = EXCLUDED.Index, DHCP = EXCLUDED.DHCP ;
INSERT INTO Hosts(Hostname) VALUES ('PM-SSAHPMINI083.pa.pref') ON CONFLICT(Hostname) DO UPDATE SET Hostname = EXCLUDED.Hostname ;
INSERT INTO CPU(Hostname, Name, Caption, NOC, NOLP)VALUES('PM-SSAHPMINI083.pa.pref', 'AMD Ryzen 3 PRO 4350GE with Radeon Graphics', 'AMD64 Family 23 Model 96 Stepping 1', '4', '8') ON CONFLICT(Hostname) DO UPDATE SET Hostname = EXCLUDED.Hostname, Name = EXCLUDED.Name, Caption = EXCLUDED.Caption, NOC = EXCLUDED.NOC, NOLP = EXCLUDED.NOLP ;
INSERT INTO Hosts(Hostname) VALUES ('PM-SSAHPMINI083.pa.pref') ON CONFLICT(Hostname) DO UPDATE SET Hostname = EXCLUDED.Hostname ;
INSERT INTO OS(Hostname, Caption, BuildNumber, Architecture, Description) VALUES('PM-SSAHPMINI083.pa.pref', 'Microsoft Windows 10 Pro', '19045', '64 bits', 'P-169087 A-743476210') ON CONFLICT(Hostname) DO UPDATE SET Hostname = EXCLUDED.Hostname, Caption = EXCLUDED.Caption, BuildNumber = EXCLUDED.BuildNumber, Architecture = EXCLUDED.Architecture, Description = EXCLUDED.Description ;
INSERT INTO Hosts(Hostname) VALUES ('PM-SSAHPMINI083.pa.pref') ON CONFLICT(Hostname) DO UPDATE SET Hostname = EXCLUDED.Hostname ;
INSERT INTO Networking(Hostname, IP, Gateway, Description, Index, DHCP) VALUES ('PM-SSAHPMINI083.pa.pref', '192.168.147.112', '192.168.147.1', 'Realtek RTL8852AE WiFi 6 802.11ax PCIe Adapter', '2', 'True') ON CONFLICT(Hostname) DO UPDATE SET Hostname = EXCLUDED.Hostname, IP = EXCLUDED.IP, Gateway = EXCLUDED.Gateway, Description = EXCLUDED.Description, Index = EXCLUDED.Index, DHCP = EXCLUDED.DHCP ;
INSERT INTO Hosts(Hostname) VALUES ('PM-SSAAUD001.pa.pref') ON CONFLICT(Hostname) DO UPDATE SET Hostname = EXCLUDED.Hostname ;
INSERT INTO CPU(Hostname, Name, Caption, NOC, NOLP)VALUES('PM-SSAAUD001.pa.pref', 'Intel(R) Core(TM) i3-2120 CPU @ 3.30GHz', 'Intel64 Family 6 Model 42 Stepping 7', '2', '4') ON CONFLICT(Hostname) DO UPDATE SET Hostname = EXCLUDED.Hostname, Name = EXCLUDED.Name, Caption = EXCLUDED.Caption, NOC = EXCLUDED.NOC, NOLP = EXCLUDED.NOLP ;
INSERT INTO Hosts(Hostname) VALUES ('PM-SSAAUD001.pa.pref') ON CONFLICT(Hostname) DO UPDATE SET Hostname = EXCLUDED.Hostname ;
INSERT INTO OS(Hostname, Caption, BuildNumber, Architecture, Description) VALUES('PM-SSAAUD001.pa.pref', 'Microsoft Windows 7 Professional ', '7601', '64-bit', 'Patrimônio 95591') ON CONFLICT(Hostname) DO UPDATE SET Hostname = EXCLUDED.Hostname, Caption = EXCLUDED.Caption, BuildNumber = EXCLUDED.BuildNumber, Architecture = EXCLUDED.Architecture, Description = EXCLUDED.Description ;
INSERT INTO Hosts(Hostname) VALUES ('PM-SSAAUD001.pa.pref') ON CONFLICT(Hostname) DO UPDATE SET Hostname = EXCLUDED.Hostname ;
INSERT INTO Networking(Hostname, IP, Gateway, Description, Index, DHCP) VALUES ('PM-SSAAUD001.pa.pref', '192.168.11.212', '192.168.11.1', 'Realtek PCIe GbE Family Controller', '11', 'True') ON CONFLICT(Hostname) DO UPDATE SET Hostname = EXCLUDED.Hostname, IP = EXCLUDED.IP, Gateway = EXCLUDED.Gateway, Description = EXCLUDED.Description, Index = EXCLUDED.Index, DHCP = EXCLUDED.DHCP ;
INSERT INTO Hosts(Hostname) VALUES ('PM-174573.pa.pref') ON CONFLICT(Hostname) DO UPDATE SET Hostname = EXCLUDED.Hostname ;
INSERT INTO CPU(Hostname, Name, Caption, NOC, NOLP)VALUES('PM-174573.pa.pref', 'Intel(R) Core(TM) i3-10100 CPU @ 3.60GHz', 'Intel64 Family 6 Model 165 Stepping 3', '4', '8') ON CONFLICT(Hostname) DO UPDATE SET Hostname = EXCLUDED.Hostname, Name = EXCLUDED.Name, Caption = EXCLUDED.Caption, NOC = EXCLUDED.NOC, NOLP = EXCLUDED.NOLP ;
INSERT INTO Hosts(Hostname) VALUES ('PM-174573.pa.pref') ON CONFLICT(Hostname) DO UPDATE SET Hostname = EXCLUDED.Hostname ;
INSERT INTO OS(Hostname, Caption, BuildNumber, Architecture, Description) VALUES('PM-174573.pa.pref', 'Microsoft Windows 10 Pro', '19045', '64 bits', 'P-174573 A-780767630') ON CONFLICT(Hostname) DO UPDATE SET Hostname = EXCLUDED.Hostname, Caption = EXCLUDED.Caption, BuildNumber = EXCLUDED.BuildNumber, Architecture = EXCLUDED.Architecture, Description = EXCLUDED.Description ;
INSERT INTO Hosts(Hostname) VALUES ('PM-174573.pa.pref') ON CONFLICT(Hostname) DO UPDATE SET Hostname = EXCLUDED.Hostname ;
INSERT INTO Networking(Hostname, IP, Gateway, Description, Index, DHCP) VALUES ('PM-174573.pa.pref', '192.168.11.203', '192.168.11.1', 'Realtek PCIe GbE Family Controller', '1', 'True') ON CONFLICT(Hostname) DO UPDATE SET Hostname = EXCLUDED.Hostname, IP = EXCLUDED.IP, Gateway = EXCLUDED.Gateway, Description = EXCLUDED.Description, Index = EXCLUDED.Index, DHCP = EXCLUDED.DHCP ;
INSERT INTO Hosts(Hostname) VALUES ('PM-SECPED034.pa.pref') ON CONFLICT(Hostname) DO UPDATE SET Hostname = EXCLUDED.Hostname ;
INSERT INTO CPU(Hostname, Name, Caption, NOC, NOLP)VALUES('PM-SECPED034.pa.pref', 'Intel(R) Core(TM) i3-3220 CPU @ 3.30GHz', 'Intel64 Family 6 Model 58 Stepping 9', '2', '4') ON CONFLICT(Hostname) DO UPDATE SET Hostname = EXCLUDED.Hostname, Name = EXCLUDED.Name, Caption = EXCLUDED.Caption, NOC = EXCLUDED.NOC, NOLP = EXCLUDED.NOLP ;
INSERT INTO Hosts(Hostname) VALUES ('PM-SECPED034.pa.pref') ON CONFLICT(Hostname) DO UPDATE SET Hostname = EXCLUDED.Hostname ;
INSERT INTO OS(Hostname, Caption, BuildNumber, Architecture, Description) VALUES('PM-SECPED034.pa.pref', 'Microsoft Windows 10 Pro', '19045', '64 bits', 'p183511') ON CONFLICT(Hostname) DO UPDATE SET Hostname = EXCLUDED.Hostname, Caption = EXCLUDED.Caption, BuildNumber = EXCLUDED.BuildNumber, Architecture = EXCLUDED.Architecture, Description = EXCLUDED.Description ;
INSERT INTO Hosts(Hostname) VALUES ('PM-SECPED034.pa.pref') ON CONFLICT(Hostname) DO UPDATE SET Hostname = EXCLUDED.Hostname ;
INSERT INTO Networking(Hostname, IP, Gateway, Description, Index, DHCP) VALUES ('PM-SECPED034.pa.pref', '192.168.9.195', '192.168.9.1', 'Realtek PCIe GbE Family Controller #2', '2', 'True') ON CONFLICT(Hostname) DO UPDATE SET Hostname = EXCLUDED.Hostname, IP = EXCLUDED.IP, Gateway = EXCLUDED.Gateway, Description = EXCLUDED.Description, Index = EXCLUDED.Index, DHCP = EXCLUDED.DHCP ;
INSERT INTO Hosts(Hostname) VALUES ('PM-SPSCRE008.pa.pref') ON CONFLICT(Hostname) DO UPDATE SET Hostname = EXCLUDED.Hostname ;
INSERT INTO CPU(Hostname, Name, Caption, NOC, NOLP)VALUES('PM-SPSCRE008.pa.pref', 'Intel(R) Core(TM)2 Duo CPU     E4500  @ 2.20GHz', 'x64 Family 6 Model 15 Stepping 13', '2', '2') ON CONFLICT(Hostname) DO UPDATE SET Hostname = EXCLUDED.Hostname, Name = EXCLUDED.Name, Caption = EXCLUDED.Caption, NOC = EXCLUDED.NOC, NOLP = EXCLUDED.NOLP ;
INSERT INTO Hosts(Hostname) VALUES ('PM-SPSCRE008.pa.pref') ON CONFLICT(Hostname) DO UPDATE SET Hostname = EXCLUDED.Hostname ;
INSERT INTO OS(Hostname, Caption, BuildNumber, Architecture, Description) VALUES('PM-SPSCRE008.pa.pref', 'Microsoft Windows 7 Professional ', '7600', '32-bit', 'Patrimonio 115085') ON CONFLICT(Hostname) DO UPDATE SET Hostname = EXCLUDED.Hostname, Caption = EXCLUDED.Caption, BuildNumber = EXCLUDED.BuildNumber, Architecture = EXCLUDED.Architecture, Description = EXCLUDED.Description ;
INSERT INTO Hosts(Hostname) VALUES ('PM-SPSCRE008.pa.pref') ON CONFLICT(Hostname) DO UPDATE SET Hostname = EXCLUDED.Hostname ;
INSERT INTO Networking(Hostname, IP, Gateway, Description, Index, DHCP) VALUES ('PM-SPSCRE008.pa.pref', '192.168.24.128', '192.168.24.1', 'Conexao de Rede Intel(R) 82566DM-2 Gigabit', '7', 'True') ON CONFLICT(Hostname) DO UPDATE SET Hostname = EXCLUDED.Hostname, IP = EXCLUDED.IP, Gateway = EXCLUDED.Gateway, Description = EXCLUDED.Description, Index = EXCLUDED.Index, DHCP = EXCLUDED.DHCP ;
INSERT INTO Hosts(Hostname) VALUES ('PM-SECAES006.pa.pref') ON CONFLICT(Hostname) DO UPDATE SET Hostname = EXCLUDED.Hostname ;
INSERT INTO CPU(Hostname, Name, Caption, NOC, NOLP)VALUES('PM-SECAES006.pa.pref', 'Intel(R) Core(TM) i3-10100 CPU @ 3.60GHz', 'Intel64 Family 6 Model 165 Stepping 3', '4', '8') ON CONFLICT(Hostname) DO UPDATE SET Hostname = EXCLUDED.Hostname, Name = EXCLUDED.Name, Caption = EXCLUDED.Caption, NOC = EXCLUDED.NOC, NOLP = EXCLUDED.NOLP ;
INSERT INTO Hosts(Hostname) VALUES ('PM-SECAES006.pa.pref') ON CONFLICT(Hostname) DO UPDATE SET Hostname = EXCLUDED.Hostname ;
INSERT INTO OS(Hostname, Caption, BuildNumber, Architecture, Description) VALUES('PM-SECAES006.pa.pref', 'Microsoft Windows 10 Pro', '19045', '64 bits', 'P-174570 A-184870987') ON CONFLICT(Hostname) DO UPDATE SET Hostname = EXCLUDED.Hostname, Caption = EXCLUDED.Caption, BuildNumber = EXCLUDED.BuildNumber, Architecture = EXCLUDED.Architecture, Description = EXCLUDED.Description ;
INSERT INTO Hosts(Hostname) VALUES ('PM-SECAES006.pa.pref') ON CONFLICT(Hostname) DO UPDATE SET Hostname = EXCLUDED.Hostname ;
INSERT INTO Networking(Hostname, IP, Gateway, Description, Index, DHCP) VALUES ('PM-SECAES006.pa.pref', '192.168.111.71', '192.168.111.1', 'Realtek PCIe GbE Family Controller', '1', 'True') ON CONFLICT(Hostname) DO UPDATE SET Hostname = EXCLUDED.Hostname, IP = EXCLUDED.IP, Gateway = EXCLUDED.Gateway, Description = EXCLUDED.Description, Index = EXCLUDED.Index, DHCP = EXCLUDED.DHCP ;
INSERT INTO Hosts(Hostname) VALUES ('PM-SECED33007.pa.pref') ON CONFLICT(Hostname) DO UPDATE SET Hostname = EXCLUDED.Hostname ;
INSERT INTO CPU(Hostname, Name, Caption, NOC, NOLP)VALUES('PM-SECED33007.pa.pref', 'Intel(R) Pentium(R) Gold G5420 CPU @ 3.80GHz', 'Intel64 Family 6 Model 158 Stepping 10', '2', '4') ON CONFLICT(Hostname) DO UPDATE SET Hostname = EXCLUDED.Hostname, Name = EXCLUDED.Name, Caption = EXCLUDED.Caption, NOC = EXCLUDED.NOC, NOLP = EXCLUDED.NOLP ;
INSERT INTO Hosts(Hostname) VALUES ('PM-SECED33007.pa.pref') ON CONFLICT(Hostname) DO UPDATE SET Hostname = EXCLUDED.Hostname ;
INSERT INTO OS(Hostname, Caption, BuildNumber, Architecture, Description) VALUES('PM-SECED33007.pa.pref', 'Microsoft Windows 10 Pro', '19045', '64 bits', 'Patrimonio 169147') ON CONFLICT(Hostname) DO UPDATE SET Hostname = EXCLUDED.Hostname, Caption = EXCLUDED.Caption, BuildNumber = EXCLUDED.BuildNumber, Architecture = EXCLUDED.Architecture, Description = EXCLUDED.Description ;
INSERT INTO Hosts(Hostname) VALUES ('PM-SECED33007.pa.pref') ON CONFLICT(Hostname) DO UPDATE SET Hostname = EXCLUDED.Hostname ;
INSERT INTO Networking(Hostname, IP, Gateway, Description, Index, DHCP) VALUES ('PM-SECED33007.pa.pref', '192.168.75.172', '192.168.75.1', 'Realtek PCIe GBE Family Controller', '1', 'True') ON CONFLICT(Hostname) DO UPDATE SET Hostname = EXCLUDED.Hostname, IP = EXCLUDED.IP, Gateway = EXCLUDED.Gateway, Description = EXCLUDED.Description, Index = EXCLUDED.Index, DHCP = EXCLUDED.DHCP ;
INSERT INTO Hosts(Hostname) VALUES ('PM-SUDADM001.pa.pref') ON CONFLICT(Hostname) DO UPDATE SET Hostname = EXCLUDED.Hostname ;
INSERT INTO CPU(Hostname, Name, Caption, NOC, NOLP)VALUES('PM-SUDADM001.pa.pref', 'Intel(R) Core(TM)2 Duo CPU     E7500  @ 2.93GHz', 'Intel64 Family 6 Model 23 Stepping 10', '2', '2') ON CONFLICT(Hostname) DO UPDATE SET Hostname = EXCLUDED.Hostname, Name = EXCLUDED.Name, Caption = EXCLUDED.Caption, NOC = EXCLUDED.NOC, NOLP = EXCLUDED.NOLP ;
INSERT INTO Hosts(Hostname) VALUES ('PM-SUDADM001.pa.pref') ON CONFLICT(Hostname) DO UPDATE SET Hostname = EXCLUDED.Hostname ;
INSERT INTO OS(Hostname, Caption, BuildNumber, Architecture, Description) VALUES('PM-SUDADM001.pa.pref', 'Microsoft Windows 7 Professional ', '7601', '64-bit', 'Patrimonio 96428') ON CONFLICT(Hostname) DO UPDATE SET Hostname = EXCLUDED.Hostname, Caption = EXCLUDED.Caption, BuildNumber = EXCLUDED.BuildNumber, Architecture = EXCLUDED.Architecture, Description = EXCLUDED.Description ;
INSERT INTO Hosts(Hostname) VALUES ('PM-SUDADM001.pa.pref') ON CONFLICT(Hostname) DO UPDATE SET Hostname = EXCLUDED.Hostname ;
INSERT INTO Networking(Hostname, IP, Gateway, Description, Index, DHCP) VALUES ('PM-SUDADM001.pa.pref', '192.168.28.250', '192.168.28.1', 'Intel(R) 82567V-4 Gigabit Network Connection', '11', 'False') ON CONFLICT(Hostname) DO UPDATE SET Hostname = EXCLUDED.Hostname, IP = EXCLUDED.IP, Gateway = EXCLUDED.Gateway, Description = EXCLUDED.Description, Index = EXCLUDED.Index, DHCP = EXCLUDED.DHCP ;
INSERT INTO Hosts(Hostname) VALUES ('PM-169083.pa.pref') ON CONFLICT(Hostname) DO UPDATE SET Hostname = EXCLUDED.Hostname ;
INSERT INTO CPU(Hostname, Name, Caption, NOC, NOLP)VALUES('PM-169083.pa.pref', 'Intel(R) Core(TM) i5-3470 CPU @ 3.20GHz', 'Intel64 Family 6 Model 58 Stepping 9', '4', '4') ON CONFLICT(Hostname) DO UPDATE SET Hostname = EXCLUDED.Hostname, Name = EXCLUDED.Name, Caption = EXCLUDED.Caption, NOC = EXCLUDED.NOC, NOLP = EXCLUDED.NOLP ;
INSERT INTO Hosts(Hostname) VALUES ('PM-169083.pa.pref') ON CONFLICT(Hostname) DO UPDATE SET Hostname = EXCLUDED.Hostname ;
INSERT INTO OS(Hostname, Caption, BuildNumber, Architecture, Description) VALUES('PM-169083.pa.pref', 'Microsoft Windows 7 Professional ', '7601', '64-bit', NULL) ON CONFLICT(Hostname) DO UPDATE SET Hostname = EXCLUDED.Hostname, Caption = EXCLUDED.Caption, BuildNumber = EXCLUDED.BuildNumber, Architecture = EXCLUDED.Architecture, Description = EXCLUDED.Description ;
INSERT INTO Hosts(Hostname) VALUES ('PM-169083.pa.pref') ON CONFLICT(Hostname) DO UPDATE SET Hostname = EXCLUDED.Hostname ;
INSERT INTO Networking(Hostname, IP, Gateway, Description, Index, DHCP) VALUES ('PM-169083.pa.pref', '192.168.11.239', '192.168.11.1', 'Intel(R) 82579LM Gigabit Network Connection', '7', 'True') ON CONFLICT(Hostname) DO UPDATE SET Hostname = EXCLUDED.Hostname, IP = EXCLUDED.IP, Gateway = EXCLUDED.Gateway, Description = EXCLUDED.Description, Index = EXCLUDED.Index, DHCP = EXCLUDED.DHCP ;
INSERT INTO Hosts(Hostname) VALUES ('PM-SPSCTU11.pa.pref') ON CONFLICT(Hostname) DO UPDATE SET Hostname = EXCLUDED.Hostname ;
INSERT INTO CPU(Hostname, Name, Caption, NOC, NOLP)VALUES('PM-SPSCTU11.pa.pref', 'Intel(R) Core(TM) i3-10100T CPU @ 3.00GHz', 'Intel64 Family 6 Model 165 Stepping 3', '4', '8') ON CONFLICT(Hostname) DO UPDATE SET Hostname = EXCLUDED.Hostname, Name = EXCLUDED.Name, Caption = EXCLUDED.Caption, NOC = EXCLUDED.NOC, NOLP = EXCLUDED.NOLP ;
INSERT INTO Hosts(Hostname) VALUES ('PM-SPSCTU11.pa.pref') ON CONFLICT(Hostname) DO UPDATE SET Hostname = EXCLUDED.Hostname ;
INSERT INTO OS(Hostname, Caption, BuildNumber, Architecture, Description) VALUES('PM-SPSCTU11.pa.pref', 'Microsoft Windows 10 Pro', '19045', '64 bits', NULL) ON CONFLICT(Hostname) DO UPDATE SET Hostname = EXCLUDED.Hostname, Caption = EXCLUDED.Caption, BuildNumber = EXCLUDED.BuildNumber, Architecture = EXCLUDED.Architecture, Description = EXCLUDED.Description ;
INSERT INTO Hosts(Hostname) VALUES ('PM-SPSCTU11.pa.pref') ON CONFLICT(Hostname) DO UPDATE SET Hostname = EXCLUDED.Hostname ;
INSERT INTO Networking(Hostname, IP, Gateway, Description, Index, DHCP) VALUES ('PM-SPSCTU11.pa.pref', '192.168.31.100', '192.168.31.1', 'Intel(R) Dual Band Wireless-AC 3168', '15', 'True') ON CONFLICT(Hostname) DO UPDATE SET Hostname = EXCLUDED.Hostname, IP = EXCLUDED.IP, Gateway = EXCLUDED.Gateway, Description = EXCLUDED.Description, Index = EXCLUDED.Index, DHCP = EXCLUDED.DHCP ;
INSERT INTO Hosts(Hostname) VALUES ('PM-SSAATD015.pa.pref') ON CONFLICT(Hostname) DO UPDATE SET Hostname = EXCLUDED.Hostname ;
INSERT INTO CPU(Hostname, Name, Caption, NOC, NOLP)VALUES('PM-SSAATD015.pa.pref', 'Intel(R) Core(TM) i3-2120 CPU @ 3.30GHz', 'Intel64 Family 6 Model 42 Stepping 7', '2', '4') ON CONFLICT(Hostname) DO UPDATE SET Hostname = EXCLUDED.Hostname, Name = EXCLUDED.Name, Caption = EXCLUDED.Caption, NOC = EXCLUDED.NOC, NOLP = EXCLUDED.NOLP ;
INSERT INTO Hosts(Hostname) VALUES ('PM-SSAATD015.pa.pref') ON CONFLICT(Hostname) DO UPDATE SET Hostname = EXCLUDED.Hostname ;
INSERT INTO OS(Hostname, Caption, BuildNumber, Architecture, Description) VALUES('PM-SSAATD015.pa.pref', 'Microsoft Windows 10 Pro', '19045', '64 bits', 'P-98014 A-981289467') ON CONFLICT(Hostname) DO UPDATE SET Hostname = EXCLUDED.Hostname, Caption = EXCLUDED.Caption, BuildNumber = EXCLUDED.BuildNumber, Architecture = EXCLUDED.Architecture, Description = EXCLUDED.Description ;
INSERT INTO Hosts(Hostname) VALUES ('PM-SSAATD015.pa.pref') ON CONFLICT(Hostname) DO UPDATE SET Hostname = EXCLUDED.Hostname ;
INSERT INTO Networking(Hostname, IP, Gateway, Description, Index, DHCP) VALUES ('PM-SSAATD015.pa.pref', '192.168.11.250', '192.168.11.1', 'Realtek PCIe GbE Family Controller', '1', 'True') ON CONFLICT(Hostname) DO UPDATE SET Hostname = EXCLUDED.Hostname, IP = EXCLUDED.IP, Gateway = EXCLUDED.Gateway, Description = EXCLUDED.Description, Index = EXCLUDED.Index, DHCP = EXCLUDED.DHCP ;
INSERT INTO Hosts(Hostname) VALUES ('PM-PCPC.pa.pref') ON CONFLICT(Hostname) DO UPDATE SET Hostname = EXCLUDED.Hostname ;
INSERT INTO CPU(Hostname, Name, Caption, NOC, NOLP)VALUES('PM-PCPC.pa.pref', 'Intel(R) Core(TM) i7-7700 CPU @ 3.60GHz', 'Intel64 Family 6 Model 158 Stepping 9', '4', '8') ON CONFLICT(Hostname) DO UPDATE SET Hostname = EXCLUDED.Hostname, Name = EXCLUDED.Name, Caption = EXCLUDED.Caption, NOC = EXCLUDED.NOC, NOLP = EXCLUDED.NOLP ;
INSERT INTO Hosts(Hostname) VALUES ('PM-PCPC.pa.pref') ON CONFLICT(Hostname) DO UPDATE SET Hostname = EXCLUDED.Hostname ;
INSERT INTO OS(Hostname, Caption, BuildNumber, Architecture, Description) VALUES('PM-PCPC.pa.pref', 'Microsoft Windows 10 Pro', '19045', '64 bits', 'Patrimonio 132459') ON CONFLICT(Hostname) DO UPDATE SET Hostname = EXCLUDED.Hostname, Caption = EXCLUDED.Caption, BuildNumber = EXCLUDED.BuildNumber, Architecture = EXCLUDED.Architecture, Description = EXCLUDED.Description ;
INSERT INTO Hosts(Hostname) VALUES ('PM-PCPC.pa.pref') ON CONFLICT(Hostname) DO UPDATE SET Hostname = EXCLUDED.Hostname ;
INSERT INTO Networking(Hostname, IP, Gateway, Description, Index, DHCP) VALUES ('PM-PCPC.pa.pref', '192.168.8.206', '192.168.8.1', 'Realtek PCIe GbE Family Controller', '1', 'True') ON CONFLICT(Hostname) DO UPDATE SET Hostname = EXCLUDED.Hostname, IP = EXCLUDED.IP, Gateway = EXCLUDED.Gateway, Description = EXCLUDED.Description, Index = EXCLUDED.Index, DHCP = EXCLUDED.DHCP ;
INSERT INTO Hosts(Hostname) VALUES ('PM-SSAUS27012.pa.pref') ON CONFLICT(Hostname) DO UPDATE SET Hostname = EXCLUDED.Hostname ;
INSERT INTO CPU(Hostname, Name, Caption, NOC, NOLP)VALUES('PM-SSAUS27012.pa.pref', 'Intel(R) Core(TM) i3-7100 CPU @ 3.90GHz', 'Intel64 Family 6 Model 158 Stepping 9', '2', '4') ON CONFLICT(Hostname) DO UPDATE SET Hostname = EXCLUDED.Hostname, Name = EXCLUDED.Name, Caption = EXCLUDED.Caption, NOC = EXCLUDED.NOC, NOLP = EXCLUDED.NOLP ;
INSERT INTO Hosts(Hostname) VALUES ('PM-SSAUS27012.pa.pref') ON CONFLICT(Hostname) DO UPDATE SET Hostname = EXCLUDED.Hostname ;
INSERT INTO OS(Hostname, Caption, BuildNumber, Architecture, Description) VALUES('PM-SSAUS27012.pa.pref', 'Microsoft Windows 10 Pro', '19045', '64 bits', NULL) ON CONFLICT(Hostname) DO UPDATE SET Hostname = EXCLUDED.Hostname, Caption = EXCLUDED.Caption, BuildNumber = EXCLUDED.BuildNumber, Architecture = EXCLUDED.Architecture, Description = EXCLUDED.Description ;
INSERT INTO Hosts(Hostname) VALUES ('PM-SSAUS27012.pa.pref') ON CONFLICT(Hostname) DO UPDATE SET Hostname = EXCLUDED.Hostname ;
INSERT INTO Networking(Hostname, IP, Gateway, Description, Index, DHCP) VALUES ('PM-SSAUS27012.pa.pref', '192.168.222.193', '192.168.222.1', 'Realtek PCIe GBE Family Controller', '1', 'True') ON CONFLICT(Hostname) DO UPDATE SET Hostname = EXCLUDED.Hostname, IP = EXCLUDED.IP, Gateway = EXCLUDED.Gateway, Description = EXCLUDED.Description, Index = EXCLUDED.Index, DHCP = EXCLUDED.DHCP ;
INSERT INTO Hosts(Hostname) VALUES ('PM-SECED36003.pa.pref') ON CONFLICT(Hostname) DO UPDATE SET Hostname = EXCLUDED.Hostname ;
INSERT INTO CPU(Hostname, Name, Caption, NOC, NOLP)VALUES('PM-SECED36003.pa.pref', 'Intel(R) Core(TM) i5 CPU         650  @ 3.20GHz', 'Intel64 Family 6 Model 37 Stepping 5', '2', '4') ON CONFLICT(Hostname) DO UPDATE SET Hostname = EXCLUDED.Hostname, Name = EXCLUDED.Name, Caption = EXCLUDED.Caption, NOC = EXCLUDED.NOC, NOLP = EXCLUDED.NOLP ;
INSERT INTO Hosts(Hostname) VALUES ('PM-SECED36003.pa.pref') ON CONFLICT(Hostname) DO UPDATE SET Hostname = EXCLUDED.Hostname ;
INSERT INTO OS(Hostname, Caption, BuildNumber, Architecture, Description) VALUES('PM-SECED36003.pa.pref', 'Microsoft Windows 10 Pro', '19045', '64 bits', 'PM-SECED36003') ON CONFLICT(Hostname) DO UPDATE SET Hostname = EXCLUDED.Hostname, Caption = EXCLUDED.Caption, BuildNumber = EXCLUDED.BuildNumber, Architecture = EXCLUDED.Architecture, Description = EXCLUDED.Description ;
INSERT INTO Hosts(Hostname) VALUES ('PM-SECED36003.pa.pref') ON CONFLICT(Hostname) DO UPDATE SET Hostname = EXCLUDED.Hostname ;
INSERT INTO Networking(Hostname, IP, Gateway, Description, Index, DHCP) VALUES ('PM-SECED36003.pa.pref', '192.168.155.241', '192.168.155.1', 'Intel(R) 82578DC Gigabit Network Connection', '1', 'True') ON CONFLICT(Hostname) DO UPDATE SET Hostname = EXCLUDED.Hostname, IP = EXCLUDED.IP, Gateway = EXCLUDED.Gateway, Description = EXCLUDED.Description, Index = EXCLUDED.Index, DHCP = EXCLUDED.DHCP ;
INSERT INTO Hosts(Hostname) VALUES ('PM-118105.pa.pref') ON CONFLICT(Hostname) DO UPDATE SET Hostname = EXCLUDED.Hostname ;
INSERT INTO CPU(Hostname, Name, Caption, NOC, NOLP)VALUES('PM-118105.pa.pref', 'AMD Phenom(tm) II X4 850 Processor', 'AMD64 Family 16 Model 5 Stepping 3', '4', '4') ON CONFLICT(Hostname) DO UPDATE SET Hostname = EXCLUDED.Hostname, Name = EXCLUDED.Name, Caption = EXCLUDED.Caption, NOC = EXCLUDED.NOC, NOLP = EXCLUDED.NOLP ;
INSERT INTO Hosts(Hostname) VALUES ('PM-118105.pa.pref') ON CONFLICT(Hostname) DO UPDATE SET Hostname = EXCLUDED.Hostname ;
INSERT INTO OS(Hostname, Caption, BuildNumber, Architecture, Description) VALUES('PM-118105.pa.pref', 'Microsoft Windows 10 Pro', '19045', '64 bits', NULL) ON CONFLICT(Hostname) DO UPDATE SET Hostname = EXCLUDED.Hostname, Caption = EXCLUDED.Caption, BuildNumber = EXCLUDED.BuildNumber, Architecture = EXCLUDED.Architecture, Description = EXCLUDED.Description ;
INSERT INTO Hosts(Hostname) VALUES ('PM-118105.pa.pref') ON CONFLICT(Hostname) DO UPDATE SET Hostname = EXCLUDED.Hostname ;
INSERT INTO Networking(Hostname, IP, Gateway, Description, Index, DHCP) VALUES ('PM-118105.pa.pref', '192.168.32.60', '192.168.32.1', 'NVIDIA nForce Networking Controller', '1', 'True') ON CONFLICT(Hostname) DO UPDATE SET Hostname = EXCLUDED.Hostname, IP = EXCLUDED.IP, Gateway = EXCLUDED.Gateway, Description = EXCLUDED.Description, Index = EXCLUDED.Index, DHCP = EXCLUDED.DHCP ;
INSERT INTO Hosts(Hostname) VALUES ('PM-SSAUS37004.pa.pref') ON CONFLICT(Hostname) DO UPDATE SET Hostname = EXCLUDED.Hostname ;
INSERT INTO CPU(Hostname, Name, Caption, NOC, NOLP)VALUES('PM-SSAUS37004.pa.pref', 'Intel(R) Core(TM) i5-3470 CPU @ 3.20GHz', 'Intel64 Family 6 Model 58 Stepping 9', '4', '4') ON CONFLICT(Hostname) DO UPDATE SET Hostname = EXCLUDED.Hostname, Name = EXCLUDED.Name, Caption = EXCLUDED.Caption, NOC = EXCLUDED.NOC, NOLP = EXCLUDED.NOLP ;
INSERT INTO Hosts(Hostname) VALUES ('PM-SSAUS37004.pa.pref') ON CONFLICT(Hostname) DO UPDATE SET Hostname = EXCLUDED.Hostname ;
INSERT INTO OS(Hostname, Caption, BuildNumber, Architecture, Description) VALUES('PM-SSAUS37004.pa.pref', 'Microsoft Windows 7 Professional ', '7601', '64-bit', 'Patrimonio 99878') ON CONFLICT(Hostname) DO UPDATE SET Hostname = EXCLUDED.Hostname, Caption = EXCLUDED.Caption, BuildNumber = EXCLUDED.BuildNumber, Architecture = EXCLUDED.Architecture, Description = EXCLUDED.Description ;
INSERT INTO Hosts(Hostname) VALUES ('PM-SSAUS37004.pa.pref') ON CONFLICT(Hostname) DO UPDATE SET Hostname = EXCLUDED.Hostname ;
INSERT INTO Networking(Hostname, IP, Gateway, Description, Index, DHCP) VALUES ('PM-SSAUS37004.pa.pref', '192.168.152.161', '192.168.152.1', 'Intel(R) 82579LM Gigabit Network Connection', '7', 'True') ON CONFLICT(Hostname) DO UPDATE SET Hostname = EXCLUDED.Hostname, IP = EXCLUDED.IP, Gateway = EXCLUDED.Gateway, Description = EXCLUDED.Description, Index = EXCLUDED.Index, DHCP = EXCLUDED.DHCP ;
INSERT INTO Hosts(Hostname) VALUES ('PM-99127.pa.pref') ON CONFLICT(Hostname) DO UPDATE SET Hostname = EXCLUDED.Hostname ;
INSERT INTO CPU(Hostname, Name, Caption, NOC, NOLP)VALUES('PM-99127.pa.pref', 'Intel(R) Core(TM)2 Duo CPU     E7500  @ 2.93GHz', 'Intel64 Family 6 Model 23 Stepping 10', '2', '2') ON CONFLICT(Hostname) DO UPDATE SET Hostname = EXCLUDED.Hostname, Name = EXCLUDED.Name, Caption = EXCLUDED.Caption, NOC = EXCLUDED.NOC, NOLP = EXCLUDED.NOLP ;
INSERT INTO Hosts(Hostname) VALUES ('PM-99127.pa.pref') ON CONFLICT(Hostname) DO UPDATE SET Hostname = EXCLUDED.Hostname ;
INSERT INTO OS(Hostname, Caption, BuildNumber, Architecture, Description) VALUES('PM-99127.pa.pref', 'Microsoft Windows 10 Pro', '19045', '64 bits', 'CRAS SAO JOAO PM-99127') ON CONFLICT(Hostname) DO UPDATE SET Hostname = EXCLUDED.Hostname, Caption = EXCLUDED.Caption, BuildNumber = EXCLUDED.BuildNumber, Architecture = EXCLUDED.Architecture, Description = EXCLUDED.Description ;
INSERT INTO Hosts(Hostname) VALUES ('PM-99127.pa.pref') ON CONFLICT(Hostname) DO UPDATE SET Hostname = EXCLUDED.Hostname ;
INSERT INTO Networking(Hostname, IP, Gateway, Description, Index, DHCP) VALUES ('PM-99127.pa.pref', '192.168.113.79', '192.168.113.1', 'Realtek PCI GbE Family Controller', '1', 'True') ON CONFLICT(Hostname) DO UPDATE SET Hostname = EXCLUDED.Hostname, IP = EXCLUDED.IP, Gateway = EXCLUDED.Gateway, Description = EXCLUDED.Description, Index = EXCLUDED.Index, DHCP = EXCLUDED.DHCP ;
INSERT INTO Hosts(Hostname) VALUES ('PM-SSAUS10016.pa.pref') ON CONFLICT(Hostname) DO UPDATE SET Hostname = EXCLUDED.Hostname ;
INSERT INTO CPU(Hostname, Name, Caption, NOC, NOLP)VALUES('PM-SSAUS10016.pa.pref', 'Intel(R) Core(TM) i3-9100 CPU @ 3.60GHz', 'Intel64 Family 6 Model 158 Stepping 11', '4', '4') ON CONFLICT(Hostname) DO UPDATE SET Hostname = EXCLUDED.Hostname, Name = EXCLUDED.Name, Caption = EXCLUDED.Caption, NOC = EXCLUDED.NOC, NOLP = EXCLUDED.NOLP ;
INSERT INTO Hosts(Hostname) VALUES ('PM-SSAUS10016.pa.pref') ON CONFLICT(Hostname) DO UPDATE SET Hostname = EXCLUDED.Hostname ;
INSERT INTO OS(Hostname, Caption, BuildNumber, Architecture, Description) VALUES('PM-SSAUS10016.pa.pref', 'Microsoft Windows 10 Pro', '19045', '64 bits', 'Patrimônio 150590') ON CONFLICT(Hostname) DO UPDATE SET Hostname = EXCLUDED.Hostname, Caption = EXCLUDED.Caption, BuildNumber = EXCLUDED.BuildNumber, Architecture = EXCLUDED.Architecture, Description = EXCLUDED.Description ;
INSERT INTO Hosts(Hostname) VALUES ('PM-SSAUS10016.pa.pref') ON CONFLICT(Hostname) DO UPDATE SET Hostname = EXCLUDED.Hostname ;
INSERT INTO Networking(Hostname, IP, Gateway, Description, Index, DHCP) VALUES ('PM-SSAUS10016.pa.pref', '192.168.102.105', '192.168.102.1', 'TP-Link Wireless N PCI Express Adapter', '16', 'True') ON CONFLICT(Hostname) DO UPDATE SET Hostname = EXCLUDED.Hostname, IP = EXCLUDED.IP, Gateway = EXCLUDED.Gateway, Description = EXCLUDED.Description, Index = EXCLUDED.Index, DHCP = EXCLUDED.DHCP ;
INSERT INTO Hosts(Hostname) VALUES ('PM-SSAHPMINI071.pa.pref') ON CONFLICT(Hostname) DO UPDATE SET Hostname = EXCLUDED.Hostname ;
INSERT INTO CPU(Hostname, Name, Caption, NOC, NOLP)VALUES('PM-SSAHPMINI071.pa.pref', 'AMD Ryzen 3 PRO 4350GE with Radeon Graphics', 'AMD64 Family 23 Model 96 Stepping 1', '4', '8') ON CONFLICT(Hostname) DO UPDATE SET Hostname = EXCLUDED.Hostname, Name = EXCLUDED.Name, Caption = EXCLUDED.Caption, NOC = EXCLUDED.NOC, NOLP = EXCLUDED.NOLP ;
INSERT INTO Hosts(Hostname) VALUES ('PM-SSAHPMINI071.pa.pref') ON CONFLICT(Hostname) DO UPDATE SET Hostname = EXCLUDED.Hostname ;
INSERT INTO OS(Hostname, Caption, BuildNumber, Architecture, Description) VALUES('PM-SSAHPMINI071.pa.pref', 'Microsoft Windows 10 Pro', '19045', '64 bits', 'P-169039 A-798497293') ON CONFLICT(Hostname) DO UPDATE SET Hostname = EXCLUDED.Hostname, Caption = EXCLUDED.Caption, BuildNumber = EXCLUDED.BuildNumber, Architecture = EXCLUDED.Architecture, Description = EXCLUDED.Description ;
INSERT INTO Hosts(Hostname) VALUES ('PM-SSAHPMINI071.pa.pref') ON CONFLICT(Hostname) DO UPDATE SET Hostname = EXCLUDED.Hostname ;
INSERT INTO Networking(Hostname, IP, Gateway, Description, Index, DHCP) VALUES ('PM-SSAHPMINI071.pa.pref', '192.168.213.61', '192.168.213.1', 'Realtek RTL8852AE WiFi 6 802.11ax PCIe Adapter', '2', 'True') ON CONFLICT(Hostname) DO UPDATE SET Hostname = EXCLUDED.Hostname, IP = EXCLUDED.IP, Gateway = EXCLUDED.Gateway, Description = EXCLUDED.Description, Index = EXCLUDED.Index, DHCP = EXCLUDED.DHCP ;
INSERT INTO Hosts(Hostname) VALUES ('PM-SSAADM118.pa.pref') ON CONFLICT(Hostname) DO UPDATE SET Hostname = EXCLUDED.Hostname ;
INSERT INTO CPU(Hostname, Name, Caption, NOC, NOLP)VALUES('PM-SSAADM118.pa.pref', 'AMD A10-9700 RADEON R7, 10 COMPUTE CORES 4C+6G ', 'AMD64 Family 21 Model 101 Stepping 1', '4', '4') ON CONFLICT(Hostname) DO UPDATE SET Hostname = EXCLUDED.Hostname, Name = EXCLUDED.Name, Caption = EXCLUDED.Caption, NOC = EXCLUDED.NOC, NOLP = EXCLUDED.NOLP ;
INSERT INTO Hosts(Hostname) VALUES ('PM-SSAADM118.pa.pref') ON CONFLICT(Hostname) DO UPDATE SET Hostname = EXCLUDED.Hostname ;
INSERT INTO OS(Hostname, Caption, BuildNumber, Architecture, Description) VALUES('PM-SSAADM118.pa.pref', 'Microsoft Windows 10 Pro', '19045', '64 bits', 'patrimonio 144757') ON CONFLICT(Hostname) DO UPDATE SET Hostname = EXCLUDED.Hostname, Caption = EXCLUDED.Caption, BuildNumber = EXCLUDED.BuildNumber, Architecture = EXCLUDED.Architecture, Description = EXCLUDED.Description ;
INSERT INTO Hosts(Hostname) VALUES ('PM-SSAADM118.pa.pref') ON CONFLICT(Hostname) DO UPDATE SET Hostname = EXCLUDED.Hostname ;
INSERT INTO Networking(Hostname, IP, Gateway, Description, Index, DHCP) VALUES ('PM-SSAADM118.pa.pref', '192.168.41.108', '192.168.41.1', 'Realtek PCIe GBE Family Controller', '2', 'True') ON CONFLICT(Hostname) DO UPDATE SET Hostname = EXCLUDED.Hostname, IP = EXCLUDED.IP, Gateway = EXCLUDED.Gateway, Description = EXCLUDED.Description, Index = EXCLUDED.Index, DHCP = EXCLUDED.DHCP ;
INSERT INTO Hosts(Hostname) VALUES ('PM-SECED07005.pa.pref') ON CONFLICT(Hostname) DO UPDATE SET Hostname = EXCLUDED.Hostname ;
INSERT INTO CPU(Hostname, Name, Caption, NOC, NOLP)VALUES('PM-SECED07005.pa.pref', 'Intel(R) Core(TM) i3-10100 CPU @ 3.60GHz', 'Intel64 Family 6 Model 165 Stepping 3', '4', '8') ON CONFLICT(Hostname) DO UPDATE SET Hostname = EXCLUDED.Hostname, Name = EXCLUDED.Name, Caption = EXCLUDED.Caption, NOC = EXCLUDED.NOC, NOLP = EXCLUDED.NOLP ;
INSERT INTO Hosts(Hostname) VALUES ('PM-SECED07005.pa.pref') ON CONFLICT(Hostname) DO UPDATE SET Hostname = EXCLUDED.Hostname ;
INSERT INTO OS(Hostname, Caption, BuildNumber, Architecture, Description) VALUES('PM-SECED07005.pa.pref', 'Microsoft Windows 10 Pro', '19045', '64 bits', 'P-174765 A-277480758') ON CONFLICT(Hostname) DO UPDATE SET Hostname = EXCLUDED.Hostname, Caption = EXCLUDED.Caption, BuildNumber = EXCLUDED.BuildNumber, Architecture = EXCLUDED.Architecture, Description = EXCLUDED.Description ;
INSERT INTO Hosts(Hostname) VALUES ('PM-SECED07005.pa.pref') ON CONFLICT(Hostname) DO UPDATE SET Hostname = EXCLUDED.Hostname ;
INSERT INTO Networking(Hostname, IP, Gateway, Description, Index, DHCP) VALUES ('PM-SECED07005.pa.pref', '192.168.90.69', '192.168.90.1', 'Realtek PCIe GbE Family Controller', '1', 'True') ON CONFLICT(Hostname) DO UPDATE SET Hostname = EXCLUDED.Hostname, IP = EXCLUDED.IP, Gateway = EXCLUDED.Gateway, Description = EXCLUDED.Description, Index = EXCLUDED.Index, DHCP = EXCLUDED.DHCP ;
INSERT INTO Hosts(Hostname) VALUES ('PM-SSAUS09007.pa.pref') ON CONFLICT(Hostname) DO UPDATE SET Hostname = EXCLUDED.Hostname ;
INSERT INTO CPU(Hostname, Name, Caption, NOC, NOLP)VALUES('PM-SSAUS09007.pa.pref', 'Intel(R) Core(TM) i3-7100 CPU @ 3.90GHz', 'Intel64 Family 6 Model 158 Stepping 9', '2', '4') ON CONFLICT(Hostname) DO UPDATE SET Hostname = EXCLUDED.Hostname, Name = EXCLUDED.Name, Caption = EXCLUDED.Caption, NOC = EXCLUDED.NOC, NOLP = EXCLUDED.NOLP ;
INSERT INTO Hosts(Hostname) VALUES ('PM-SSAUS09007.pa.pref') ON CONFLICT(Hostname) DO UPDATE SET Hostname = EXCLUDED.Hostname ;
INSERT INTO OS(Hostname, Caption, BuildNumber, Architecture, Description) VALUES('PM-SSAUS09007.pa.pref', 'Microsoft Windows 10 Pro', '19045', '64 bits', 'Patrimonio 128175') ON CONFLICT(Hostname) DO UPDATE SET Hostname = EXCLUDED.Hostname, Caption = EXCLUDED.Caption, BuildNumber = EXCLUDED.BuildNumber, Architecture = EXCLUDED.Architecture, Description = EXCLUDED.Description ;
INSERT INTO Hosts(Hostname) VALUES ('PM-SSAUS09007.pa.pref') ON CONFLICT(Hostname) DO UPDATE SET Hostname = EXCLUDED.Hostname ;
INSERT INTO Networking(Hostname, IP, Gateway, Description, Index, DHCP) VALUES ('PM-SSAUS09007.pa.pref', '192.168.213.96', '192.168.213.1', 'Realtek PCIe GBE Family Controller', '1', 'True') ON CONFLICT(Hostname) DO UPDATE SET Hostname = EXCLUDED.Hostname, IP = EXCLUDED.IP, Gateway = EXCLUDED.Gateway, Description = EXCLUDED.Description, Index = EXCLUDED.Index, DHCP = EXCLUDED.DHCP ;
INSERT INTO Hosts(Hostname) VALUES ('PM-SSAUS37009.pa.pref') ON CONFLICT(Hostname) DO UPDATE SET Hostname = EXCLUDED.Hostname ;
INSERT INTO CPU(Hostname, Name, Caption, NOC, NOLP)VALUES('PM-SSAUS37009.pa.pref', 'AMD PRO A8-8650B R7, 10 Compute Cores 4C+6G    ', 'AMD64 Family 21 Model 56 Stepping 1', '2', '4') ON CONFLICT(Hostname) DO UPDATE SET Hostname = EXCLUDED.Hostname, Name = EXCLUDED.Name, Caption = EXCLUDED.Caption, NOC = EXCLUDED.NOC, NOLP = EXCLUDED.NOLP ;
INSERT INTO Hosts(Hostname) VALUES ('PM-SSAUS37009.pa.pref') ON CONFLICT(Hostname) DO UPDATE SET Hostname = EXCLUDED.Hostname ;
INSERT INTO OS(Hostname, Caption, BuildNumber, Architecture, Description) VALUES('PM-SSAUS37009.pa.pref', 'Microsoft Windows 10 Pro', '19045', '64 bits', 'Patrimonio 133348') ON CONFLICT(Hostname) DO UPDATE SET Hostname = EXCLUDED.Hostname, Caption = EXCLUDED.Caption, BuildNumber = EXCLUDED.BuildNumber, Architecture = EXCLUDED.Architecture, Description = EXCLUDED.Description ;
INSERT INTO Hosts(Hostname) VALUES ('PM-SSAUS37009.pa.pref') ON CONFLICT(Hostname) DO UPDATE SET Hostname = EXCLUDED.Hostname ;
INSERT INTO Networking(Hostname, IP, Gateway, Description, Index, DHCP) VALUES ('PM-SSAUS37009.pa.pref', '192.168.152.58', '192.168.152.1', 'Realtek PCIe GBE Family Controller', '1', 'True') ON CONFLICT(Hostname) DO UPDATE SET Hostname = EXCLUDED.Hostname, IP = EXCLUDED.IP, Gateway = EXCLUDED.Gateway, Description = EXCLUDED.Description, Index = EXCLUDED.Index, DHCP = EXCLUDED.DHCP ;
INSERT INTO Hosts(Hostname) VALUES ('PM-SPMFOB008.pa.pref') ON CONFLICT(Hostname) DO UPDATE SET Hostname = EXCLUDED.Hostname ;
INSERT INTO CPU(Hostname, Name, Caption, NOC, NOLP)VALUES('PM-SPMFOB008.pa.pref', 'Intel(R) Core(TM)2 Duo CPU     E7500  @ 2.93GHz', 'x64 Family 6 Model 23 Stepping 10', '2', '2') ON CONFLICT(Hostname) DO UPDATE SET Hostname = EXCLUDED.Hostname, Name = EXCLUDED.Name, Caption = EXCLUDED.Caption, NOC = EXCLUDED.NOC, NOLP = EXCLUDED.NOLP ;
INSERT INTO Hosts(Hostname) VALUES ('PM-SPMFOB008.pa.pref') ON CONFLICT(Hostname) DO UPDATE SET Hostname = EXCLUDED.Hostname ;
INSERT INTO OS(Hostname, Caption, BuildNumber, Architecture, Description) VALUES('PM-SPMFOB008.pa.pref', 'Microsoft Windows 7 Professional ', '7601', '32-bit', '101552') ON CONFLICT(Hostname) DO UPDATE SET Hostname = EXCLUDED.Hostname, Caption = EXCLUDED.Caption, BuildNumber = EXCLUDED.BuildNumber, Architecture = EXCLUDED.Architecture, Description = EXCLUDED.Description ;
INSERT INTO Hosts(Hostname) VALUES ('PM-SPMFOB008.pa.pref') ON CONFLICT(Hostname) DO UPDATE SET Hostname = EXCLUDED.Hostname ;
INSERT INTO Networking(Hostname, IP, Gateway, Description, Index, DHCP) VALUES ('PM-SPMFOB008.pa.pref', '192.168.223.122', '192.168.223.1', 'Intel(R) 82567V-4 Gigabit Network Connection', '7', 'True') ON CONFLICT(Hostname) DO UPDATE SET Hostname = EXCLUDED.Hostname, IP = EXCLUDED.IP, Gateway = EXCLUDED.Gateway, Description = EXCLUDED.Description, Index = EXCLUDED.Index, DHCP = EXCLUDED.DHCP ;
INSERT INTO Hosts(Hostname) VALUES ('PM-SSAUS27009.pa.pref') ON CONFLICT(Hostname) DO UPDATE SET Hostname = EXCLUDED.Hostname ;
INSERT INTO CPU(Hostname, Name, Caption, NOC, NOLP)VALUES('PM-SSAUS27009.pa.pref', 'Intel(R) Core(TM) i5-3470 CPU @ 3.20GHz', 'Intel64 Family 6 Model 58 Stepping 9', '4', '4') ON CONFLICT(Hostname) DO UPDATE SET Hostname = EXCLUDED.Hostname, Name = EXCLUDED.Name, Caption = EXCLUDED.Caption, NOC = EXCLUDED.NOC, NOLP = EXCLUDED.NOLP ;
INSERT INTO Hosts(Hostname) VALUES ('PM-SSAUS27009.pa.pref') ON CONFLICT(Hostname) DO UPDATE SET Hostname = EXCLUDED.Hostname ;
INSERT INTO OS(Hostname, Caption, BuildNumber, Architecture, Description) VALUES('PM-SSAUS27009.pa.pref', 'Microsoft Windows 10 Pro', '19044', '64 bits', '99991') ON CONFLICT(Hostname) DO UPDATE SET Hostname = EXCLUDED.Hostname, Caption = EXCLUDED.Caption, BuildNumber = EXCLUDED.BuildNumber, Architecture = EXCLUDED.Architecture, Description = EXCLUDED.Description ;
INSERT INTO Hosts(Hostname) VALUES ('PM-SSAUS27009.pa.pref') ON CONFLICT(Hostname) DO UPDATE SET Hostname = EXCLUDED.Hostname ;
INSERT INTO Networking(Hostname, IP, Gateway, Description, Index, DHCP) VALUES ('PM-SSAUS27009.pa.pref', '192.168.222.93', '192.168.222.1', 'Intel(R) 82579LM Gigabit Network Connection', '8', 'True') ON CONFLICT(Hostname) DO UPDATE SET Hostname = EXCLUDED.Hostname, IP = EXCLUDED.IP, Gateway = EXCLUDED.Gateway, Description = EXCLUDED.Description, Index = EXCLUDED.Index, DHCP = EXCLUDED.DHCP ;
INSERT INTO Hosts(Hostname) VALUES ('PM-SECED34039.pa.pref') ON CONFLICT(Hostname) DO UPDATE SET Hostname = EXCLUDED.Hostname ;
INSERT INTO CPU(Hostname, Name, Caption, NOC, NOLP)VALUES('PM-SECED34039.pa.pref', 'Intel(R) Core(TM) i3-10100 CPU @ 3.60GHz', 'Intel64 Family 6 Model 165 Stepping 3', '4', '8') ON CONFLICT(Hostname) DO UPDATE SET Hostname = EXCLUDED.Hostname, Name = EXCLUDED.Name, Caption = EXCLUDED.Caption, NOC = EXCLUDED.NOC, NOLP = EXCLUDED.NOLP ;
INSERT INTO Hosts(Hostname) VALUES ('PM-SECED34039.pa.pref') ON CONFLICT(Hostname) DO UPDATE SET Hostname = EXCLUDED.Hostname ;
INSERT INTO OS(Hostname, Caption, BuildNumber, Architecture, Description) VALUES('PM-SECED34039.pa.pref', 'Microsoft Windows 10 Pro', '19045', '64 bits', 'P-174768 A-403609063') ON CONFLICT(Hostname) DO UPDATE SET Hostname = EXCLUDED.Hostname, Caption = EXCLUDED.Caption, BuildNumber = EXCLUDED.BuildNumber, Architecture = EXCLUDED.Architecture, Description = EXCLUDED.Description ;
INSERT INTO Hosts(Hostname) VALUES ('PM-SECED34039.pa.pref') ON CONFLICT(Hostname) DO UPDATE SET Hostname = EXCLUDED.Hostname ;
INSERT INTO Networking(Hostname, IP, Gateway, Description, Index, DHCP) VALUES ('PM-SECED34039.pa.pref', '192.168.116.49', '192.168.116.1', 'Realtek PCIe GbE Family Controller', '1', 'True') ON CONFLICT(Hostname) DO UPDATE SET Hostname = EXCLUDED.Hostname, IP = EXCLUDED.IP, Gateway = EXCLUDED.Gateway, Description = EXCLUDED.Description, Index = EXCLUDED.Index, DHCP = EXCLUDED.DHCP ;
INSERT INTO Hosts(Hostname) VALUES ('PM-SAFCON02.pa.pref') ON CONFLICT(Hostname) DO UPDATE SET Hostname = EXCLUDED.Hostname ;
INSERT INTO CPU(Hostname, Name, Caption, NOC, NOLP)VALUES('PM-SAFCON02.pa.pref', '12th Gen Intel(R) Core(TM) i3-12100', 'Intel64 Family 6 Model 151 Stepping 5', '4', '8') ON CONFLICT(Hostname) DO UPDATE SET Hostname = EXCLUDED.Hostname, Name = EXCLUDED.Name, Caption = EXCLUDED.Caption, NOC = EXCLUDED.NOC, NOLP = EXCLUDED.NOLP ;
INSERT INTO Hosts(Hostname) VALUES ('PM-SAFCON02.pa.pref') ON CONFLICT(Hostname) DO UPDATE SET Hostname = EXCLUDED.Hostname ;
INSERT INTO OS(Hostname, Caption, BuildNumber, Architecture, Description) VALUES('PM-SAFCON02.pa.pref', 'Microsoft Windows 11 Pro', '22621', '64 bits', NULL) ON CONFLICT(Hostname) DO UPDATE SET Hostname = EXCLUDED.Hostname, Caption = EXCLUDED.Caption, BuildNumber = EXCLUDED.BuildNumber, Architecture = EXCLUDED.Architecture, Description = EXCLUDED.Description ;
INSERT INTO Hosts(Hostname) VALUES ('PM-SAFCON02.pa.pref') ON CONFLICT(Hostname) DO UPDATE SET Hostname = EXCLUDED.Hostname ;
INSERT INTO Networking(Hostname, IP, Gateway, Description, Index, DHCP) VALUES ('PM-SAFCON02.pa.pref', '192.168.253.134', '192.168.253.1', 'Realtek PCIe GbE Family Controller', '1', 'True') ON CONFLICT(Hostname) DO UPDATE SET Hostname = EXCLUDED.Hostname, IP = EXCLUDED.IP, Gateway = EXCLUDED.Gateway, Description = EXCLUDED.Description, Index = EXCLUDED.Index, DHCP = EXCLUDED.DHCP ;
INSERT INTO Hosts(Hostname) VALUES ('PM-SSAHPMINI066.pa.pref') ON CONFLICT(Hostname) DO UPDATE SET Hostname = EXCLUDED.Hostname ;
INSERT INTO CPU(Hostname, Name, Caption, NOC, NOLP)VALUES('PM-SSAHPMINI066.pa.pref', 'AMD Ryzen 3 PRO 4350GE with Radeon Graphics', 'AMD64 Family 23 Model 96 Stepping 1', '4', '8') ON CONFLICT(Hostname) DO UPDATE SET Hostname = EXCLUDED.Hostname, Name = EXCLUDED.Name, Caption = EXCLUDED.Caption, NOC = EXCLUDED.NOC, NOLP = EXCLUDED.NOLP ;
INSERT INTO Hosts(Hostname) VALUES ('PM-SSAHPMINI066.pa.pref') ON CONFLICT(Hostname) DO UPDATE SET Hostname = EXCLUDED.Hostname ;
INSERT INTO OS(Hostname, Caption, BuildNumber, Architecture, Description) VALUES('PM-SSAHPMINI066.pa.pref', 'Microsoft Windows 10 Pro', '19045', '64 bits', 'P-169047 A-215411948') ON CONFLICT(Hostname) DO UPDATE SET Hostname = EXCLUDED.Hostname, Caption = EXCLUDED.Caption, BuildNumber = EXCLUDED.BuildNumber, Architecture = EXCLUDED.Architecture, Description = EXCLUDED.Description ;
INSERT INTO Hosts(Hostname) VALUES ('PM-SSAHPMINI066.pa.pref') ON CONFLICT(Hostname) DO UPDATE SET Hostname = EXCLUDED.Hostname ;
INSERT INTO Networking(Hostname, IP, Gateway, Description, Index, DHCP) VALUES ('PM-SSAHPMINI066.pa.pref', '192.168.11.120', '192.168.11.1', 'Realtek PCIe GbE Family Controller', '1', 'True') ON CONFLICT(Hostname) DO UPDATE SET Hostname = EXCLUDED.Hostname, IP = EXCLUDED.IP, Gateway = EXCLUDED.Gateway, Description = EXCLUDED.Description, Index = EXCLUDED.Index, DHCP = EXCLUDED.DHCP ;
INSERT INTO Hosts(Hostname) VALUES ('PM-SECED31033.pa.pref') ON CONFLICT(Hostname) DO UPDATE SET Hostname = EXCLUDED.Hostname ;
INSERT INTO CPU(Hostname, Name, Caption, NOC, NOLP)VALUES('PM-SECED31033.pa.pref', 'Intel(R) Core(TM) i3-10100 CPU @ 3.60GHz', 'Intel64 Family 6 Model 165 Stepping 3', '4', '8') ON CONFLICT(Hostname) DO UPDATE SET Hostname = EXCLUDED.Hostname, Name = EXCLUDED.Name, Caption = EXCLUDED.Caption, NOC = EXCLUDED.NOC, NOLP = EXCLUDED.NOLP ;
INSERT INTO Hosts(Hostname) VALUES ('PM-SECED31033.pa.pref') ON CONFLICT(Hostname) DO UPDATE SET Hostname = EXCLUDED.Hostname ;
INSERT INTO OS(Hostname, Caption, BuildNumber, Architecture, Description) VALUES('PM-SECED31033.pa.pref', 'Microsoft Windows 10 Pro', '19044', '64 bits', 'P-\\174610 A-\\635807813') ON CONFLICT(Hostname) DO UPDATE SET Hostname = EXCLUDED.Hostname, Caption = EXCLUDED.Caption, BuildNumber = EXCLUDED.BuildNumber, Architecture = EXCLUDED.Architecture, Description = EXCLUDED.Description ;
INSERT INTO Hosts(Hostname) VALUES ('PM-SECED31033.pa.pref') ON CONFLICT(Hostname) DO UPDATE SET Hostname = EXCLUDED.Hostname ;
INSERT INTO Networking(Hostname, IP, Gateway, Description, Index, DHCP) VALUES ('PM-SECED31033.pa.pref', '192.168.108.180', '192.168.108.1', 'Realtek 8811CU Wireless LAN 802.11ac USB NIC', '13', 'True') ON CONFLICT(Hostname) DO UPDATE SET Hostname = EXCLUDED.Hostname, IP = EXCLUDED.IP, Gateway = EXCLUDED.Gateway, Description = EXCLUDED.Description, Index = EXCLUDED.Index, DHCP = EXCLUDED.DHCP ;
INSERT INTO Hosts(Hostname) VALUES ('PM-SECED16007.pa.pref') ON CONFLICT(Hostname) DO UPDATE SET Hostname = EXCLUDED.Hostname ;
INSERT INTO CPU(Hostname, Name, Caption, NOC, NOLP)VALUES('PM-SECED16007.pa.pref', 'Intel(R) Core(TM) i3-10100 CPU @ 3.60GHz', 'Intel64 Family 6 Model 165 Stepping 3', '4', '8') ON CONFLICT(Hostname) DO UPDATE SET Hostname = EXCLUDED.Hostname, Name = EXCLUDED.Name, Caption = EXCLUDED.Caption, NOC = EXCLUDED.NOC, NOLP = EXCLUDED.NOLP ;
INSERT INTO Hosts(Hostname) VALUES ('PM-SECED16007.pa.pref') ON CONFLICT(Hostname) DO UPDATE SET Hostname = EXCLUDED.Hostname ;
INSERT INTO OS(Hostname, Caption, BuildNumber, Architecture, Description) VALUES('PM-SECED16007.pa.pref', 'Microsoft Windows 11 Pro', '22621', '64 bits', 'P-174767 A-440459796') ON CONFLICT(Hostname) DO UPDATE SET Hostname = EXCLUDED.Hostname, Caption = EXCLUDED.Caption, BuildNumber = EXCLUDED.BuildNumber, Architecture = EXCLUDED.Architecture, Description = EXCLUDED.Description ;
INSERT INTO Hosts(Hostname) VALUES ('PM-SECED16007.pa.pref') ON CONFLICT(Hostname) DO UPDATE SET Hostname = EXCLUDED.Hostname ;
INSERT INTO Networking(Hostname, IP, Gateway, Description, Index, DHCP) VALUES ('PM-SECED16007.pa.pref', '192.168.166.59', '192.168.166.1', 'Realtek PCIe GbE Family Controller', '1', 'True') ON CONFLICT(Hostname) DO UPDATE SET Hostname = EXCLUDED.Hostname, IP = EXCLUDED.IP, Gateway = EXCLUDED.Gateway, Description = EXCLUDED.Description, Index = EXCLUDED.Index, DHCP = EXCLUDED.DHCP ;
INSERT INTO Hosts(Hostname) VALUES ('PM-SIOADM007.pa.pref') ON CONFLICT(Hostname) DO UPDATE SET Hostname = EXCLUDED.Hostname ;
INSERT INTO CPU(Hostname, Name, Caption, NOC, NOLP)VALUES('PM-SIOADM007.pa.pref', 'Intel(R) Core(TM) i7-7700 CPU @ 3.60GHz', 'Intel64 Family 6 Model 158 Stepping 9', '4', '8') ON CONFLICT(Hostname) DO UPDATE SET Hostname = EXCLUDED.Hostname, Name = EXCLUDED.Name, Caption = EXCLUDED.Caption, NOC = EXCLUDED.NOC, NOLP = EXCLUDED.NOLP ;
INSERT INTO Hosts(Hostname) VALUES ('PM-SIOADM007.pa.pref') ON CONFLICT(Hostname) DO UPDATE SET Hostname = EXCLUDED.Hostname ;
INSERT INTO OS(Hostname, Caption, BuildNumber, Architecture, Description) VALUES('PM-SIOADM007.pa.pref', 'Microsoft Windows 10 Pro', '19045', '64 bits', 'Patrimônio 133509') ON CONFLICT(Hostname) DO UPDATE SET Hostname = EXCLUDED.Hostname, Caption = EXCLUDED.Caption, BuildNumber = EXCLUDED.BuildNumber, Architecture = EXCLUDED.Architecture, Description = EXCLUDED.Description ;
INSERT INTO Hosts(Hostname) VALUES ('PM-SIOADM007.pa.pref') ON CONFLICT(Hostname) DO UPDATE SET Hostname = EXCLUDED.Hostname ;
INSERT INTO Networking(Hostname, IP, Gateway, Description, Index, DHCP) VALUES ('PM-SIOADM007.pa.pref', '192.168.10.126', '192.168.10.1', 'Realtek PCIe GBE Family Controller', '1', 'True') ON CONFLICT(Hostname) DO UPDATE SET Hostname = EXCLUDED.Hostname, IP = EXCLUDED.IP, Gateway = EXCLUDED.Gateway, Description = EXCLUDED.Description, Index = EXCLUDED.Index, DHCP = EXCLUDED.DHCP ;
INSERT INTO Hosts(Hostname) VALUES ('PM-SSAUS40008.pa.pref') ON CONFLICT(Hostname) DO UPDATE SET Hostname = EXCLUDED.Hostname ;
INSERT INTO CPU(Hostname, Name, Caption, NOC, NOLP)VALUES('PM-SSAUS40008.pa.pref', '12th Gen Intel(R) Core(TM) i3-12100', 'Intel64 Family 6 Model 151 Stepping 5', '4', '8') ON CONFLICT(Hostname) DO UPDATE SET Hostname = EXCLUDED.Hostname, Name = EXCLUDED.Name, Caption = EXCLUDED.Caption, NOC = EXCLUDED.NOC, NOLP = EXCLUDED.NOLP ;
INSERT INTO Hosts(Hostname) VALUES ('PM-SSAUS40008.pa.pref') ON CONFLICT(Hostname) DO UPDATE SET Hostname = EXCLUDED.Hostname ;
INSERT INTO OS(Hostname, Caption, BuildNumber, Architecture, Description) VALUES('PM-SSAUS40008.pa.pref', 'Microsoft Windows 11 Pro', '22621', '64 bits', 'PM-SSAUS40008') ON CONFLICT(Hostname) DO UPDATE SET Hostname = EXCLUDED.Hostname, Caption = EXCLUDED.Caption, BuildNumber = EXCLUDED.BuildNumber, Architecture = EXCLUDED.Architecture, Description = EXCLUDED.Description ;
INSERT INTO Hosts(Hostname) VALUES ('PM-SSAUS40008.pa.pref') ON CONFLICT(Hostname) DO UPDATE SET Hostname = EXCLUDED.Hostname ;
INSERT INTO Networking(Hostname, IP, Gateway, Description, Index, DHCP) VALUES ('PM-SSAUS40008.pa.pref', '192.168.13.242', '192.168.13.1', 'Realtek PCIe GbE Family Controller', '1', 'True') ON CONFLICT(Hostname) DO UPDATE SET Hostname = EXCLUDED.Hostname, IP = EXCLUDED.IP, Gateway = EXCLUDED.Gateway, Description = EXCLUDED.Description, Index = EXCLUDED.Index, DHCP = EXCLUDED.DHCP ;
INSERT INTO Hosts(Hostname) VALUES ('PM-INFO0156.pa.pref') ON CONFLICT(Hostname) DO UPDATE SET Hostname = EXCLUDED.Hostname ;
INSERT INTO CPU(Hostname, Name, Caption, NOC, NOLP)VALUES('PM-INFO0156.pa.pref', 'Intel(R) Core(TM) i3-10100 CPU @ 3.60GHz', 'Intel64 Family 6 Model 165 Stepping 3', '4', '8') ON CONFLICT(Hostname) DO UPDATE SET Hostname = EXCLUDED.Hostname, Name = EXCLUDED.Name, Caption = EXCLUDED.Caption, NOC = EXCLUDED.NOC, NOLP = EXCLUDED.NOLP ;
INSERT INTO Hosts(Hostname) VALUES ('PM-INFO0156.pa.pref') ON CONFLICT(Hostname) DO UPDATE SET Hostname = EXCLUDED.Hostname ;
INSERT INTO OS(Hostname, Caption, BuildNumber, Architecture, Description) VALUES('PM-INFO0156.pa.pref', 'Microsoft Windows 11 Pro', '22621', '64 bits', 'P-174504 A-652510731') ON CONFLICT(Hostname) DO UPDATE SET Hostname = EXCLUDED.Hostname, Caption = EXCLUDED.Caption, BuildNumber = EXCLUDED.BuildNumber, Architecture = EXCLUDED.Architecture, Description = EXCLUDED.Description ;
INSERT INTO Hosts(Hostname) VALUES ('PM-INFO0156.pa.pref') ON CONFLICT(Hostname) DO UPDATE SET Hostname = EXCLUDED.Hostname ;
INSERT INTO Networking(Hostname, IP, Gateway, Description, Index, DHCP) VALUES ('PM-INFO0156.pa.pref', '192.168.214.141', '192.168.214.1', 'Realtek PCIe GbE Family Controller', '1', 'True') ON CONFLICT(Hostname) DO UPDATE SET Hostname = EXCLUDED.Hostname, IP = EXCLUDED.IP, Gateway = EXCLUDED.Gateway, Description = EXCLUDED.Description, Index = EXCLUDED.Index, DHCP = EXCLUDED.DHCP ;
INSERT INTO Hosts(Hostname) VALUES ('PM-SECGPE003.pa.pref') ON CONFLICT(Hostname) DO UPDATE SET Hostname = EXCLUDED.Hostname ;
INSERT INTO CPU(Hostname, Name, Caption, NOC, NOLP)VALUES('PM-SECGPE003.pa.pref', 'Intel(R) Core(TM) i3-7100 CPU @ 3.90GHz', 'Intel64 Family 6 Model 158 Stepping 9', '2', '4') ON CONFLICT(Hostname) DO UPDATE SET Hostname = EXCLUDED.Hostname, Name = EXCLUDED.Name, Caption = EXCLUDED.Caption, NOC = EXCLUDED.NOC, NOLP = EXCLUDED.NOLP ;
INSERT INTO Hosts(Hostname) VALUES ('PM-SECGPE003.pa.pref') ON CONFLICT(Hostname) DO UPDATE SET Hostname = EXCLUDED.Hostname ;
INSERT INTO OS(Hostname, Caption, BuildNumber, Architecture, Description) VALUES('PM-SECGPE003.pa.pref', 'Microsoft Windows 10 Pro', '19045', '64 bits', NULL) ON CONFLICT(Hostname) DO UPDATE SET Hostname = EXCLUDED.Hostname, Caption = EXCLUDED.Caption, BuildNumber = EXCLUDED.BuildNumber, Architecture = EXCLUDED.Architecture, Description = EXCLUDED.Description ;
INSERT INTO Hosts(Hostname) VALUES ('PM-SECGPE003.pa.pref') ON CONFLICT(Hostname) DO UPDATE SET Hostname = EXCLUDED.Hostname ;
INSERT INTO Networking(Hostname, IP, Gateway, Description, Index, DHCP) VALUES ('PM-SECGPE003.pa.pref', '192.168.9.113', '192.168.9.1', 'Realtek PCIe GBE Family Controller', '1', 'False') ON CONFLICT(Hostname) DO UPDATE SET Hostname = EXCLUDED.Hostname, IP = EXCLUDED.IP, Gateway = EXCLUDED.Gateway, Description = EXCLUDED.Description, Index = EXCLUDED.Index, DHCP = EXCLUDED.DHCP ;
INSERT INTO Hosts(Hostname) VALUES ('PM-SECED21042.pa.pref') ON CONFLICT(Hostname) DO UPDATE SET Hostname = EXCLUDED.Hostname ;
INSERT INTO CPU(Hostname, Name, Caption, NOC, NOLP)VALUES('PM-SECED21042.pa.pref', 'Intel(R) Core(TM) i3-10100 CPU @ 3.60GHz', 'Intel64 Family 6 Model 165 Stepping 3', '4', '8') ON CONFLICT(Hostname) DO UPDATE SET Hostname = EXCLUDED.Hostname, Name = EXCLUDED.Name, Caption = EXCLUDED.Caption, NOC = EXCLUDED.NOC, NOLP = EXCLUDED.NOLP ;
INSERT INTO Hosts(Hostname) VALUES ('PM-SECED21042.pa.pref') ON CONFLICT(Hostname) DO UPDATE SET Hostname = EXCLUDED.Hostname ;
INSERT INTO OS(Hostname, Caption, BuildNumber, Architecture, Description) VALUES('PM-SECED21042.pa.pref', 'Microsoft Windows 10 Pro', '19045', '64 bits', 'P-174681 A-483400955') ON CONFLICT(Hostname) DO UPDATE SET Hostname = EXCLUDED.Hostname, Caption = EXCLUDED.Caption, BuildNumber = EXCLUDED.BuildNumber, Architecture = EXCLUDED.Architecture, Description = EXCLUDED.Description ;
INSERT INTO Hosts(Hostname) VALUES ('PM-SECED21042.pa.pref') ON CONFLICT(Hostname) DO UPDATE SET Hostname = EXCLUDED.Hostname ;
INSERT INTO Networking(Hostname, IP, Gateway, Description, Index, DHCP) VALUES ('PM-SECED21042.pa.pref', '192.168.133.87', '192.168.133.1', 'Realtek PCIe GbE Family Controller', '1', 'True') ON CONFLICT(Hostname) DO UPDATE SET Hostname = EXCLUDED.Hostname, IP = EXCLUDED.IP, Gateway = EXCLUDED.Gateway, Description = EXCLUDED.Description, Index = EXCLUDED.Index, DHCP = EXCLUDED.DHCP ;
INSERT INTO Hosts(Hostname) VALUES ('PM-SECPED030.pa.pref') ON CONFLICT(Hostname) DO UPDATE SET Hostname = EXCLUDED.Hostname ;
INSERT INTO CPU(Hostname, Name, Caption, NOC, NOLP)VALUES('PM-SECPED030.pa.pref', 'Intel(R) Core(TM) i3-3220 CPU @ 3.30GHz', 'Intel64 Family 6 Model 58 Stepping 9', '2', '4') ON CONFLICT(Hostname) DO UPDATE SET Hostname = EXCLUDED.Hostname, Name = EXCLUDED.Name, Caption = EXCLUDED.Caption, NOC = EXCLUDED.NOC, NOLP = EXCLUDED.NOLP ;
INSERT INTO Hosts(Hostname) VALUES ('PM-SECPED030.pa.pref') ON CONFLICT(Hostname) DO UPDATE SET Hostname = EXCLUDED.Hostname ;
INSERT INTO OS(Hostname, Caption, BuildNumber, Architecture, Description) VALUES('PM-SECPED030.pa.pref', 'Microsoft Windows 10 Pro', '19045', '64 bits', 'p183511') ON CONFLICT(Hostname) DO UPDATE SET Hostname = EXCLUDED.Hostname, Caption = EXCLUDED.Caption, BuildNumber = EXCLUDED.BuildNumber, Architecture = EXCLUDED.Architecture, Description = EXCLUDED.Description ;
INSERT INTO Hosts(Hostname) VALUES ('PM-SECPED030.pa.pref') ON CONFLICT(Hostname) DO UPDATE SET Hostname = EXCLUDED.Hostname ;
INSERT INTO Networking(Hostname, IP, Gateway, Description, Index, DHCP) VALUES ('PM-SECPED030.pa.pref', '192.168.9.195', '192.168.9.1', 'Realtek PCIe GbE Family Controller #2', '2', 'True') ON CONFLICT(Hostname) DO UPDATE SET Hostname = EXCLUDED.Hostname, IP = EXCLUDED.IP, Gateway = EXCLUDED.Gateway, Description = EXCLUDED.Description, Index = EXCLUDED.Index, DHCP = EXCLUDED.DHCP ;
INSERT INTO Hosts(Hostname) VALUES ('PM-SPSADM002.pa.pref') ON CONFLICT(Hostname) DO UPDATE SET Hostname = EXCLUDED.Hostname ;
INSERT INTO CPU(Hostname, Name, Caption, NOC, NOLP)VALUES('PM-SPSADM002.pa.pref', 'Intel(R) Core(TM) i5-3470 CPU @ 3.20GHz', 'Intel64 Family 6 Model 58 Stepping 9', '4', '4') ON CONFLICT(Hostname) DO UPDATE SET Hostname = EXCLUDED.Hostname, Name = EXCLUDED.Name, Caption = EXCLUDED.Caption, NOC = EXCLUDED.NOC, NOLP = EXCLUDED.NOLP ;
INSERT INTO Hosts(Hostname) VALUES ('PM-SPSADM002.pa.pref') ON CONFLICT(Hostname) DO UPDATE SET Hostname = EXCLUDED.Hostname ;
INSERT INTO OS(Hostname, Caption, BuildNumber, Architecture, Description) VALUES('PM-SPSADM002.pa.pref', 'Microsoft Windows 7 Professional ', '7601', '64-bit', NULL) ON CONFLICT(Hostname) DO UPDATE SET Hostname = EXCLUDED.Hostname, Caption = EXCLUDED.Caption, BuildNumber = EXCLUDED.BuildNumber, Architecture = EXCLUDED.Architecture, Description = EXCLUDED.Description ;
INSERT INTO Hosts(Hostname) VALUES ('PM-SPSADM002.pa.pref') ON CONFLICT(Hostname) DO UPDATE SET Hostname = EXCLUDED.Hostname ;
INSERT INTO Networking(Hostname, IP, Gateway, Description, Index, DHCP) VALUES ('PM-SPSADM002.pa.pref', '192.168.113.82', '192.168.113.1', 'Realtek RTL8188FTV Wireless LAN 802.11n USB 2.0 Network Adapter', '29', 'True') ON CONFLICT(Hostname) DO UPDATE SET Hostname = EXCLUDED.Hostname, IP = EXCLUDED.IP, Gateway = EXCLUDED.Gateway, Description = EXCLUDED.Description, Index = EXCLUDED.Index, DHCP = EXCLUDED.DHCP ;
INSERT INTO Hosts(Hostname) VALUES ('PM-SECCES011.pa.pref') ON CONFLICT(Hostname) DO UPDATE SET Hostname = EXCLUDED.Hostname ;
INSERT INTO CPU(Hostname, Name, Caption, NOC, NOLP)VALUES('PM-SECCES011.pa.pref', 'Intel(R) Core(TM) i3-3220 CPU @ 3.30GHz', 'Intel64 Family 6 Model 58 Stepping 9', '2', '4') ON CONFLICT(Hostname) DO UPDATE SET Hostname = EXCLUDED.Hostname, Name = EXCLUDED.Name, Caption = EXCLUDED.Caption, NOC = EXCLUDED.NOC, NOLP = EXCLUDED.NOLP ;
INSERT INTO Hosts(Hostname) VALUES ('PM-SECCES011.pa.pref') ON CONFLICT(Hostname) DO UPDATE SET Hostname = EXCLUDED.Hostname ;
INSERT INTO OS(Hostname, Caption, BuildNumber, Architecture, Description) VALUES('PM-SECCES011.pa.pref', 'Microsoft Windows 7 Professional ', '7601', '64-bit', 'Patrimonio s/n') ON CONFLICT(Hostname) DO UPDATE SET Hostname = EXCLUDED.Hostname, Caption = EXCLUDED.Caption, BuildNumber = EXCLUDED.BuildNumber, Architecture = EXCLUDED.Architecture, Description = EXCLUDED.Description ;
INSERT INTO Hosts(Hostname) VALUES ('PM-SECCES011.pa.pref') ON CONFLICT(Hostname) DO UPDATE SET Hostname = EXCLUDED.Hostname ;
INSERT INTO Networking(Hostname, IP, Gateway, Description, Index, DHCP) VALUES ('PM-SECCES011.pa.pref', '192.168.9.190', '192.168.9.1', 'Realtek PCIe GBE Family Controller', '7', 'True') ON CONFLICT(Hostname) DO UPDATE SET Hostname = EXCLUDED.Hostname, IP = EXCLUDED.IP, Gateway = EXCLUDED.Gateway, Description = EXCLUDED.Description, Index = EXCLUDED.Index, DHCP = EXCLUDED.DHCP ;
INSERT INTO Hosts(Hostname) VALUES ('PM-INFO0192.pa.pref') ON CONFLICT(Hostname) DO UPDATE SET Hostname = EXCLUDED.Hostname ;
INSERT INTO CPU(Hostname, Name, Caption, NOC, NOLP)VALUES('PM-INFO0192.pa.pref', 'Intel(R) Core(TM) i3-10100 CPU @ 3.60GHz', 'Intel64 Family 6 Model 165 Stepping 3', '4', '8') ON CONFLICT(Hostname) DO UPDATE SET Hostname = EXCLUDED.Hostname, Name = EXCLUDED.Name, Caption = EXCLUDED.Caption, NOC = EXCLUDED.NOC, NOLP = EXCLUDED.NOLP ;
INSERT INTO Hosts(Hostname) VALUES ('PM-INFO0192.pa.pref') ON CONFLICT(Hostname) DO UPDATE SET Hostname = EXCLUDED.Hostname ;
INSERT INTO OS(Hostname, Caption, BuildNumber, Architecture, Description) VALUES('PM-INFO0192.pa.pref', 'Microsoft Windows 10 Pro', '19044', '64 bits', 'P-\\174613\\A-688669511') ON CONFLICT(Hostname) DO UPDATE SET Hostname = EXCLUDED.Hostname, Caption = EXCLUDED.Caption, BuildNumber = EXCLUDED.BuildNumber, Architecture = EXCLUDED.Architecture, Description = EXCLUDED.Description ;
INSERT INTO Hosts(Hostname) VALUES ('PM-INFO0192.pa.pref') ON CONFLICT(Hostname) DO UPDATE SET Hostname = EXCLUDED.Hostname ;
INSERT INTO Networking(Hostname, IP, Gateway, Description, Index, DHCP) VALUES ('PM-INFO0192.pa.pref', '192.168.122.145', '192.168.122.1', 'Realtek PCIe GbE Family Controller', '1', 'True') ON CONFLICT(Hostname) DO UPDATE SET Hostname = EXCLUDED.Hostname, IP = EXCLUDED.IP, Gateway = EXCLUDED.Gateway, Description = EXCLUDED.Description, Index = EXCLUDED.Index, DHCP = EXCLUDED.DHCP ;
INSERT INTO Hosts(Hostname) VALUES ('PM-SUCCEU002.pa.pref') ON CONFLICT(Hostname) DO UPDATE SET Hostname = EXCLUDED.Hostname ;
INSERT INTO CPU(Hostname, Name, Caption, NOC, NOLP)VALUES('PM-SUCCEU002.pa.pref', 'Intel(R) Core(TM) i3-7100 CPU @ 3.90GHz', 'Intel64 Family 6 Model 158 Stepping 9', '2', '4') ON CONFLICT(Hostname) DO UPDATE SET Hostname = EXCLUDED.Hostname, Name = EXCLUDED.Name, Caption = EXCLUDED.Caption, NOC = EXCLUDED.NOC, NOLP = EXCLUDED.NOLP ;
INSERT INTO Hosts(Hostname) VALUES ('PM-SUCCEU002.pa.pref') ON CONFLICT(Hostname) DO UPDATE SET Hostname = EXCLUDED.Hostname ;
INSERT INTO OS(Hostname, Caption, BuildNumber, Architecture, Description) VALUES('PM-SUCCEU002.pa.pref', 'Microsoft Windows 10 Pro', '19045', '64 bits', 'Patrimônio: 133412') ON CONFLICT(Hostname) DO UPDATE SET Hostname = EXCLUDED.Hostname, Caption = EXCLUDED.Caption, BuildNumber = EXCLUDED.BuildNumber, Architecture = EXCLUDED.Architecture, Description = EXCLUDED.Description ;
INSERT INTO Hosts(Hostname) VALUES ('PM-SUCCEU002.pa.pref') ON CONFLICT(Hostname) DO UPDATE SET Hostname = EXCLUDED.Hostname ;
INSERT INTO Networking(Hostname, IP, Gateway, Description, Index, DHCP) VALUES ('PM-SUCCEU002.pa.pref', '192.168.73.246', '192.168.73.1', 'Realtek PCIe GBE Family Controller', '1', 'True') ON CONFLICT(Hostname) DO UPDATE SET Hostname = EXCLUDED.Hostname, IP = EXCLUDED.IP, Gateway = EXCLUDED.Gateway, Description = EXCLUDED.Description, Index = EXCLUDED.Index, DHCP = EXCLUDED.DHCP ;
INSERT INTO Hosts(Hostname) VALUES ('LAPTOP-9O5TIPLO.pa.pref') ON CONFLICT(Hostname) DO UPDATE SET Hostname = EXCLUDED.Hostname ;
INSERT INTO CPU(Hostname, Name, Caption, NOC, NOLP)VALUES('LAPTOP-9O5TIPLO.pa.pref', 'Intel(R) Core(TM) i5-7200U CPU @ 2.50GHz', 'Intel64 Family 6 Model 142 Stepping 9', '2', '4') ON CONFLICT(Hostname) DO UPDATE SET Hostname = EXCLUDED.Hostname, Name = EXCLUDED.Name, Caption = EXCLUDED.Caption, NOC = EXCLUDED.NOC, NOLP = EXCLUDED.NOLP ;
INSERT INTO Hosts(Hostname) VALUES ('LAPTOP-9O5TIPLO.pa.pref') ON CONFLICT(Hostname) DO UPDATE SET Hostname = EXCLUDED.Hostname ;
INSERT INTO OS(Hostname, Caption, BuildNumber, Architecture, Description) VALUES('LAPTOP-9O5TIPLO.pa.pref', 'Microsoft Windows 10 Pro', '19045', '64 bits', 'Patrimonio 142775') ON CONFLICT(Hostname) DO UPDATE SET Hostname = EXCLUDED.Hostname, Caption = EXCLUDED.Caption, BuildNumber = EXCLUDED.BuildNumber, Architecture = EXCLUDED.Architecture, Description = EXCLUDED.Description ;
INSERT INTO Hosts(Hostname) VALUES ('LAPTOP-9O5TIPLO.pa.pref') ON CONFLICT(Hostname) DO UPDATE SET Hostname = EXCLUDED.Hostname ;
INSERT INTO Networking(Hostname, IP, Gateway, Description, Index, DHCP) VALUES ('LAPTOP-9O5TIPLO.pa.pref', '192.168.169.244', '192.168.169.1', 'Qualcomm Atheros QCA9377 Wireless Network Adapter', '2', 'True') ON CONFLICT(Hostname) DO UPDATE SET Hostname = EXCLUDED.Hostname, IP = EXCLUDED.IP, Gateway = EXCLUDED.Gateway, Description = EXCLUDED.Description, Index = EXCLUDED.Index, DHCP = EXCLUDED.DHCP ;
INSERT INTO Hosts(Hostname) VALUES ('PM-SSARH003.pa.pref') ON CONFLICT(Hostname) DO UPDATE SET Hostname = EXCLUDED.Hostname ;
INSERT INTO CPU(Hostname, Name, Caption, NOC, NOLP)VALUES('PM-SSARH003.pa.pref', 'Intel(R) Core(TM) i5-3470 CPU @ 3.20GHz', 'Intel64 Family 6 Model 58 Stepping 9', '4', '4') ON CONFLICT(Hostname) DO UPDATE SET Hostname = EXCLUDED.Hostname, Name = EXCLUDED.Name, Caption = EXCLUDED.Caption, NOC = EXCLUDED.NOC, NOLP = EXCLUDED.NOLP ;
INSERT INTO Hosts(Hostname) VALUES ('PM-SSARH003.pa.pref') ON CONFLICT(Hostname) DO UPDATE SET Hostname = EXCLUDED.Hostname ;
INSERT INTO OS(Hostname, Caption, BuildNumber, Architecture, Description) VALUES('PM-SSARH003.pa.pref', 'Microsoft Windows 7 Professional ', '7601', '64-bit', 'Patrimonio 102527') ON CONFLICT(Hostname) DO UPDATE SET Hostname = EXCLUDED.Hostname, Caption = EXCLUDED.Caption, BuildNumber = EXCLUDED.BuildNumber, Architecture = EXCLUDED.Architecture, Description = EXCLUDED.Description ;
INSERT INTO Hosts(Hostname) VALUES ('PM-SSARH003.pa.pref') ON CONFLICT(Hostname) DO UPDATE SET Hostname = EXCLUDED.Hostname ;
INSERT INTO Networking(Hostname, IP, Gateway, Description, Index, DHCP) VALUES ('PM-SSARH003.pa.pref', '192.168.11.67', '192.168.11.1', 'Intel(R) 82579LM Gigabit Network Connection', '7', 'True') ON CONFLICT(Hostname) DO UPDATE SET Hostname = EXCLUDED.Hostname, IP = EXCLUDED.IP, Gateway = EXCLUDED.Gateway, Description = EXCLUDED.Description, Index = EXCLUDED.Index, DHCP = EXCLUDED.DHCP ;
INSERT INTO Hosts(Hostname) VALUES ('PM-SECADM100.pa.pref') ON CONFLICT(Hostname) DO UPDATE SET Hostname = EXCLUDED.Hostname ;
INSERT INTO CPU(Hostname, Name, Caption, NOC, NOLP)VALUES('PM-SECADM100.pa.pref', '11th Gen Intel(R) Core(TM) i5-1135G7 @ 2.40GHz', 'Intel64 Family 6 Model 140 Stepping 1', '4', '8') ON CONFLICT(Hostname) DO UPDATE SET Hostname = EXCLUDED.Hostname, Name = EXCLUDED.Name, Caption = EXCLUDED.Caption, NOC = EXCLUDED.NOC, NOLP = EXCLUDED.NOLP ;
INSERT INTO Hosts(Hostname) VALUES ('PM-SECADM100.pa.pref') ON CONFLICT(Hostname) DO UPDATE SET Hostname = EXCLUDED.Hostname ;
INSERT INTO OS(Hostname, Caption, BuildNumber, Architecture, Description) VALUES('PM-SECADM100.pa.pref', 'Microsoft Windows 10 Pro', '19045', '64 bits', NULL) ON CONFLICT(Hostname) DO UPDATE SET Hostname = EXCLUDED.Hostname, Caption = EXCLUDED.Caption, BuildNumber = EXCLUDED.BuildNumber, Architecture = EXCLUDED.Architecture, Description = EXCLUDED.Description ;
INSERT INTO Hosts(Hostname) VALUES ('PM-SECADM100.pa.pref') ON CONFLICT(Hostname) DO UPDATE SET Hostname = EXCLUDED.Hostname ;
INSERT INTO Networking(Hostname, IP, Gateway, Description, Index, DHCP) VALUES ('PM-SECADM100.pa.pref', '192.168.9.196', '192.168.9.1', 'Realtek PCIe GbE Family Controller', '2', 'True') ON CONFLICT(Hostname) DO UPDATE SET Hostname = EXCLUDED.Hostname, IP = EXCLUDED.IP, Gateway = EXCLUDED.Gateway, Description = EXCLUDED.Description, Index = EXCLUDED.Index, DHCP = EXCLUDED.DHCP ;
INSERT INTO Hosts(Hostname) VALUES ('PM-SURADM047.pa.pref') ON CONFLICT(Hostname) DO UPDATE SET Hostname = EXCLUDED.Hostname ;
INSERT INTO CPU(Hostname, Name, Caption, NOC, NOLP)VALUES('PM-SURADM047.pa.pref', 'Intel(R) Core(TM) i3-10100 CPU @ 3.60GHz', 'Intel64 Family 6 Model 165 Stepping 3', '4', '8') ON CONFLICT(Hostname) DO UPDATE SET Hostname = EXCLUDED.Hostname, Name = EXCLUDED.Name, Caption = EXCLUDED.Caption, NOC = EXCLUDED.NOC, NOLP = EXCLUDED.NOLP ;
INSERT INTO Hosts(Hostname) VALUES ('PM-SURADM047.pa.pref') ON CONFLICT(Hostname) DO UPDATE SET Hostname = EXCLUDED.Hostname ;
INSERT INTO OS(Hostname, Caption, BuildNumber, Architecture, Description) VALUES('PM-SURADM047.pa.pref', 'Microsoft Windows 10 Pro', '19045', '64 bits', 'P.175516/////A.712862632') ON CONFLICT(Hostname) DO UPDATE SET Hostname = EXCLUDED.Hostname, Caption = EXCLUDED.Caption, BuildNumber = EXCLUDED.BuildNumber, Architecture = EXCLUDED.Architecture, Description = EXCLUDED.Description ;
INSERT INTO Hosts(Hostname) VALUES ('PM-SURADM047.pa.pref') ON CONFLICT(Hostname) DO UPDATE SET Hostname = EXCLUDED.Hostname ;
INSERT INTO Networking(Hostname, IP, Gateway, Description, Index, DHCP) VALUES ('PM-SURADM047.pa.pref', '192.168.198.207', '192.168.198.1', 'Realtek PCIe GbE Family Controller', '1', 'True') ON CONFLICT(Hostname) DO UPDATE SET Hostname = EXCLUDED.Hostname, IP = EXCLUDED.IP, Gateway = EXCLUDED.Gateway, Description = EXCLUDED.Description, Index = EXCLUDED.Index, DHCP = EXCLUDED.DHCP ;
INSERT INTO Hosts(Hostname) VALUES ('PM-SECPED002.pa.pref') ON CONFLICT(Hostname) DO UPDATE SET Hostname = EXCLUDED.Hostname ;
INSERT INTO CPU(Hostname, Name, Caption, NOC, NOLP)VALUES('PM-SECPED002.pa.pref', 'Intel(R) Core(TM) i3-2120 CPU @ 3.30GHz', 'Intel64 Family 6 Model 42 Stepping 7', '2', '4') ON CONFLICT(Hostname) DO UPDATE SET Hostname = EXCLUDED.Hostname, Name = EXCLUDED.Name, Caption = EXCLUDED.Caption, NOC = EXCLUDED.NOC, NOLP = EXCLUDED.NOLP ;
INSERT INTO Hosts(Hostname) VALUES ('PM-SECPED002.pa.pref') ON CONFLICT(Hostname) DO UPDATE SET Hostname = EXCLUDED.Hostname ;
INSERT INTO OS(Hostname, Caption, BuildNumber, Architecture, Description) VALUES('PM-SECPED002.pa.pref', 'Microsoft Windows 10 Pro', '19045', '64 bits', 'PM-SECPED002') ON CONFLICT(Hostname) DO UPDATE SET Hostname = EXCLUDED.Hostname, Caption = EXCLUDED.Caption, BuildNumber = EXCLUDED.BuildNumber, Architecture = EXCLUDED.Architecture, Description = EXCLUDED.Description ;
INSERT INTO Hosts(Hostname) VALUES ('PM-SECPED002.pa.pref') ON CONFLICT(Hostname) DO UPDATE SET Hostname = EXCLUDED.Hostname ;
INSERT INTO Networking(Hostname, IP, Gateway, Description, Index, DHCP) VALUES ('PM-SECPED002.pa.pref', '192.168.9.188', '192.168.9.1', 'Realtek PCIe GbE Family Controller', '1', 'True') ON CONFLICT(Hostname) DO UPDATE SET Hostname = EXCLUDED.Hostname, IP = EXCLUDED.IP, Gateway = EXCLUDED.Gateway, Description = EXCLUDED.Description, Index = EXCLUDED.Index, DHCP = EXCLUDED.DHCP ;
INSERT INTO Hosts(Hostname) VALUES ('PM-SSADPGF022.pa.pref') ON CONFLICT(Hostname) DO UPDATE SET Hostname = EXCLUDED.Hostname ;
INSERT INTO CPU(Hostname, Name, Caption, NOC, NOLP)VALUES('PM-SSADPGF022.pa.pref', 'Intel(R) Core(TM) i5-3470 CPU @ 3.20GHz', 'Intel64 Family 6 Model 58 Stepping 9', '4', '4') ON CONFLICT(Hostname) DO UPDATE SET Hostname = EXCLUDED.Hostname, Name = EXCLUDED.Name, Caption = EXCLUDED.Caption, NOC = EXCLUDED.NOC, NOLP = EXCLUDED.NOLP ;
INSERT INTO Hosts(Hostname) VALUES ('PM-SSADPGF022.pa.pref') ON CONFLICT(Hostname) DO UPDATE SET Hostname = EXCLUDED.Hostname ;
INSERT INTO OS(Hostname, Caption, BuildNumber, Architecture, Description) VALUES('PM-SSADPGF022.pa.pref', 'Microsoft Windows 7 Professional ', '7601', '64-bit', 'Patrimônio 99983') ON CONFLICT(Hostname) DO UPDATE SET Hostname = EXCLUDED.Hostname, Caption = EXCLUDED.Caption, BuildNumber = EXCLUDED.BuildNumber, Architecture = EXCLUDED.Architecture, Description = EXCLUDED.Description ;
INSERT INTO Hosts(Hostname) VALUES ('PM-SSADPGF022.pa.pref') ON CONFLICT(Hostname) DO UPDATE SET Hostname = EXCLUDED.Hostname ;
INSERT INTO Networking(Hostname, IP, Gateway, Description, Index, DHCP) VALUES ('PM-SSADPGF022.pa.pref', '192.168.11.133', '192.168.11.1', 'Intel(R) 82579LM Gigabit Network Connection', '7', 'True') ON CONFLICT(Hostname) DO UPDATE SET Hostname = EXCLUDED.Hostname, IP = EXCLUDED.IP, Gateway = EXCLUDED.Gateway, Description = EXCLUDED.Description, Index = EXCLUDED.Index, DHCP = EXCLUDED.DHCP ;
INSERT INTO Hosts(Hostname) VALUES ('PM-SPMFOB009.pa.pref') ON CONFLICT(Hostname) DO UPDATE SET Hostname = EXCLUDED.Hostname ;
INSERT INTO CPU(Hostname, Name, Caption, NOC, NOLP)VALUES('PM-SPMFOB009.pa.pref', 'Intel(R) Core(TM) i5-7200U CPU @ 2.50GHz', 'Intel64 Family 6 Model 142 Stepping 9', '2', '4') ON CONFLICT(Hostname) DO UPDATE SET Hostname = EXCLUDED.Hostname, Name = EXCLUDED.Name, Caption = EXCLUDED.Caption, NOC = EXCLUDED.NOC, NOLP = EXCLUDED.NOLP ;
INSERT INTO Hosts(Hostname) VALUES ('PM-SPMFOB009.pa.pref') ON CONFLICT(Hostname) DO UPDATE SET Hostname = EXCLUDED.Hostname ;
INSERT INTO OS(Hostname, Caption, BuildNumber, Architecture, Description) VALUES('PM-SPMFOB009.pa.pref', 'Microsoft Windows 10 Pro', '19045', '64 bits', NULL) ON CONFLICT(Hostname) DO UPDATE SET Hostname = EXCLUDED.Hostname, Caption = EXCLUDED.Caption, BuildNumber = EXCLUDED.BuildNumber, Architecture = EXCLUDED.Architecture, Description = EXCLUDED.Description ;
INSERT INTO Hosts(Hostname) VALUES ('PM-SPMFOB009.pa.pref') ON CONFLICT(Hostname) DO UPDATE SET Hostname = EXCLUDED.Hostname ;
INSERT INTO Networking(Hostname, IP, Gateway, Description, Index, DHCP) VALUES ('PM-SPMFOB009.pa.pref', '192.168.223.133', '192.168.223.1', 'Intel(R) Ethernet Connection I219-LM', '1', 'True') ON CONFLICT(Hostname) DO UPDATE SET Hostname = EXCLUDED.Hostname, IP = EXCLUDED.IP, Gateway = EXCLUDED.Gateway, Description = EXCLUDED.Description, Index = EXCLUDED.Index, DHCP = EXCLUDED.DHCP ;
INSERT INTO Hosts(Hostname) VALUES ('PM-SSAHPMINI086.pa.pref') ON CONFLICT(Hostname) DO UPDATE SET Hostname = EXCLUDED.Hostname ;
INSERT INTO CPU(Hostname, Name, Caption, NOC, NOLP)VALUES('PM-SSAHPMINI086.pa.pref', 'AMD Ryzen 3 PRO 4350GE with Radeon Graphics', 'AMD64 Family 23 Model 96 Stepping 1', '4', '8') ON CONFLICT(Hostname) DO UPDATE SET Hostname = EXCLUDED.Hostname, Name = EXCLUDED.Name, Caption = EXCLUDED.Caption, NOC = EXCLUDED.NOC, NOLP = EXCLUDED.NOLP ;
INSERT INTO Hosts(Hostname) VALUES ('PM-SSAHPMINI086.pa.pref') ON CONFLICT(Hostname) DO UPDATE SET Hostname = EXCLUDED.Hostname ;
INSERT INTO OS(Hostname, Caption, BuildNumber, Architecture, Description) VALUES('PM-SSAHPMINI086.pa.pref', 'Microsoft Windows 10 Pro', '19045', '64 bits', 'P-169073 A-870794738') ON CONFLICT(Hostname) DO UPDATE SET Hostname = EXCLUDED.Hostname, Caption = EXCLUDED.Caption, BuildNumber = EXCLUDED.BuildNumber, Architecture = EXCLUDED.Architecture, Description = EXCLUDED.Description ;
INSERT INTO Hosts(Hostname) VALUES ('PM-SSAHPMINI086.pa.pref') ON CONFLICT(Hostname) DO UPDATE SET Hostname = EXCLUDED.Hostname ;
INSERT INTO Networking(Hostname, IP, Gateway, Description, Index, DHCP) VALUES ('PM-SSAHPMINI086.pa.pref', '192.168.221.108', '192.168.221.1', 'Realtek PCIe GbE Family Controller', '1', 'True') ON CONFLICT(Hostname) DO UPDATE SET Hostname = EXCLUDED.Hostname, IP = EXCLUDED.IP, Gateway = EXCLUDED.Gateway, Description = EXCLUDED.Description, Index = EXCLUDED.Index, DHCP = EXCLUDED.DHCP ;
INSERT INTO Hosts(Hostname) VALUES ('PM-184472.pa.pref') ON CONFLICT(Hostname) DO UPDATE SET Hostname = EXCLUDED.Hostname ;
INSERT INTO CPU(Hostname, Name, Caption, NOC, NOLP)VALUES('PM-184472.pa.pref', '12th Gen Intel(R) Core(TM) i3-12100', 'Intel64 Family 6 Model 151 Stepping 5', '4', '8') ON CONFLICT(Hostname) DO UPDATE SET Hostname = EXCLUDED.Hostname, Name = EXCLUDED.Name, Caption = EXCLUDED.Caption, NOC = EXCLUDED.NOC, NOLP = EXCLUDED.NOLP ;
INSERT INTO Hosts(Hostname) VALUES ('PM-184472.pa.pref') ON CONFLICT(Hostname) DO UPDATE SET Hostname = EXCLUDED.Hostname ;
INSERT INTO OS(Hostname, Caption, BuildNumber, Architecture, Description) VALUES('PM-184472.pa.pref', 'Microsoft Windows 11 Pro', '22621', '64 bits', NULL) ON CONFLICT(Hostname) DO UPDATE SET Hostname = EXCLUDED.Hostname, Caption = EXCLUDED.Caption, BuildNumber = EXCLUDED.BuildNumber, Architecture = EXCLUDED.Architecture, Description = EXCLUDED.Description ;
INSERT INTO Hosts(Hostname) VALUES ('PM-184472.pa.pref') ON CONFLICT(Hostname) DO UPDATE SET Hostname = EXCLUDED.Hostname ;
INSERT INTO Networking(Hostname, IP, Gateway, Description, Index, DHCP) VALUES ('PM-184472.pa.pref', '192.168.10.86', '192.168.10.1', 'Realtek PCIe GbE Family Controller', '1', 'True') ON CONFLICT(Hostname) DO UPDATE SET Hostname = EXCLUDED.Hostname, IP = EXCLUDED.IP, Gateway = EXCLUDED.Gateway, Description = EXCLUDED.Description, Index = EXCLUDED.Index, DHCP = EXCLUDED.DHCP ;
INSERT INTO Hosts(Hostname) VALUES ('PM-SSAATD010.pa.pref') ON CONFLICT(Hostname) DO UPDATE SET Hostname = EXCLUDED.Hostname ;
INSERT INTO CPU(Hostname, Name, Caption, NOC, NOLP)VALUES('PM-SSAATD010.pa.pref', 'Intel(R) Core(TM) i3-2120 CPU @ 3.30GHz', 'Intel64 Family 6 Model 42 Stepping 7', '2', '4') ON CONFLICT(Hostname) DO UPDATE SET Hostname = EXCLUDED.Hostname, Name = EXCLUDED.Name, Caption = EXCLUDED.Caption, NOC = EXCLUDED.NOC, NOLP = EXCLUDED.NOLP ;
INSERT INTO Hosts(Hostname) VALUES ('PM-SSAATD010.pa.pref') ON CONFLICT(Hostname) DO UPDATE SET Hostname = EXCLUDED.Hostname ;
INSERT INTO OS(Hostname, Caption, BuildNumber, Architecture, Description) VALUES('PM-SSAATD010.pa.pref', 'Microsoft Windows 10 Pro', '19045', '64 bits', 'P-109720 A-943331530') ON CONFLICT(Hostname) DO UPDATE SET Hostname = EXCLUDED.Hostname, Caption = EXCLUDED.Caption, BuildNumber = EXCLUDED.BuildNumber, Architecture = EXCLUDED.Architecture, Description = EXCLUDED.Description ;
INSERT INTO Hosts(Hostname) VALUES ('PM-SSAATD010.pa.pref') ON CONFLICT(Hostname) DO UPDATE SET Hostname = EXCLUDED.Hostname ;
INSERT INTO Networking(Hostname, IP, Gateway, Description, Index, DHCP) VALUES ('PM-SSAATD010.pa.pref', '192.168.11.74', '192.168.11.1', 'Realtek PCIe GbE Family Controller', '1', 'True') ON CONFLICT(Hostname) DO UPDATE SET Hostname = EXCLUDED.Hostname, IP = EXCLUDED.IP, Gateway = EXCLUDED.Gateway, Description = EXCLUDED.Description, Index = EXCLUDED.Index, DHCP = EXCLUDED.DHCP ;
INSERT INTO Hosts(Hostname) VALUES ('PM-SUCBBT004.pa.pref') ON CONFLICT(Hostname) DO UPDATE SET Hostname = EXCLUDED.Hostname ;
INSERT INTO CPU(Hostname, Name, Caption, NOC, NOLP)VALUES('PM-SUCBBT004.pa.pref', 'Intel(R) Core(TM) i3-3220 CPU @ 3.30GHz', 'Intel64 Family 6 Model 58 Stepping 9', '2', '4') ON CONFLICT(Hostname) DO UPDATE SET Hostname = EXCLUDED.Hostname, Name = EXCLUDED.Name, Caption = EXCLUDED.Caption, NOC = EXCLUDED.NOC, NOLP = EXCLUDED.NOLP ;
INSERT INTO Hosts(Hostname) VALUES ('PM-SUCBBT004.pa.pref') ON CONFLICT(Hostname) DO UPDATE SET Hostname = EXCLUDED.Hostname ;
INSERT INTO OS(Hostname, Caption, BuildNumber, Architecture, Description) VALUES('PM-SUCBBT004.pa.pref', 'Microsoft Windows 7 Professional ', '7601', '64-bit', 's/ patrimonio') ON CONFLICT(Hostname) DO UPDATE SET Hostname = EXCLUDED.Hostname, Caption = EXCLUDED.Caption, BuildNumber = EXCLUDED.BuildNumber, Architecture = EXCLUDED.Architecture, Description = EXCLUDED.Description ;
INSERT INTO Hosts(Hostname) VALUES ('PM-SUCBBT004.pa.pref') ON CONFLICT(Hostname) DO UPDATE SET Hostname = EXCLUDED.Hostname ;
INSERT INTO Networking(Hostname, IP, Gateway, Description, Index, DHCP) VALUES ('PM-SUCBBT004.pa.pref', '192.168.30.156', '192.168.30.1', 'Realtek PCIe GBE Family Controller', '7', 'True') ON CONFLICT(Hostname) DO UPDATE SET Hostname = EXCLUDED.Hostname, IP = EXCLUDED.IP, Gateway = EXCLUDED.Gateway, Description = EXCLUDED.Description, Index = EXCLUDED.Index, DHCP = EXCLUDED.DHCP ;
INSERT INTO Hosts(Hostname) VALUES ('PM-SPSCRA013.pa.pref') ON CONFLICT(Hostname) DO UPDATE SET Hostname = EXCLUDED.Hostname ;
INSERT INTO CPU(Hostname, Name, Caption, NOC, NOLP)VALUES('PM-SPSCRA013.pa.pref', 'Intel(R) Core(TM) i3-7100 CPU @ 3.90GHz', 'Intel64 Family 6 Model 158 Stepping 9', '2', '4') ON CONFLICT(Hostname) DO UPDATE SET Hostname = EXCLUDED.Hostname, Name = EXCLUDED.Name, Caption = EXCLUDED.Caption, NOC = EXCLUDED.NOC, NOLP = EXCLUDED.NOLP ;
INSERT INTO Hosts(Hostname) VALUES ('PM-SPSCRA013.pa.pref') ON CONFLICT(Hostname) DO UPDATE SET Hostname = EXCLUDED.Hostname ;
INSERT INTO OS(Hostname, Caption, BuildNumber, Architecture, Description) VALUES('PM-SPSCRA013.pa.pref', 'Microsoft Windows 10 Pro', '19045', '64 bits', '133504') ON CONFLICT(Hostname) DO UPDATE SET Hostname = EXCLUDED.Hostname, Caption = EXCLUDED.Caption, BuildNumber = EXCLUDED.BuildNumber, Architecture = EXCLUDED.Architecture, Description = EXCLUDED.Description ;
INSERT INTO Hosts(Hostname) VALUES ('PM-SPSCRA013.pa.pref') ON CONFLICT(Hostname) DO UPDATE SET Hostname = EXCLUDED.Hostname ;
INSERT INTO Networking(Hostname, IP, Gateway, Description, Index, DHCP) VALUES ('PM-SPSCRA013.pa.pref', '192.168.115.71', '192.168.115.1', 'Realtek PCIe GBE Family Controller', '1', 'True') ON CONFLICT(Hostname) DO UPDATE SET Hostname = EXCLUDED.Hostname, IP = EXCLUDED.IP, Gateway = EXCLUDED.Gateway, Description = EXCLUDED.Description, Index = EXCLUDED.Index, DHCP = EXCLUDED.DHCP ;
INSERT INTO Hosts(Hostname) VALUES ('PM-SECED16010.pa.pref') ON CONFLICT(Hostname) DO UPDATE SET Hostname = EXCLUDED.Hostname ;
INSERT INTO CPU(Hostname, Name, Caption, NOC, NOLP)VALUES('PM-SECED16010.pa.pref', 'Intel(R) Core(TM) i3-2120 CPU @ 3.30GHz', 'Intel64 Family 6 Model 42 Stepping 7', '2', '4') ON CONFLICT(Hostname) DO UPDATE SET Hostname = EXCLUDED.Hostname, Name = EXCLUDED.Name, Caption = EXCLUDED.Caption, NOC = EXCLUDED.NOC, NOLP = EXCLUDED.NOLP ;
INSERT INTO Hosts(Hostname) VALUES ('PM-SECED16010.pa.pref') ON CONFLICT(Hostname) DO UPDATE SET Hostname = EXCLUDED.Hostname ;
INSERT INTO OS(Hostname, Caption, BuildNumber, Architecture, Description) VALUES('PM-SECED16010.pa.pref', 'Microsoft Windows 10 Pro', '19044', '64 bits', NULL) ON CONFLICT(Hostname) DO UPDATE SET Hostname = EXCLUDED.Hostname, Caption = EXCLUDED.Caption, BuildNumber = EXCLUDED.BuildNumber, Architecture = EXCLUDED.Architecture, Description = EXCLUDED.Description ;
INSERT INTO Hosts(Hostname) VALUES ('PM-SECED16010.pa.pref') ON CONFLICT(Hostname) DO UPDATE SET Hostname = EXCLUDED.Hostname ;
INSERT INTO Networking(Hostname, IP, Gateway, Description, Index, DHCP) VALUES ('PM-SECED16010.pa.pref', '192.168.166.88', '192.168.166.1', 'Realtek PCIe GbE Family Controller', '1', 'True') ON CONFLICT(Hostname) DO UPDATE SET Hostname = EXCLUDED.Hostname, IP = EXCLUDED.IP, Gateway = EXCLUDED.Gateway, Description = EXCLUDED.Description, Index = EXCLUDED.Index, DHCP = EXCLUDED.DHCP ;
INSERT INTO Hosts(Hostname) VALUES ('PM-SPSPOP001.pa.pref') ON CONFLICT(Hostname) DO UPDATE SET Hostname = EXCLUDED.Hostname ;
INSERT INTO CPU(Hostname, Name, Caption, NOC, NOLP)VALUES('PM-SPSPOP001.pa.pref', 'Intel(R) Core(TM) i5-3470 CPU @ 3.20GHz', 'Intel64 Family 6 Model 58 Stepping 9', '4', '4') ON CONFLICT(Hostname) DO UPDATE SET Hostname = EXCLUDED.Hostname, Name = EXCLUDED.Name, Caption = EXCLUDED.Caption, NOC = EXCLUDED.NOC, NOLP = EXCLUDED.NOLP ;
INSERT INTO Hosts(Hostname) VALUES ('PM-SPSPOP001.pa.pref') ON CONFLICT(Hostname) DO UPDATE SET Hostname = EXCLUDED.Hostname ;
INSERT INTO OS(Hostname, Caption, BuildNumber, Architecture, Description) VALUES('PM-SPSPOP001.pa.pref', 'Microsoft Windows 10 Pro', '19045', '64 bits', 'S/P A-188631651') ON CONFLICT(Hostname) DO UPDATE SET Hostname = EXCLUDED.Hostname, Caption = EXCLUDED.Caption, BuildNumber = EXCLUDED.BuildNumber, Architecture = EXCLUDED.Architecture, Description = EXCLUDED.Description ;
INSERT INTO Hosts(Hostname) VALUES ('PM-SPSPOP001.pa.pref') ON CONFLICT(Hostname) DO UPDATE SET Hostname = EXCLUDED.Hostname ;
INSERT INTO Networking(Hostname, IP, Gateway, Description, Index, DHCP) VALUES ('PM-SPSPOP001.pa.pref', '192.168.23.95', '192.168.23.1', 'Qualcomm Atheros AR9485 Wireless Network Adapter', '10', 'True') ON CONFLICT(Hostname) DO UPDATE SET Hostname = EXCLUDED.Hostname, IP = EXCLUDED.IP, Gateway = EXCLUDED.Gateway, Description = EXCLUDED.Description, Index = EXCLUDED.Index, DHCP = EXCLUDED.DHCP ;
INSERT INTO Hosts(Hostname) VALUES ('PM-SUPADM005.pa.pref') ON CONFLICT(Hostname) DO UPDATE SET Hostname = EXCLUDED.Hostname ;
INSERT INTO CPU(Hostname, Name, Caption, NOC, NOLP)VALUES('PM-SUPADM005.pa.pref', 'Intel(R) Core(TM) i5-3470 CPU @ 3.20GHz', 'Intel64 Family 6 Model 58 Stepping 9', '4', '4') ON CONFLICT(Hostname) DO UPDATE SET Hostname = EXCLUDED.Hostname, Name = EXCLUDED.Name, Caption = EXCLUDED.Caption, NOC = EXCLUDED.NOC, NOLP = EXCLUDED.NOLP ;
INSERT INTO Hosts(Hostname) VALUES ('PM-SUPADM005.pa.pref') ON CONFLICT(Hostname) DO UPDATE SET Hostname = EXCLUDED.Hostname ;
INSERT INTO OS(Hostname, Caption, BuildNumber, Architecture, Description) VALUES('PM-SUPADM005.pa.pref', 'Microsoft Windows 7 Professional ', '7601', '64-bit', NULL) ON CONFLICT(Hostname) DO UPDATE SET Hostname = EXCLUDED.Hostname, Caption = EXCLUDED.Caption, BuildNumber = EXCLUDED.BuildNumber, Architecture = EXCLUDED.Architecture, Description = EXCLUDED.Description ;
INSERT INTO Hosts(Hostname) VALUES ('PM-SUPADM005.pa.pref') ON CONFLICT(Hostname) DO UPDATE SET Hostname = EXCLUDED.Hostname ;
INSERT INTO Networking(Hostname, IP, Gateway, Description, Index, DHCP) VALUES ('PM-SUPADM005.pa.pref', '192.168.8.105', '192.168.8.1', 'Intel(R) 82579LM Gigabit Network Connection', '7', 'True') ON CONFLICT(Hostname) DO UPDATE SET Hostname = EXCLUDED.Hostname, IP = EXCLUDED.IP, Gateway = EXCLUDED.Gateway, Description = EXCLUDED.Description, Index = EXCLUDED.Index, DHCP = EXCLUDED.DHCP ;
INSERT INTO Hosts(Hostname) VALUES ('PM-SURADM037.pa.pref') ON CONFLICT(Hostname) DO UPDATE SET Hostname = EXCLUDED.Hostname ;
INSERT INTO CPU(Hostname, Name, Caption, NOC, NOLP)VALUES('PM-SURADM037.pa.pref', 'Intel(R) Core(TM) i3-10100 CPU @ 3.60GHz', 'Intel64 Family 6 Model 165 Stepping 3', '4', '8') ON CONFLICT(Hostname) DO UPDATE SET Hostname = EXCLUDED.Hostname, Name = EXCLUDED.Name, Caption = EXCLUDED.Caption, NOC = EXCLUDED.NOC, NOLP = EXCLUDED.NOLP ;
INSERT INTO Hosts(Hostname) VALUES ('PM-SURADM037.pa.pref') ON CONFLICT(Hostname) DO UPDATE SET Hostname = EXCLUDED.Hostname ;
INSERT INTO OS(Hostname, Caption, BuildNumber, Architecture, Description) VALUES('PM-SURADM037.pa.pref', 'Microsoft Windows 10 Pro', '19045', '64 bits', 'P-175513 A-985211244') ON CONFLICT(Hostname) DO UPDATE SET Hostname = EXCLUDED.Hostname, Caption = EXCLUDED.Caption, BuildNumber = EXCLUDED.BuildNumber, Architecture = EXCLUDED.Architecture, Description = EXCLUDED.Description ;
INSERT INTO Hosts(Hostname) VALUES ('PM-SURADM037.pa.pref') ON CONFLICT(Hostname) DO UPDATE SET Hostname = EXCLUDED.Hostname ;
INSERT INTO Networking(Hostname, IP, Gateway, Description, Index, DHCP) VALUES ('PM-SURADM037.pa.pref', '192.168.198.88', '192.168.198.1', 'Realtek PCIe GbE Family Controller', '1', 'True') ON CONFLICT(Hostname) DO UPDATE SET Hostname = EXCLUDED.Hostname, IP = EXCLUDED.IP, Gateway = EXCLUDED.Gateway, Description = EXCLUDED.Description, Index = EXCLUDED.Index, DHCP = EXCLUDED.DHCP ;
INSERT INTO Hosts(Hostname) VALUES ('PM-SECAES003.pa.pref') ON CONFLICT(Hostname) DO UPDATE SET Hostname = EXCLUDED.Hostname ;
INSERT INTO CPU(Hostname, Name, Caption, NOC, NOLP)VALUES('PM-SECAES003.pa.pref', 'Intel(R) Core(TM) i3-7100 CPU @ 3.90GHz', 'Intel64 Family 6 Model 158 Stepping 9', '2', '4') ON CONFLICT(Hostname) DO UPDATE SET Hostname = EXCLUDED.Hostname, Name = EXCLUDED.Name, Caption = EXCLUDED.Caption, NOC = EXCLUDED.NOC, NOLP = EXCLUDED.NOLP ;
INSERT INTO Hosts(Hostname) VALUES ('PM-SECAES003.pa.pref') ON CONFLICT(Hostname) DO UPDATE SET Hostname = EXCLUDED.Hostname ;
INSERT INTO OS(Hostname, Caption, BuildNumber, Architecture, Description) VALUES('PM-SECAES003.pa.pref', 'Microsoft Windows 10 Pro', '19045', '64 bits', 'Patrimônio 132018') ON CONFLICT(Hostname) DO UPDATE SET Hostname = EXCLUDED.Hostname, Caption = EXCLUDED.Caption, BuildNumber = EXCLUDED.BuildNumber, Architecture = EXCLUDED.Architecture, Description = EXCLUDED.Description ;
INSERT INTO Hosts(Hostname) VALUES ('PM-SECAES003.pa.pref') ON CONFLICT(Hostname) DO UPDATE SET Hostname = EXCLUDED.Hostname ;
INSERT INTO Networking(Hostname, IP, Gateway, Description, Index, DHCP) VALUES ('PM-SECAES003.pa.pref', '192.168.111.245', '192.168.111.1', 'Realtek PCIe GBE Family Controller', '1', 'True') ON CONFLICT(Hostname) DO UPDATE SET Hostname = EXCLUDED.Hostname, IP = EXCLUDED.IP, Gateway = EXCLUDED.Gateway, Description = EXCLUDED.Description, Index = EXCLUDED.Index, DHCP = EXCLUDED.DHCP ;
INSERT INTO Hosts(Hostname) VALUES ('PM-SAFGEO005.pa.pref') ON CONFLICT(Hostname) DO UPDATE SET Hostname = EXCLUDED.Hostname ;
INSERT INTO CPU(Hostname, Name, Caption, NOC, NOLP)VALUES('PM-SAFGEO005.pa.pref', 'Intel(R) Core(TM) i7-4790 CPU @ 3.60GHz', 'Intel64 Family 6 Model 60 Stepping 3', '4', '8') ON CONFLICT(Hostname) DO UPDATE SET Hostname = EXCLUDED.Hostname, Name = EXCLUDED.Name, Caption = EXCLUDED.Caption, NOC = EXCLUDED.NOC, NOLP = EXCLUDED.NOLP ;
INSERT INTO Hosts(Hostname) VALUES ('PM-SAFGEO005.pa.pref') ON CONFLICT(Hostname) DO UPDATE SET Hostname = EXCLUDED.Hostname ;
INSERT INTO OS(Hostname, Caption, BuildNumber, Architecture, Description) VALUES('PM-SAFGEO005.pa.pref', 'Microsoft Windows 7 Professional ', '7601', '64-bit', NULL) ON CONFLICT(Hostname) DO UPDATE SET Hostname = EXCLUDED.Hostname, Caption = EXCLUDED.Caption, BuildNumber = EXCLUDED.BuildNumber, Architecture = EXCLUDED.Architecture, Description = EXCLUDED.Description ;
INSERT INTO Hosts(Hostname) VALUES ('PM-SAFGEO005.pa.pref') ON CONFLICT(Hostname) DO UPDATE SET Hostname = EXCLUDED.Hostname ;
INSERT INTO Networking(Hostname, IP, Gateway, Description, Index, DHCP) VALUES ('PM-SAFGEO005.pa.pref', '192.168.223.120', '192.168.223.1', 'Intel(R) Ethernet Connection I217-LM', '9', 'True') ON CONFLICT(Hostname) DO UPDATE SET Hostname = EXCLUDED.Hostname, IP = EXCLUDED.IP, Gateway = EXCLUDED.Gateway, Description = EXCLUDED.Description, Index = EXCLUDED.Index, DHCP = EXCLUDED.DHCP ;
INSERT INTO Hosts(Hostname) VALUES ('PM-SPEADM003.pa.pref') ON CONFLICT(Hostname) DO UPDATE SET Hostname = EXCLUDED.Hostname ;
INSERT INTO CPU(Hostname, Name, Caption, NOC, NOLP)VALUES('PM-SPEADM003.pa.pref', 'Intel(R) Core(TM) i3-10100 CPU @ 3.60GHz', 'Intel64 Family 6 Model 165 Stepping 3', '4', '8') ON CONFLICT(Hostname) DO UPDATE SET Hostname = EXCLUDED.Hostname, Name = EXCLUDED.Name, Caption = EXCLUDED.Caption, NOC = EXCLUDED.NOC, NOLP = EXCLUDED.NOLP ;
INSERT INTO Hosts(Hostname) VALUES ('PM-SPEADM003.pa.pref') ON CONFLICT(Hostname) DO UPDATE SET Hostname = EXCLUDED.Hostname ;
INSERT INTO OS(Hostname, Caption, BuildNumber, Architecture, Description) VALUES('PM-SPEADM003.pa.pref', 'Microsoft Windows 10 Pro', '19045', '64 bits', 'P-174793 A-165227202') ON CONFLICT(Hostname) DO UPDATE SET Hostname = EXCLUDED.Hostname, Caption = EXCLUDED.Caption, BuildNumber = EXCLUDED.BuildNumber, Architecture = EXCLUDED.Architecture, Description = EXCLUDED.Description ;
INSERT INTO Hosts(Hostname) VALUES ('PM-SPEADM003.pa.pref') ON CONFLICT(Hostname) DO UPDATE SET Hostname = EXCLUDED.Hostname ;
INSERT INTO Networking(Hostname, IP, Gateway, Description, Index, DHCP) VALUES ('PM-SPEADM003.pa.pref', '192.168.8.227', '192.168.8.1', 'Realtek PCIe GbE Family Controller', '1', 'True') ON CONFLICT(Hostname) DO UPDATE SET Hostname = EXCLUDED.Hostname, IP = EXCLUDED.IP, Gateway = EXCLUDED.Gateway, Description = EXCLUDED.Description, Index = EXCLUDED.Index, DHCP = EXCLUDED.DHCP ;
INSERT INTO Hosts(Hostname) VALUES ('PM-SECED06003.pa.pref') ON CONFLICT(Hostname) DO UPDATE SET Hostname = EXCLUDED.Hostname ;
INSERT INTO CPU(Hostname, Name, Caption, NOC, NOLP)VALUES('PM-SECED06003.pa.pref', 'Intel(R) Core(TM) i5-3470 CPU @ 3.20GHz', 'x64 Family 6 Model 58 Stepping 9', '4', '4') ON CONFLICT(Hostname) DO UPDATE SET Hostname = EXCLUDED.Hostname, Name = EXCLUDED.Name, Caption = EXCLUDED.Caption, NOC = EXCLUDED.NOC, NOLP = EXCLUDED.NOLP ;
INSERT INTO Hosts(Hostname) VALUES ('PM-SECED06003.pa.pref') ON CONFLICT(Hostname) DO UPDATE SET Hostname = EXCLUDED.Hostname ;
INSERT INTO OS(Hostname, Caption, BuildNumber, Architecture, Description) VALUES('PM-SECED06003.pa.pref', 'Microsoft Windows 7 Professional ', '7601', '32-bit', 'patrimonio 102381') ON CONFLICT(Hostname) DO UPDATE SET Hostname = EXCLUDED.Hostname, Caption = EXCLUDED.Caption, BuildNumber = EXCLUDED.BuildNumber, Architecture = EXCLUDED.Architecture, Description = EXCLUDED.Description ;
INSERT INTO Hosts(Hostname) VALUES ('PM-SECED06003.pa.pref') ON CONFLICT(Hostname) DO UPDATE SET Hostname = EXCLUDED.Hostname ;
INSERT INTO Networking(Hostname, IP, Gateway, Description, Index, DHCP) VALUES ('PM-SECED06003.pa.pref', '192.168.175.174', '192.168.175.1', 'Intel(R) 82579LM Gigabit Network Connection', '7', 'True') ON CONFLICT(Hostname) DO UPDATE SET Hostname = EXCLUDED.Hostname, IP = EXCLUDED.IP, Gateway = EXCLUDED.Gateway, Description = EXCLUDED.Description, Index = EXCLUDED.Index, DHCP = EXCLUDED.DHCP ;
INSERT INTO Hosts(Hostname) VALUES ('PM-NOTEBOOK03.pa.pref') ON CONFLICT(Hostname) DO UPDATE SET Hostname = EXCLUDED.Hostname ;
INSERT INTO CPU(Hostname, Name, Caption, NOC, NOLP)VALUES('PM-NOTEBOOK03.pa.pref', '11th Gen Intel(R) Core(TM) i5-1135G7 @ 2.40GHz', 'Intel64 Family 6 Model 140 Stepping 1', '4', '8') ON CONFLICT(Hostname) DO UPDATE SET Hostname = EXCLUDED.Hostname, Name = EXCLUDED.Name, Caption = EXCLUDED.Caption, NOC = EXCLUDED.NOC, NOLP = EXCLUDED.NOLP ;
INSERT INTO Hosts(Hostname) VALUES ('PM-NOTEBOOK03.pa.pref') ON CONFLICT(Hostname) DO UPDATE SET Hostname = EXCLUDED.Hostname ;
INSERT INTO OS(Hostname, Caption, BuildNumber, Architecture, Description) VALUES('PM-NOTEBOOK03.pa.pref', 'Microsoft Windows 10 Pro', '19044', '64 bits', 'P-168679 A-342015690') ON CONFLICT(Hostname) DO UPDATE SET Hostname = EXCLUDED.Hostname, Caption = EXCLUDED.Caption, BuildNumber = EXCLUDED.BuildNumber, Architecture = EXCLUDED.Architecture, Description = EXCLUDED.Description ;
INSERT INTO Hosts(Hostname) VALUES ('PM-NOTEBOOK03.pa.pref') ON CONFLICT(Hostname) DO UPDATE SET Hostname = EXCLUDED.Hostname ;
INSERT INTO Networking(Hostname, IP, Gateway, Description, Index, DHCP) VALUES ('PM-NOTEBOOK03.pa.pref', '192.168.8.124', '192.168.8.1', 'Realtek PCIe GbE Family Controller', '3', 'True') ON CONFLICT(Hostname) DO UPDATE SET Hostname = EXCLUDED.Hostname, IP = EXCLUDED.IP, Gateway = EXCLUDED.Gateway, Description = EXCLUDED.Description, Index = EXCLUDED.Index, DHCP = EXCLUDED.DHCP ;
INSERT INTO Hosts(Hostname) VALUES ('PM-SSAUSNOME.pa.pref') ON CONFLICT(Hostname) DO UPDATE SET Hostname = EXCLUDED.Hostname ;
INSERT INTO CPU(Hostname, Name, Caption, NOC, NOLP)VALUES('PM-SSAUSNOME.pa.pref', 'Intel(R) Core(TM) i5-3470 CPU @ 3.20GHz', 'Intel64 Family 6 Model 58 Stepping 9', '4', '4') ON CONFLICT(Hostname) DO UPDATE SET Hostname = EXCLUDED.Hostname, Name = EXCLUDED.Name, Caption = EXCLUDED.Caption, NOC = EXCLUDED.NOC, NOLP = EXCLUDED.NOLP ;
INSERT INTO Hosts(Hostname) VALUES ('PM-SSAUSNOME.pa.pref') ON CONFLICT(Hostname) DO UPDATE SET Hostname = EXCLUDED.Hostname ;
INSERT INTO OS(Hostname, Caption, BuildNumber, Architecture, Description) VALUES('PM-SSAUSNOME.pa.pref', 'Microsoft Windows 10 Pro', '19045', '64 bits', 'P-101248') ON CONFLICT(Hostname) DO UPDATE SET Hostname = EXCLUDED.Hostname, Caption = EXCLUDED.Caption, BuildNumber = EXCLUDED.BuildNumber, Architecture = EXCLUDED.Architecture, Description = EXCLUDED.Description ;
INSERT INTO Hosts(Hostname) VALUES ('PM-SSAUSNOME.pa.pref') ON CONFLICT(Hostname) DO UPDATE SET Hostname = EXCLUDED.Hostname ;
INSERT INTO Networking(Hostname, IP, Gateway, Description, Index, DHCP) VALUES ('PM-SSAUSNOME.pa.pref', '192.168.36.167', '192.168.36.1', 'Intel(R) 82579LM Gigabit Network Connection', '1', 'True') ON CONFLICT(Hostname) DO UPDATE SET Hostname = EXCLUDED.Hostname, IP = EXCLUDED.IP, Gateway = EXCLUDED.Gateway, Description = EXCLUDED.Description, Index = EXCLUDED.Index, DHCP = EXCLUDED.DHCP ;
INSERT INTO Hosts(Hostname) VALUES ('PM-SIOADMN01.pa.pref') ON CONFLICT(Hostname) DO UPDATE SET Hostname = EXCLUDED.Hostname ;
INSERT INTO CPU(Hostname, Name, Caption, NOC, NOLP)VALUES('PM-SIOADMN01.pa.pref', '12th Gen Intel(R) Core(TM) i3-12100', 'Intel64 Family 6 Model 151 Stepping 5', '4', '8') ON CONFLICT(Hostname) DO UPDATE SET Hostname = EXCLUDED.Hostname, Name = EXCLUDED.Name, Caption = EXCLUDED.Caption, NOC = EXCLUDED.NOC, NOLP = EXCLUDED.NOLP ;
INSERT INTO Hosts(Hostname) VALUES ('PM-SIOADMN01.pa.pref') ON CONFLICT(Hostname) DO UPDATE SET Hostname = EXCLUDED.Hostname ;
INSERT INTO OS(Hostname, Caption, BuildNumber, Architecture, Description) VALUES('PM-SIOADMN01.pa.pref', 'Microsoft Windows 11 Pro', '22621', '64 bits', NULL) ON CONFLICT(Hostname) DO UPDATE SET Hostname = EXCLUDED.Hostname, Caption = EXCLUDED.Caption, BuildNumber = EXCLUDED.BuildNumber, Architecture = EXCLUDED.Architecture, Description = EXCLUDED.Description ;
INSERT INTO Hosts(Hostname) VALUES ('PM-SIOADMN01.pa.pref') ON CONFLICT(Hostname) DO UPDATE SET Hostname = EXCLUDED.Hostname ;
INSERT INTO Networking(Hostname, IP, Gateway, Description, Index, DHCP) VALUES ('PM-SIOADMN01.pa.pref', '192.168.10.107', '192.168.10.1', 'Realtek PCIe GbE Family Controller', '1', 'True') ON CONFLICT(Hostname) DO UPDATE SET Hostname = EXCLUDED.Hostname, IP = EXCLUDED.IP, Gateway = EXCLUDED.Gateway, Description = EXCLUDED.Description, Index = EXCLUDED.Index, DHCP = EXCLUDED.DHCP ;
INSERT INTO Hosts(Hostname) VALUES ('PM-SSAUS38036.pa.pref') ON CONFLICT(Hostname) DO UPDATE SET Hostname = EXCLUDED.Hostname ;
INSERT INTO CPU(Hostname, Name, Caption, NOC, NOLP)VALUES('PM-SSAUS38036.pa.pref', 'AMD Ryzen 3 PRO 4350GE with Radeon Graphics', 'AMD64 Family 23 Model 96 Stepping 1', '4', '8') ON CONFLICT(Hostname) DO UPDATE SET Hostname = EXCLUDED.Hostname, Name = EXCLUDED.Name, Caption = EXCLUDED.Caption, NOC = EXCLUDED.NOC, NOLP = EXCLUDED.NOLP ;
INSERT INTO Hosts(Hostname) VALUES ('PM-SSAUS38036.pa.pref') ON CONFLICT(Hostname) DO UPDATE SET Hostname = EXCLUDED.Hostname ;
INSERT INTO OS(Hostname, Caption, BuildNumber, Architecture, Description) VALUES('PM-SSAUS38036.pa.pref', 'Microsoft Windows 11 Pro', '22621', '64 bits', 'P-169109 A-661367385') ON CONFLICT(Hostname) DO UPDATE SET Hostname = EXCLUDED.Hostname, Caption = EXCLUDED.Caption, BuildNumber = EXCLUDED.BuildNumber, Architecture = EXCLUDED.Architecture, Description = EXCLUDED.Description ;
INSERT INTO Hosts(Hostname) VALUES ('PM-SSAUS38036.pa.pref') ON CONFLICT(Hostname) DO UPDATE SET Hostname = EXCLUDED.Hostname ;
INSERT INTO Networking(Hostname, IP, Gateway, Description, Index, DHCP) VALUES ('PM-SSAUS38036.pa.pref', '192.168.36.247', '192.168.36.1', 'Realtek PCIe GbE Family Controller', '1', 'True') ON CONFLICT(Hostname) DO UPDATE SET Hostname = EXCLUDED.Hostname, IP = EXCLUDED.IP, Gateway = EXCLUDED.Gateway, Description = EXCLUDED.Description, Index = EXCLUDED.Index, DHCP = EXCLUDED.DHCP ;
INSERT INTO Hosts(Hostname) VALUES ('PM-SSAUS24001.pa.pref') ON CONFLICT(Hostname) DO UPDATE SET Hostname = EXCLUDED.Hostname ;
INSERT INTO CPU(Hostname, Name, Caption, NOC, NOLP)VALUES('PM-SSAUS24001.pa.pref', 'Intel(R) Core(TM)2 Duo CPU     E7500  @ 2.93GHz', 'Intel64 Family 6 Model 23 Stepping 10', '2', '2') ON CONFLICT(Hostname) DO UPDATE SET Hostname = EXCLUDED.Hostname, Name = EXCLUDED.Name, Caption = EXCLUDED.Caption, NOC = EXCLUDED.NOC, NOLP = EXCLUDED.NOLP ;
INSERT INTO Hosts(Hostname) VALUES ('PM-SSAUS24001.pa.pref') ON CONFLICT(Hostname) DO UPDATE SET Hostname = EXCLUDED.Hostname ;
INSERT INTO OS(Hostname, Caption, BuildNumber, Architecture, Description) VALUES('PM-SSAUS24001.pa.pref', 'Microsoft Windows 10 Pro', '19045', '64 bits', 'PM-SSAUS24001') ON CONFLICT(Hostname) DO UPDATE SET Hostname = EXCLUDED.Hostname, Caption = EXCLUDED.Caption, BuildNumber = EXCLUDED.BuildNumber, Architecture = EXCLUDED.Architecture, Description = EXCLUDED.Description ;
INSERT INTO Hosts(Hostname) VALUES ('PM-SSAUS24001.pa.pref') ON CONFLICT(Hostname) DO UPDATE SET Hostname = EXCLUDED.Hostname ;
INSERT INTO Networking(Hostname, IP, Gateway, Description, Index, DHCP) VALUES ('PM-SSAUS24001.pa.pref', '192.168.32.119', '192.168.32.1', 'Intel(R) 82567V-4 Gigabit Network Connection', '1', 'True') ON CONFLICT(Hostname) DO UPDATE SET Hostname = EXCLUDED.Hostname, IP = EXCLUDED.IP, Gateway = EXCLUDED.Gateway, Description = EXCLUDED.Description, Index = EXCLUDED.Index, DHCP = EXCLUDED.DHCP ;
INSERT INTO Hosts(Hostname) VALUES ('PM-SSAUS37010.pa.pref') ON CONFLICT(Hostname) DO UPDATE SET Hostname = EXCLUDED.Hostname ;
INSERT INTO CPU(Hostname, Name, Caption, NOC, NOLP)VALUES('PM-SSAUS37010.pa.pref', 'Intel(R) Core(TM) i3-9100 CPU @ 3.60GHz', 'Intel64 Family 6 Model 158 Stepping 11', '4', '4') ON CONFLICT(Hostname) DO UPDATE SET Hostname = EXCLUDED.Hostname, Name = EXCLUDED.Name, Caption = EXCLUDED.Caption, NOC = EXCLUDED.NOC, NOLP = EXCLUDED.NOLP ;
INSERT INTO Hosts(Hostname) VALUES ('PM-SSAUS37010.pa.pref') ON CONFLICT(Hostname) DO UPDATE SET Hostname = EXCLUDED.Hostname ;
INSERT INTO OS(Hostname, Caption, BuildNumber, Architecture, Description) VALUES('PM-SSAUS37010.pa.pref', 'Microsoft Windows 11 Pro', '22621', '64 bits', 'Patrimônio 150583') ON CONFLICT(Hostname) DO UPDATE SET Hostname = EXCLUDED.Hostname, Caption = EXCLUDED.Caption, BuildNumber = EXCLUDED.BuildNumber, Architecture = EXCLUDED.Architecture, Description = EXCLUDED.Description ;
INSERT INTO Hosts(Hostname) VALUES ('PM-SSAUS37010.pa.pref') ON CONFLICT(Hostname) DO UPDATE SET Hostname = EXCLUDED.Hostname ;
INSERT INTO Networking(Hostname, IP, Gateway, Description, Index, DHCP) VALUES ('PM-SSAUS37010.pa.pref', '192.168.152.73', '192.168.152.1', 'Intel(R) Ethernet Connection (7) I219-V', '1', 'True') ON CONFLICT(Hostname) DO UPDATE SET Hostname = EXCLUDED.Hostname, IP = EXCLUDED.IP, Gateway = EXCLUDED.Gateway, Description = EXCLUDED.Description, Index = EXCLUDED.Index, DHCP = EXCLUDED.DHCP ;
INSERT INTO Hosts(Hostname) VALUES ('PM-SSAUS16006.pa.pref') ON CONFLICT(Hostname) DO UPDATE SET Hostname = EXCLUDED.Hostname ;
INSERT INTO CPU(Hostname, Name, Caption, NOC, NOLP)VALUES('PM-SSAUS16006.pa.pref', 'Intel(R) Core(TM) i5-3470 CPU @ 3.20GHz', 'Intel64 Family 6 Model 58 Stepping 9', '4', '4') ON CONFLICT(Hostname) DO UPDATE SET Hostname = EXCLUDED.Hostname, Name = EXCLUDED.Name, Caption = EXCLUDED.Caption, NOC = EXCLUDED.NOC, NOLP = EXCLUDED.NOLP ;
INSERT INTO Hosts(Hostname) VALUES ('PM-SSAUS16006.pa.pref') ON CONFLICT(Hostname) DO UPDATE SET Hostname = EXCLUDED.Hostname ;
INSERT INTO OS(Hostname, Caption, BuildNumber, Architecture, Description) VALUES('PM-SSAUS16006.pa.pref', 'Microsoft Windows 7 Professional ', '7601', '64-bit', 'Patrimonio 99822') ON CONFLICT(Hostname) DO UPDATE SET Hostname = EXCLUDED.Hostname, Caption = EXCLUDED.Caption, BuildNumber = EXCLUDED.BuildNumber, Architecture = EXCLUDED.Architecture, Description = EXCLUDED.Description ;
INSERT INTO Hosts(Hostname) VALUES ('PM-SSAUS16006.pa.pref') ON CONFLICT(Hostname) DO UPDATE SET Hostname = EXCLUDED.Hostname ;
INSERT INTO Networking(Hostname, IP, Gateway, Description, Index, DHCP) VALUES ('PM-SSAUS16006.pa.pref', '192.168.168.106', '192.168.168.1', 'Intel(R) 82579LM Gigabit Network Connection', '7', 'True') ON CONFLICT(Hostname) DO UPDATE SET Hostname = EXCLUDED.Hostname, IP = EXCLUDED.IP, Gateway = EXCLUDED.Gateway, Description = EXCLUDED.Description, Index = EXCLUDED.Index, DHCP = EXCLUDED.DHCP ;
INSERT INTO Hosts(Hostname) VALUES ('PM-SSAUS32002.pa.pref') ON CONFLICT(Hostname) DO UPDATE SET Hostname = EXCLUDED.Hostname ;
INSERT INTO CPU(Hostname, Name, Caption, NOC, NOLP)VALUES('PM-SSAUS32002.pa.pref', 'Intel(R) Core(TM) i5-3470 CPU @ 3.20GHz', 'Intel64 Family 6 Model 58 Stepping 9', '4', '4') ON CONFLICT(Hostname) DO UPDATE SET Hostname = EXCLUDED.Hostname, Name = EXCLUDED.Name, Caption = EXCLUDED.Caption, NOC = EXCLUDED.NOC, NOLP = EXCLUDED.NOLP ;
INSERT INTO Hosts(Hostname) VALUES ('PM-SSAUS32002.pa.pref') ON CONFLICT(Hostname) DO UPDATE SET Hostname = EXCLUDED.Hostname ;
INSERT INTO OS(Hostname, Caption, BuildNumber, Architecture, Description) VALUES('PM-SSAUS32002.pa.pref', 'Microsoft Windows 10 Pro', '19044', '64 bits', NULL) ON CONFLICT(Hostname) DO UPDATE SET Hostname = EXCLUDED.Hostname, Caption = EXCLUDED.Caption, BuildNumber = EXCLUDED.BuildNumber, Architecture = EXCLUDED.Architecture, Description = EXCLUDED.Description ;
INSERT INTO Hosts(Hostname) VALUES ('PM-SSAUS32002.pa.pref') ON CONFLICT(Hostname) DO UPDATE SET Hostname = EXCLUDED.Hostname ;
INSERT INTO Networking(Hostname, IP, Gateway, Description, Index, DHCP) VALUES ('PM-SSAUS32002.pa.pref', '192.168.169.253', '192.168.169.1', 'Intel(R) 82579LM Gigabit Network Connection', '1', 'True') ON CONFLICT(Hostname) DO UPDATE SET Hostname = EXCLUDED.Hostname, IP = EXCLUDED.IP, Gateway = EXCLUDED.Gateway, Description = EXCLUDED.Description, Index = EXCLUDED.Index, DHCP = EXCLUDED.DHCP ;
INSERT INTO Hosts(Hostname) VALUES ('PM-INFO027.pa.pref') ON CONFLICT(Hostname) DO UPDATE SET Hostname = EXCLUDED.Hostname ;
INSERT INTO CPU(Hostname, Name, Caption, NOC, NOLP)VALUES('PM-INFO027.pa.pref', 'Intel(R) Core(TM) i3-10100 CPU @ 3.60GHz', 'Intel64 Family 6 Model 165 Stepping 3', '4', '8') ON CONFLICT(Hostname) DO UPDATE SET Hostname = EXCLUDED.Hostname, Name = EXCLUDED.Name, Caption = EXCLUDED.Caption, NOC = EXCLUDED.NOC, NOLP = EXCLUDED.NOLP ;
INSERT INTO Hosts(Hostname) VALUES ('PM-INFO027.pa.pref') ON CONFLICT(Hostname) DO UPDATE SET Hostname = EXCLUDED.Hostname ;
INSERT INTO OS(Hostname, Caption, BuildNumber, Architecture, Description) VALUES('PM-INFO027.pa.pref', 'Microsoft Windows 10 Pro', '19045', '64 bits', 'P-174513 A-430904645') ON CONFLICT(Hostname) DO UPDATE SET Hostname = EXCLUDED.Hostname, Caption = EXCLUDED.Caption, BuildNumber = EXCLUDED.BuildNumber, Architecture = EXCLUDED.Architecture, Description = EXCLUDED.Description ;
INSERT INTO Hosts(Hostname) VALUES ('PM-INFO027.pa.pref') ON CONFLICT(Hostname) DO UPDATE SET Hostname = EXCLUDED.Hostname ;
INSERT INTO Networking(Hostname, IP, Gateway, Description, Index, DHCP) VALUES ('PM-INFO027.pa.pref', '192.168.16.118', '192.168.16.1', 'Realtek PCIe GbE Family Controller', '1', 'True') ON CONFLICT(Hostname) DO UPDATE SET Hostname = EXCLUDED.Hostname, IP = EXCLUDED.IP, Gateway = EXCLUDED.Gateway, Description = EXCLUDED.Description, Index = EXCLUDED.Index, DHCP = EXCLUDED.DHCP ;
INSERT INTO Hosts(Hostname) VALUES ('PM-STTADM030.pa.pref') ON CONFLICT(Hostname) DO UPDATE SET Hostname = EXCLUDED.Hostname ;
INSERT INTO CPU(Hostname, Name, Caption, NOC, NOLP)VALUES('PM-STTADM030.pa.pref', 'AMD Athlon(tm) II X2 B22 Processor', 'AMD64 Family 16 Model 6 Stepping 2', '2', '2') ON CONFLICT(Hostname) DO UPDATE SET Hostname = EXCLUDED.Hostname, Name = EXCLUDED.Name, Caption = EXCLUDED.Caption, NOC = EXCLUDED.NOC, NOLP = EXCLUDED.NOLP ;
INSERT INTO Hosts(Hostname) VALUES ('PM-STTADM030.pa.pref') ON CONFLICT(Hostname) DO UPDATE SET Hostname = EXCLUDED.Hostname ;
INSERT INTO OS(Hostname, Caption, BuildNumber, Architecture, Description) VALUES('PM-STTADM030.pa.pref', 'Microsoft Windows 7 Professional ', '7601', '64-bit', 'Patrimônio: 86315') ON CONFLICT(Hostname) DO UPDATE SET Hostname = EXCLUDED.Hostname, Caption = EXCLUDED.Caption, BuildNumber = EXCLUDED.BuildNumber, Architecture = EXCLUDED.Architecture, Description = EXCLUDED.Description ;
INSERT INTO Hosts(Hostname) VALUES ('PM-STTADM030.pa.pref') ON CONFLICT(Hostname) DO UPDATE SET Hostname = EXCLUDED.Hostname ;
INSERT INTO Networking(Hostname, IP, Gateway, Description, Index, DHCP) VALUES ('PM-STTADM030.pa.pref', '192.168.146.56', '192.168.146.1', 'Broadcom NetXtreme Gigabit Ethernet', '7', 'True') ON CONFLICT(Hostname) DO UPDATE SET Hostname = EXCLUDED.Hostname, IP = EXCLUDED.IP, Gateway = EXCLUDED.Gateway, Description = EXCLUDED.Description, Index = EXCLUDED.Index, DHCP = EXCLUDED.DHCP ;
INSERT INTO Hosts(Hostname) VALUES ('PM-SECED31008.pa.pref') ON CONFLICT(Hostname) DO UPDATE SET Hostname = EXCLUDED.Hostname ;
INSERT INTO CPU(Hostname, Name, Caption, NOC, NOLP)VALUES('PM-SECED31008.pa.pref', 'Intel(R) Core(TM) i3-10100 CPU @ 3.60GHz', 'Intel64 Family 6 Model 165 Stepping 3', '4', '8') ON CONFLICT(Hostname) DO UPDATE SET Hostname = EXCLUDED.Hostname, Name = EXCLUDED.Name, Caption = EXCLUDED.Caption, NOC = EXCLUDED.NOC, NOLP = EXCLUDED.NOLP ;
INSERT INTO Hosts(Hostname) VALUES ('PM-SECED31008.pa.pref') ON CONFLICT(Hostname) DO UPDATE SET Hostname = EXCLUDED.Hostname ;
INSERT INTO OS(Hostname, Caption, BuildNumber, Architecture, Description) VALUES('PM-SECED31008.pa.pref', 'Microsoft Windows 10 Pro', '19045', '64 bits', 'P-174510\\A-919841727') ON CONFLICT(Hostname) DO UPDATE SET Hostname = EXCLUDED.Hostname, Caption = EXCLUDED.Caption, BuildNumber = EXCLUDED.BuildNumber, Architecture = EXCLUDED.Architecture, Description = EXCLUDED.Description ;
INSERT INTO Hosts(Hostname) VALUES ('PM-SECED31008.pa.pref') ON CONFLICT(Hostname) DO UPDATE SET Hostname = EXCLUDED.Hostname ;
INSERT INTO Networking(Hostname, IP, Gateway, Description, Index, DHCP) VALUES ('PM-SECED31008.pa.pref', '192.168.108.114', '192.168.108.1', 'Realtek PCIe GbE Family Controller', '1', 'True') ON CONFLICT(Hostname) DO UPDATE SET Hostname = EXCLUDED.Hostname, IP = EXCLUDED.IP, Gateway = EXCLUDED.Gateway, Description = EXCLUDED.Description, Index = EXCLUDED.Index, DHCP = EXCLUDED.DHCP ;
INSERT INTO Hosts(Hostname) VALUES ('PM-SSAATE022.pa.pref') ON CONFLICT(Hostname) DO UPDATE SET Hostname = EXCLUDED.Hostname ;
INSERT INTO CPU(Hostname, Name, Caption, NOC, NOLP)VALUES('PM-SSAATE022.pa.pref', 'Intel(R) Core(TM) i3-3220 CPU @ 3.30GHz', 'Intel64 Family 6 Model 58 Stepping 9', '2', '4') ON CONFLICT(Hostname) DO UPDATE SET Hostname = EXCLUDED.Hostname, Name = EXCLUDED.Name, Caption = EXCLUDED.Caption, NOC = EXCLUDED.NOC, NOLP = EXCLUDED.NOLP ;
INSERT INTO Hosts(Hostname) VALUES ('PM-SSAATE022.pa.pref') ON CONFLICT(Hostname) DO UPDATE SET Hostname = EXCLUDED.Hostname ;
INSERT INTO OS(Hostname, Caption, BuildNumber, Architecture, Description) VALUES('PM-SSAATE022.pa.pref', 'Microsoft Windows 10 Pro', '19045', '64 bits', 'P-99512') ON CONFLICT(Hostname) DO UPDATE SET Hostname = EXCLUDED.Hostname, Caption = EXCLUDED.Caption, BuildNumber = EXCLUDED.BuildNumber, Architecture = EXCLUDED.Architecture, Description = EXCLUDED.Description ;
INSERT INTO Hosts(Hostname) VALUES ('PM-SSAATE022.pa.pref') ON CONFLICT(Hostname) DO UPDATE SET Hostname = EXCLUDED.Hostname ;
INSERT INTO Networking(Hostname, IP, Gateway, Description, Index, DHCP) VALUES ('PM-SSAATE022.pa.pref', '192.168.11.142', '192.168.11.1', 'Realtek PCIe GBE Family Controller', '1', 'True') ON CONFLICT(Hostname) DO UPDATE SET Hostname = EXCLUDED.Hostname, IP = EXCLUDED.IP, Gateway = EXCLUDED.Gateway, Description = EXCLUDED.Description, Index = EXCLUDED.Index, DHCP = EXCLUDED.DHCP ;
INSERT INTO Hosts(Hostname) VALUES ('PM-183826.pa.pref') ON CONFLICT(Hostname) DO UPDATE SET Hostname = EXCLUDED.Hostname ;
INSERT INTO CPU(Hostname, Name, Caption, NOC, NOLP)VALUES('PM-183826.pa.pref', '12th Gen Intel(R) Core(TM) i3-12100', 'Intel64 Family 6 Model 151 Stepping 5', '4', '8') ON CONFLICT(Hostname) DO UPDATE SET Hostname = EXCLUDED.Hostname, Name = EXCLUDED.Name, Caption = EXCLUDED.Caption, NOC = EXCLUDED.NOC, NOLP = EXCLUDED.NOLP ;
INSERT INTO Hosts(Hostname) VALUES ('PM-183826.pa.pref') ON CONFLICT(Hostname) DO UPDATE SET Hostname = EXCLUDED.Hostname ;
INSERT INTO OS(Hostname, Caption, BuildNumber, Architecture, Description) VALUES('PM-183826.pa.pref', 'Microsoft Windows 11 Pro', '22621', '64 bits', NULL) ON CONFLICT(Hostname) DO UPDATE SET Hostname = EXCLUDED.Hostname, Caption = EXCLUDED.Caption, BuildNumber = EXCLUDED.BuildNumber, Architecture = EXCLUDED.Architecture, Description = EXCLUDED.Description ;
INSERT INTO Hosts(Hostname) VALUES ('PM-183826.pa.pref') ON CONFLICT(Hostname) DO UPDATE SET Hostname = EXCLUDED.Hostname ;
INSERT INTO Networking(Hostname, IP, Gateway, Description, Index, DHCP) VALUES ('PM-183826.pa.pref', '192.168.8.199', '192.168.8.1', 'Realtek PCIe GbE Family Controller', '1', 'True') ON CONFLICT(Hostname) DO UPDATE SET Hostname = EXCLUDED.Hostname, IP = EXCLUDED.IP, Gateway = EXCLUDED.Gateway, Description = EXCLUDED.Description, Index = EXCLUDED.Index, DHCP = EXCLUDED.DHCP ;
INSERT INTO Hosts(Hostname) VALUES ('DESKTOP-MOKABOS.pa.pref') ON CONFLICT(Hostname) DO UPDATE SET Hostname = EXCLUDED.Hostname ;
INSERT INTO CPU(Hostname, Name, Caption, NOC, NOLP)VALUES('DESKTOP-MOKABOS.pa.pref', 'Intel(R) Core(TM) i3-3220 CPU @ 3.30GHz', 'Intel64 Family 6 Model 58 Stepping 9', '2', '4') ON CONFLICT(Hostname) DO UPDATE SET Hostname = EXCLUDED.Hostname, Name = EXCLUDED.Name, Caption = EXCLUDED.Caption, NOC = EXCLUDED.NOC, NOLP = EXCLUDED.NOLP ;
INSERT INTO Hosts(Hostname) VALUES ('DESKTOP-MOKABOS.pa.pref') ON CONFLICT(Hostname) DO UPDATE SET Hostname = EXCLUDED.Hostname ;
INSERT INTO OS(Hostname, Caption, BuildNumber, Architecture, Description) VALUES('DESKTOP-MOKABOS.pa.pref', 'Microsoft Windows 10 Pro', '19045', '64 bits', 'PATRIMONIO 99188') ON CONFLICT(Hostname) DO UPDATE SET Hostname = EXCLUDED.Hostname, Caption = EXCLUDED.Caption, BuildNumber = EXCLUDED.BuildNumber, Architecture = EXCLUDED.Architecture, Description = EXCLUDED.Description ;
INSERT INTO Hosts(Hostname) VALUES ('DESKTOP-MOKABOS.pa.pref') ON CONFLICT(Hostname) DO UPDATE SET Hostname = EXCLUDED.Hostname ;
INSERT INTO Networking(Hostname, IP, Gateway, Description, Index, DHCP) VALUES ('DESKTOP-MOKABOS.pa.pref', '192.168.8.212', '192.168.8.1', 'Realtek PCIe GBE Family Controller', '1', 'True') ON CONFLICT(Hostname) DO UPDATE SET Hostname = EXCLUDED.Hostname, IP = EXCLUDED.IP, Gateway = EXCLUDED.Gateway, Description = EXCLUDED.Description, Index = EXCLUDED.Index, DHCP = EXCLUDED.DHCP ;
INSERT INTO Hosts(Hostname) VALUES ('PM-STTADM031.pa.pref') ON CONFLICT(Hostname) DO UPDATE SET Hostname = EXCLUDED.Hostname ;
INSERT INTO CPU(Hostname, Name, Caption, NOC, NOLP)VALUES('PM-STTADM031.pa.pref', 'Intel(R) Core(TM) i3-10100 CPU @ 3.60GHz', 'Intel64 Family 6 Model 165 Stepping 3', '4', '8') ON CONFLICT(Hostname) DO UPDATE SET Hostname = EXCLUDED.Hostname, Name = EXCLUDED.Name, Caption = EXCLUDED.Caption, NOC = EXCLUDED.NOC, NOLP = EXCLUDED.NOLP ;
INSERT INTO Hosts(Hostname) VALUES ('PM-STTADM031.pa.pref') ON CONFLICT(Hostname) DO UPDATE SET Hostname = EXCLUDED.Hostname ;
INSERT INTO OS(Hostname, Caption, BuildNumber, Architecture, Description) VALUES('PM-STTADM031.pa.pref', 'Microsoft Windows 10 Pro', '19045', '64 bits', 'P-174616 A-936065877') ON CONFLICT(Hostname) DO UPDATE SET Hostname = EXCLUDED.Hostname, Caption = EXCLUDED.Caption, BuildNumber = EXCLUDED.BuildNumber, Architecture = EXCLUDED.Architecture, Description = EXCLUDED.Description ;
INSERT INTO Hosts(Hostname) VALUES ('PM-STTADM031.pa.pref') ON CONFLICT(Hostname) DO UPDATE SET Hostname = EXCLUDED.Hostname ;
INSERT INTO Networking(Hostname, IP, Gateway, Description, Index, DHCP) VALUES ('PM-STTADM031.pa.pref', '192.168.10.183', '192.168.10.1', 'Realtek PCIe GbE Family Controller', '1', 'True') ON CONFLICT(Hostname) DO UPDATE SET Hostname = EXCLUDED.Hostname, IP = EXCLUDED.IP, Gateway = EXCLUDED.Gateway, Description = EXCLUDED.Description, Index = EXCLUDED.Index, DHCP = EXCLUDED.DHCP ;
INSERT INTO Hosts(Hostname) VALUES ('PM-SPMFOB002.pa.pref') ON CONFLICT(Hostname) DO UPDATE SET Hostname = EXCLUDED.Hostname ;
INSERT INTO CPU(Hostname, Name, Caption, NOC, NOLP)VALUES('PM-SPMFOB002.pa.pref', 'Intel(R) Core(TM) i7-7700 CPU @ 3.60GHz', 'Intel64 Family 6 Model 158 Stepping 9', '4', '8') ON CONFLICT(Hostname) DO UPDATE SET Hostname = EXCLUDED.Hostname, Name = EXCLUDED.Name, Caption = EXCLUDED.Caption, NOC = EXCLUDED.NOC, NOLP = EXCLUDED.NOLP ;
INSERT INTO Hosts(Hostname) VALUES ('PM-SPMFOB002.pa.pref') ON CONFLICT(Hostname) DO UPDATE SET Hostname = EXCLUDED.Hostname ;
INSERT INTO OS(Hostname, Caption, BuildNumber, Architecture, Description) VALUES('PM-SPMFOB002.pa.pref', 'Microsoft Windows 10 Pro', '19045', '64 bits', '132463') ON CONFLICT(Hostname) DO UPDATE SET Hostname = EXCLUDED.Hostname, Caption = EXCLUDED.Caption, BuildNumber = EXCLUDED.BuildNumber, Architecture = EXCLUDED.Architecture, Description = EXCLUDED.Description ;
INSERT INTO Hosts(Hostname) VALUES ('PM-SPMFOB002.pa.pref') ON CONFLICT(Hostname) DO UPDATE SET Hostname = EXCLUDED.Hostname ;
INSERT INTO Networking(Hostname, IP, Gateway, Description, Index, DHCP) VALUES ('PM-SPMFOB002.pa.pref', '192.168.223.116', '192.168.223.1', 'Realtek PCIe GBE Family Controller', '1', 'True') ON CONFLICT(Hostname) DO UPDATE SET Hostname = EXCLUDED.Hostname, IP = EXCLUDED.IP, Gateway = EXCLUDED.Gateway, Description = EXCLUDED.Description, Index = EXCLUDED.Index, DHCP = EXCLUDED.DHCP ;
INSERT INTO Hosts(Hostname) VALUES ('PM-SECED390002.pa.pref') ON CONFLICT(Hostname) DO UPDATE SET Hostname = EXCLUDED.Hostname ;
INSERT INTO CPU(Hostname, Name, Caption, NOC, NOLP)VALUES('PM-SECED390002.pa.pref', 'Intel(R) Core(TM) i3-9100 CPU @ 3.60GHz', 'Intel64 Family 6 Model 158 Stepping 11', '4', '4') ON CONFLICT(Hostname) DO UPDATE SET Hostname = EXCLUDED.Hostname, Name = EXCLUDED.Name, Caption = EXCLUDED.Caption, NOC = EXCLUDED.NOC, NOLP = EXCLUDED.NOLP ;
INSERT INTO Hosts(Hostname) VALUES ('PM-SECED390002.pa.pref') ON CONFLICT(Hostname) DO UPDATE SET Hostname = EXCLUDED.Hostname ;
INSERT INTO OS(Hostname, Caption, BuildNumber, Architecture, Description) VALUES('PM-SECED390002.pa.pref', 'Microsoft Windows 10 Pro', '19045', '64 bits', 'P-149674') ON CONFLICT(Hostname) DO UPDATE SET Hostname = EXCLUDED.Hostname, Caption = EXCLUDED.Caption, BuildNumber = EXCLUDED.BuildNumber, Architecture = EXCLUDED.Architecture, Description = EXCLUDED.Description ;
INSERT INTO Hosts(Hostname) VALUES ('PM-SECED390002.pa.pref') ON CONFLICT(Hostname) DO UPDATE SET Hostname = EXCLUDED.Hostname ;
INSERT INTO Networking(Hostname, IP, Gateway, Description, Index, DHCP) VALUES ('PM-SECED390002.pa.pref', '192.168.219.250', '192.168.219.1', 'Intel(R) Ethernet Connection (7) I219-V', '1', 'True') ON CONFLICT(Hostname) DO UPDATE SET Hostname = EXCLUDED.Hostname, IP = EXCLUDED.IP, Gateway = EXCLUDED.Gateway, Description = EXCLUDED.Description, Index = EXCLUDED.Index, DHCP = EXCLUDED.DHCP ;
INSERT INTO Hosts(Hostname) VALUES ('PM-150503.pa.pref') ON CONFLICT(Hostname) DO UPDATE SET Hostname = EXCLUDED.Hostname ;
INSERT INTO CPU(Hostname, Name, Caption, NOC, NOLP)VALUES('PM-150503.pa.pref', 'Intel(R) Core(TM) i3-9100 CPU @ 3.60GHz', 'Intel64 Family 6 Model 158 Stepping 11', '4', '4') ON CONFLICT(Hostname) DO UPDATE SET Hostname = EXCLUDED.Hostname, Name = EXCLUDED.Name, Caption = EXCLUDED.Caption, NOC = EXCLUDED.NOC, NOLP = EXCLUDED.NOLP ;
INSERT INTO Hosts(Hostname) VALUES ('PM-150503.pa.pref') ON CONFLICT(Hostname) DO UPDATE SET Hostname = EXCLUDED.Hostname ;
INSERT INTO OS(Hostname, Caption, BuildNumber, Architecture, Description) VALUES('PM-150503.pa.pref', 'Microsoft Windows 11 Pro', '22621', '64 bits', '149693') ON CONFLICT(Hostname) DO UPDATE SET Hostname = EXCLUDED.Hostname, Caption = EXCLUDED.Caption, BuildNumber = EXCLUDED.BuildNumber, Architecture = EXCLUDED.Architecture, Description = EXCLUDED.Description ;
INSERT INTO Hosts(Hostname) VALUES ('PM-150503.pa.pref') ON CONFLICT(Hostname) DO UPDATE SET Hostname = EXCLUDED.Hostname ;
INSERT INTO Networking(Hostname, IP, Gateway, Description, Index, DHCP) VALUES ('PM-150503.pa.pref', '192.168.8.228', '192.168.8.1', 'Intel(R) Ethernet Connection (7) I219-V', '1', 'True') ON CONFLICT(Hostname) DO UPDATE SET Hostname = EXCLUDED.Hostname, IP = EXCLUDED.IP, Gateway = EXCLUDED.Gateway, Description = EXCLUDED.Description, Index = EXCLUDED.Index, DHCP = EXCLUDED.DHCP ;
INSERT INTO Hosts(Hostname) VALUES ('PM-SSAUS04025.pa.pref') ON CONFLICT(Hostname) DO UPDATE SET Hostname = EXCLUDED.Hostname ;
INSERT INTO CPU(Hostname, Name, Caption, NOC, NOLP)VALUES('PM-SSAUS04025.pa.pref', 'AMD A10-9700 RADEON R7, 10 COMPUTE CORES 4C+6G ', 'AMD64 Family 21 Model 101 Stepping 1', '4', '4') ON CONFLICT(Hostname) DO UPDATE SET Hostname = EXCLUDED.Hostname, Name = EXCLUDED.Name, Caption = EXCLUDED.Caption, NOC = EXCLUDED.NOC, NOLP = EXCLUDED.NOLP ;
INSERT INTO Hosts(Hostname) VALUES ('PM-SSAUS04025.pa.pref') ON CONFLICT(Hostname) DO UPDATE SET Hostname = EXCLUDED.Hostname ;
INSERT INTO OS(Hostname, Caption, BuildNumber, Architecture, Description) VALUES('PM-SSAUS04025.pa.pref', 'Microsoft Windows 10 Pro', '19043', '64 bits', 'Patrimonio 142325') ON CONFLICT(Hostname) DO UPDATE SET Hostname = EXCLUDED.Hostname, Caption = EXCLUDED.Caption, BuildNumber = EXCLUDED.BuildNumber, Architecture = EXCLUDED.Architecture, Description = EXCLUDED.Description ;
INSERT INTO Hosts(Hostname) VALUES ('PM-SSAUS04025.pa.pref') ON CONFLICT(Hostname) DO UPDATE SET Hostname = EXCLUDED.Hostname ;
INSERT INTO Networking(Hostname, IP, Gateway, Description, Index, DHCP) VALUES ('PM-SSAUS04025.pa.pref', '192.168.137.112', '192.168.137.1', 'TP-Link Wireless N PCI Express Adapter', '1', 'True') ON CONFLICT(Hostname) DO UPDATE SET Hostname = EXCLUDED.Hostname, IP = EXCLUDED.IP, Gateway = EXCLUDED.Gateway, Description = EXCLUDED.Description, Index = EXCLUDED.Index, DHCP = EXCLUDED.DHCP ;
INSERT INTO Hosts(Hostname) VALUES ('PM-SPSPOP007.pa.pref') ON CONFLICT(Hostname) DO UPDATE SET Hostname = EXCLUDED.Hostname ;
INSERT INTO CPU(Hostname, Name, Caption, NOC, NOLP)VALUES('PM-SPSPOP007.pa.pref', 'Intel(R) Core(TM) i3-9100 CPU @ 3.60GHz', 'Intel64 Family 6 Model 158 Stepping 11', '4', '4') ON CONFLICT(Hostname) DO UPDATE SET Hostname = EXCLUDED.Hostname, Name = EXCLUDED.Name, Caption = EXCLUDED.Caption, NOC = EXCLUDED.NOC, NOLP = EXCLUDED.NOLP ;
INSERT INTO Hosts(Hostname) VALUES ('PM-SPSPOP007.pa.pref') ON CONFLICT(Hostname) DO UPDATE SET Hostname = EXCLUDED.Hostname ;
INSERT INTO OS(Hostname, Caption, BuildNumber, Architecture, Description) VALUES('PM-SPSPOP007.pa.pref', 'Microsoft Windows 10 Pro', '19045', '64 bits', 'Patrimônio 150461') ON CONFLICT(Hostname) DO UPDATE SET Hostname = EXCLUDED.Hostname, Caption = EXCLUDED.Caption, BuildNumber = EXCLUDED.BuildNumber, Architecture = EXCLUDED.Architecture, Description = EXCLUDED.Description ;
INSERT INTO Hosts(Hostname) VALUES ('PM-SPSPOP007.pa.pref') ON CONFLICT(Hostname) DO UPDATE SET Hostname = EXCLUDED.Hostname ;
INSERT INTO Networking(Hostname, IP, Gateway, Description, Index, DHCP) VALUES ('PM-SPSPOP007.pa.pref', '192.168.23.60', '192.168.23.1', 'Intel(R) Ethernet Connection (7) I219-V', '1', 'True') ON CONFLICT(Hostname) DO UPDATE SET Hostname = EXCLUDED.Hostname, IP = EXCLUDED.IP, Gateway = EXCLUDED.Gateway, Description = EXCLUDED.Description, Index = EXCLUDED.Index, DHCP = EXCLUDED.DHCP ;
INSERT INTO Hosts(Hostname) VALUES ('DESKTOP-9VVBDIH.pa.pref') ON CONFLICT(Hostname) DO UPDATE SET Hostname = EXCLUDED.Hostname ;
INSERT INTO CPU(Hostname, Name, Caption, NOC, NOLP)VALUES('DESKTOP-9VVBDIH.pa.pref', 'Intel(R) Core(TM) i3-3220 CPU @ 3.30GHz', 'Intel64 Family 6 Model 58 Stepping 9', '2', '4') ON CONFLICT(Hostname) DO UPDATE SET Hostname = EXCLUDED.Hostname, Name = EXCLUDED.Name, Caption = EXCLUDED.Caption, NOC = EXCLUDED.NOC, NOLP = EXCLUDED.NOLP ;
INSERT INTO Hosts(Hostname) VALUES ('DESKTOP-9VVBDIH.pa.pref') ON CONFLICT(Hostname) DO UPDATE SET Hostname = EXCLUDED.Hostname ;
INSERT INTO OS(Hostname, Caption, BuildNumber, Architecture, Description) VALUES('DESKTOP-9VVBDIH.pa.pref', 'Microsoft Windows 10 Pro', '19045', '64 bits', 'PATRIMONIO 99188') ON CONFLICT(Hostname) DO UPDATE SET Hostname = EXCLUDED.Hostname, Caption = EXCLUDED.Caption, BuildNumber = EXCLUDED.BuildNumber, Architecture = EXCLUDED.Architecture, Description = EXCLUDED.Description ;
INSERT INTO Hosts(Hostname) VALUES ('DESKTOP-9VVBDIH.pa.pref') ON CONFLICT(Hostname) DO UPDATE SET Hostname = EXCLUDED.Hostname ;
INSERT INTO Networking(Hostname, IP, Gateway, Description, Index, DHCP) VALUES ('DESKTOP-9VVBDIH.pa.pref', '192.168.8.212', '192.168.8.1', 'Realtek PCIe GBE Family Controller', '1', 'True') ON CONFLICT(Hostname) DO UPDATE SET Hostname = EXCLUDED.Hostname, IP = EXCLUDED.IP, Gateway = EXCLUDED.Gateway, Description = EXCLUDED.Description, Index = EXCLUDED.Index, DHCP = EXCLUDED.DHCP ;
INSERT INTO Hosts(Hostname) VALUES ('DESKTOP-MMP25BI.pa.pref') ON CONFLICT(Hostname) DO UPDATE SET Hostname = EXCLUDED.Hostname ;
INSERT INTO CPU(Hostname, Name, Caption, NOC, NOLP)VALUES('DESKTOP-MMP25BI.pa.pref', NULL, NULL, NULL, NULL) ON CONFLICT(Hostname) DO UPDATE SET Hostname = EXCLUDED.Hostname, Name = EXCLUDED.Name, Caption = EXCLUDED.Caption, NOC = EXCLUDED.NOC, NOLP = EXCLUDED.NOLP ;
INSERT INTO Hosts(Hostname) VALUES ('DESKTOP-MMP25BI.pa.pref') ON CONFLICT(Hostname) DO UPDATE SET Hostname = EXCLUDED.Hostname ;
INSERT INTO OS(Hostname, Caption, BuildNumber, Architecture, Description) VALUES('DESKTOP-MMP25BI.pa.pref', NULL, NULL, NULL, NULL) ON CONFLICT(Hostname) DO UPDATE SET Hostname = EXCLUDED.Hostname, Caption = EXCLUDED.Caption, BuildNumber = EXCLUDED.BuildNumber, Architecture = EXCLUDED.Architecture, Description = EXCLUDED.Description ;
INSERT INTO Hosts(Hostname) VALUES ('DESKTOP-MMP25BI.pa.pref') ON CONFLICT(Hostname) DO UPDATE SET Hostname = EXCLUDED.Hostname ;
INSERT INTO Networking(Hostname, IP, Gateway, Description, Index, DHCP) VALUES ('DESKTOP-MMP25BI.pa.pref', NULL, NULL, NULL, NULL, NULL) ON CONFLICT(Hostname) DO UPDATE SET Hostname = EXCLUDED.Hostname, IP = EXCLUDED.IP, Gateway = EXCLUDED.Gateway, Description = EXCLUDED.Description, Index = EXCLUDED.Index, DHCP = EXCLUDED.DHCP ;
INSERT INTO Hosts(Hostname) VALUES ('PM-SIOGAR003.pa.pref') ON CONFLICT(Hostname) DO UPDATE SET Hostname = EXCLUDED.Hostname ;
INSERT INTO CPU(Hostname, Name, Caption, NOC, NOLP)VALUES('PM-SIOGAR003.pa.pref', 'Intel(R) Core(TM) i7-7700 CPU @ 3.60GHz', 'Intel64 Family 6 Model 158 Stepping 9', '4', '8') ON CONFLICT(Hostname) DO UPDATE SET Hostname = EXCLUDED.Hostname, Name = EXCLUDED.Name, Caption = EXCLUDED.Caption, NOC = EXCLUDED.NOC, NOLP = EXCLUDED.NOLP ;
INSERT INTO Hosts(Hostname) VALUES ('PM-SIOGAR003.pa.pref') ON CONFLICT(Hostname) DO UPDATE SET Hostname = EXCLUDED.Hostname ;
INSERT INTO OS(Hostname, Caption, BuildNumber, Architecture, Description) VALUES('PM-SIOGAR003.pa.pref', 'Microsoft Windows 10 Pro', '19045', '64 bits', 'Patrimônio 133513') ON CONFLICT(Hostname) DO UPDATE SET Hostname = EXCLUDED.Hostname, Caption = EXCLUDED.Caption, BuildNumber = EXCLUDED.BuildNumber, Architecture = EXCLUDED.Architecture, Description = EXCLUDED.Description ;
INSERT INTO Hosts(Hostname) VALUES ('PM-SIOGAR003.pa.pref') ON CONFLICT(Hostname) DO UPDATE SET Hostname = EXCLUDED.Hostname ;
INSERT INTO Networking(Hostname, IP, Gateway, Description, Index, DHCP) VALUES ('PM-SIOGAR003.pa.pref', '192.168.230.78', '192.168.230.1', 'Realtek PCIe GBE Family Controller', '1', 'True') ON CONFLICT(Hostname) DO UPDATE SET Hostname = EXCLUDED.Hostname, IP = EXCLUDED.IP, Gateway = EXCLUDED.Gateway, Description = EXCLUDED.Description, Index = EXCLUDED.Index, DHCP = EXCLUDED.DHCP ;
INSERT INTO Hosts(Hostname) VALUES ('PM-SSAUS36007.pa.pref') ON CONFLICT(Hostname) DO UPDATE SET Hostname = EXCLUDED.Hostname ;
INSERT INTO CPU(Hostname, Name, Caption, NOC, NOLP)VALUES('PM-SSAUS36007.pa.pref', 'Intel(R) Core(TM) i5-3470 CPU @ 3.20GHz', 'Intel64 Family 6 Model 58 Stepping 9', '4', '4') ON CONFLICT(Hostname) DO UPDATE SET Hostname = EXCLUDED.Hostname, Name = EXCLUDED.Name, Caption = EXCLUDED.Caption, NOC = EXCLUDED.NOC, NOLP = EXCLUDED.NOLP ;
INSERT INTO Hosts(Hostname) VALUES ('PM-SSAUS36007.pa.pref') ON CONFLICT(Hostname) DO UPDATE SET Hostname = EXCLUDED.Hostname ;
INSERT INTO OS(Hostname, Caption, BuildNumber, Architecture, Description) VALUES('PM-SSAUS36007.pa.pref', 'Microsoft Windows 7 Professional ', '7601', '64-bit', 'Patrimonio 99814') ON CONFLICT(Hostname) DO UPDATE SET Hostname = EXCLUDED.Hostname, Caption = EXCLUDED.Caption, BuildNumber = EXCLUDED.BuildNumber, Architecture = EXCLUDED.Architecture, Description = EXCLUDED.Description ;
INSERT INTO Hosts(Hostname) VALUES ('PM-SSAUS36007.pa.pref') ON CONFLICT(Hostname) DO UPDATE SET Hostname = EXCLUDED.Hostname ;
INSERT INTO Networking(Hostname, IP, Gateway, Description, Index, DHCP) VALUES ('PM-SSAUS36007.pa.pref', '192.168.27.134', '192.168.27.1', 'Intel(R) 82579LM Gigabit Network Connection', '7', 'True') ON CONFLICT(Hostname) DO UPDATE SET Hostname = EXCLUDED.Hostname, IP = EXCLUDED.IP, Gateway = EXCLUDED.Gateway, Description = EXCLUDED.Description, Index = EXCLUDED.Index, DHCP = EXCLUDED.DHCP ;
INSERT INTO Hosts(Hostname) VALUES ('PM-SECED26006.pa.pref') ON CONFLICT(Hostname) DO UPDATE SET Hostname = EXCLUDED.Hostname ;
INSERT INTO CPU(Hostname, Name, Caption, NOC, NOLP)VALUES('PM-SECED26006.pa.pref', 'Intel(R) Core(TM) i3-2120 CPU @ 3.30GHz', 'Intel64 Family 6 Model 42 Stepping 7', '2', '4') ON CONFLICT(Hostname) DO UPDATE SET Hostname = EXCLUDED.Hostname, Name = EXCLUDED.Name, Caption = EXCLUDED.Caption, NOC = EXCLUDED.NOC, NOLP = EXCLUDED.NOLP ;
INSERT INTO Hosts(Hostname) VALUES ('PM-SECED26006.pa.pref') ON CONFLICT(Hostname) DO UPDATE SET Hostname = EXCLUDED.Hostname ;
INSERT INTO OS(Hostname, Caption, BuildNumber, Architecture, Description) VALUES('PM-SECED26006.pa.pref', 'Microsoft Windows 10 Pro', '19044', '64 bits', 'RECURSOS HUMANOS') ON CONFLICT(Hostname) DO UPDATE SET Hostname = EXCLUDED.Hostname, Caption = EXCLUDED.Caption, BuildNumber = EXCLUDED.BuildNumber, Architecture = EXCLUDED.Architecture, Description = EXCLUDED.Description ;
INSERT INTO Hosts(Hostname) VALUES ('PM-SECED26006.pa.pref') ON CONFLICT(Hostname) DO UPDATE SET Hostname = EXCLUDED.Hostname ;
INSERT INTO Networking(Hostname, IP, Gateway, Description, Index, DHCP) VALUES ('PM-SECED26006.pa.pref', '192.168.8.190', '192.168.8.1', 'Realtek PCIe GbE Family Controller', '4', 'True') ON CONFLICT(Hostname) DO UPDATE SET Hostname = EXCLUDED.Hostname, IP = EXCLUDED.IP, Gateway = EXCLUDED.Gateway, Description = EXCLUDED.Description, Index = EXCLUDED.Index, DHCP = EXCLUDED.DHCP ;
INSERT INTO Hosts(Hostname) VALUES ('PM-STTADM014.pa.pref') ON CONFLICT(Hostname) DO UPDATE SET Hostname = EXCLUDED.Hostname ;
INSERT INTO CPU(Hostname, Name, Caption, NOC, NOLP)VALUES('PM-STTADM014.pa.pref', 'Intel(R) Core(TM) i3-9100 CPU @ 3.60GHz', 'Intel64 Family 6 Model 158 Stepping 11', '4', '4') ON CONFLICT(Hostname) DO UPDATE SET Hostname = EXCLUDED.Hostname, Name = EXCLUDED.Name, Caption = EXCLUDED.Caption, NOC = EXCLUDED.NOC, NOLP = EXCLUDED.NOLP ;
INSERT INTO Hosts(Hostname) VALUES ('PM-STTADM014.pa.pref') ON CONFLICT(Hostname) DO UPDATE SET Hostname = EXCLUDED.Hostname ;
INSERT INTO OS(Hostname, Caption, BuildNumber, Architecture, Description) VALUES('PM-STTADM014.pa.pref', 'Microsoft Windows 10 Pro', '19044', '64 bits', 'Patrimonio 149695') ON CONFLICT(Hostname) DO UPDATE SET Hostname = EXCLUDED.Hostname, Caption = EXCLUDED.Caption, BuildNumber = EXCLUDED.BuildNumber, Architecture = EXCLUDED.Architecture, Description = EXCLUDED.Description ;
INSERT INTO Hosts(Hostname) VALUES ('PM-STTADM014.pa.pref') ON CONFLICT(Hostname) DO UPDATE SET Hostname = EXCLUDED.Hostname ;
INSERT INTO Networking(Hostname, IP, Gateway, Description, Index, DHCP) VALUES ('PM-STTADM014.pa.pref', '192.168.10.212', '192.168.10.1', 'Intel(R) Ethernet Connection (7) I219-V', '1', 'True') ON CONFLICT(Hostname) DO UPDATE SET Hostname = EXCLUDED.Hostname, IP = EXCLUDED.IP, Gateway = EXCLUDED.Gateway, Description = EXCLUDED.Description, Index = EXCLUDED.Index, DHCP = EXCLUDED.DHCP ;
INSERT INTO Hosts(Hostname) VALUES ('PM-SECPED011.pa.pref') ON CONFLICT(Hostname) DO UPDATE SET Hostname = EXCLUDED.Hostname ;
INSERT INTO CPU(Hostname, Name, Caption, NOC, NOLP)VALUES('PM-SECPED011.pa.pref', 'Intel(R) Core(TM) i3-2120 CPU @ 3.30GHz', 'Intel64 Family 6 Model 42 Stepping 7', '2', '4') ON CONFLICT(Hostname) DO UPDATE SET Hostname = EXCLUDED.Hostname, Name = EXCLUDED.Name, Caption = EXCLUDED.Caption, NOC = EXCLUDED.NOC, NOLP = EXCLUDED.NOLP ;
INSERT INTO Hosts(Hostname) VALUES ('PM-SECPED011.pa.pref') ON CONFLICT(Hostname) DO UPDATE SET Hostname = EXCLUDED.Hostname ;
INSERT INTO OS(Hostname, Caption, BuildNumber, Architecture, Description) VALUES('PM-SECPED011.pa.pref', 'Microsoft Windows 10 Pro', '19044', '64 bits', 'PM-95757') ON CONFLICT(Hostname) DO UPDATE SET Hostname = EXCLUDED.Hostname, Caption = EXCLUDED.Caption, BuildNumber = EXCLUDED.BuildNumber, Architecture = EXCLUDED.Architecture, Description = EXCLUDED.Description ;
INSERT INTO Hosts(Hostname) VALUES ('PM-SECPED011.pa.pref') ON CONFLICT(Hostname) DO UPDATE SET Hostname = EXCLUDED.Hostname ;
INSERT INTO Networking(Hostname, IP, Gateway, Description, Index, DHCP) VALUES ('PM-SECPED011.pa.pref', '192.168.9.178', '192.168.9.1', 'Realtek PCIe GbE Family Controller', '1', 'True') ON CONFLICT(Hostname) DO UPDATE SET Hostname = EXCLUDED.Hostname, IP = EXCLUDED.IP, Gateway = EXCLUDED.Gateway, Description = EXCLUDED.Description, Index = EXCLUDED.Index, DHCP = EXCLUDED.DHCP ;
INSERT INTO Hosts(Hostname) VALUES ('PM-SSAUS22006.pa.pref') ON CONFLICT(Hostname) DO UPDATE SET Hostname = EXCLUDED.Hostname ;
INSERT INTO CPU(Hostname, Name, Caption, NOC, NOLP)VALUES('PM-SSAUS22006.pa.pref', 'Intel(R) Core(TM) i3-7100 CPU @ 3.90GHz', 'Intel64 Family 6 Model 158 Stepping 9', '2', '4') ON CONFLICT(Hostname) DO UPDATE SET Hostname = EXCLUDED.Hostname, Name = EXCLUDED.Name, Caption = EXCLUDED.Caption, NOC = EXCLUDED.NOC, NOLP = EXCLUDED.NOLP ;
INSERT INTO Hosts(Hostname) VALUES ('PM-SSAUS22006.pa.pref') ON CONFLICT(Hostname) DO UPDATE SET Hostname = EXCLUDED.Hostname ;
INSERT INTO OS(Hostname, Caption, BuildNumber, Architecture, Description) VALUES('PM-SSAUS22006.pa.pref', 'Microsoft Windows 10 Pro', '19045', '64 bits', 'Patrimonio 128196') ON CONFLICT(Hostname) DO UPDATE SET Hostname = EXCLUDED.Hostname, Caption = EXCLUDED.Caption, BuildNumber = EXCLUDED.BuildNumber, Architecture = EXCLUDED.Architecture, Description = EXCLUDED.Description ;
INSERT INTO Hosts(Hostname) VALUES ('PM-SSAUS22006.pa.pref') ON CONFLICT(Hostname) DO UPDATE SET Hostname = EXCLUDED.Hostname ;
INSERT INTO Networking(Hostname, IP, Gateway, Description, Index, DHCP) VALUES ('PM-SSAUS22006.pa.pref', '192.168.112.79', '192.168.112.1', 'Realtek PCIe GBE Family Controller', '1', 'True') ON CONFLICT(Hostname) DO UPDATE SET Hostname = EXCLUDED.Hostname, IP = EXCLUDED.IP, Gateway = EXCLUDED.Gateway, Description = EXCLUDED.Description, Index = EXCLUDED.Index, DHCP = EXCLUDED.DHCP ;
INSERT INTO Hosts(Hostname) VALUES ('PM-SAFEMP005.pa.pref') ON CONFLICT(Hostname) DO UPDATE SET Hostname = EXCLUDED.Hostname ;
INSERT INTO CPU(Hostname, Name, Caption, NOC, NOLP)VALUES('PM-SAFEMP005.pa.pref', '12th Gen Intel(R) Core(TM) i3-12100', 'Intel64 Family 6 Model 151 Stepping 5', '4', '8') ON CONFLICT(Hostname) DO UPDATE SET Hostname = EXCLUDED.Hostname, Name = EXCLUDED.Name, Caption = EXCLUDED.Caption, NOC = EXCLUDED.NOC, NOLP = EXCLUDED.NOLP ;
INSERT INTO Hosts(Hostname) VALUES ('PM-SAFEMP005.pa.pref') ON CONFLICT(Hostname) DO UPDATE SET Hostname = EXCLUDED.Hostname ;
INSERT INTO OS(Hostname, Caption, BuildNumber, Architecture, Description) VALUES('PM-SAFEMP005.pa.pref', 'Microsoft Windows 11 Pro', '22621', '64 bits', 'P-sempatrimonio A-341686453') ON CONFLICT(Hostname) DO UPDATE SET Hostname = EXCLUDED.Hostname, Caption = EXCLUDED.Caption, BuildNumber = EXCLUDED.BuildNumber, Architecture = EXCLUDED.Architecture, Description = EXCLUDED.Description ;
INSERT INTO Hosts(Hostname) VALUES ('PM-SAFEMP005.pa.pref') ON CONFLICT(Hostname) DO UPDATE SET Hostname = EXCLUDED.Hostname ;
INSERT INTO Networking(Hostname, IP, Gateway, Description, Index, DHCP) VALUES ('PM-SAFEMP005.pa.pref', '192.168.8.106', '192.168.8.1', 'Realtek PCIe GbE Family Controller', '1', 'True') ON CONFLICT(Hostname) DO UPDATE SET Hostname = EXCLUDED.Hostname, IP = EXCLUDED.IP, Gateway = EXCLUDED.Gateway, Description = EXCLUDED.Description, Index = EXCLUDED.Index, DHCP = EXCLUDED.DHCP ;
INSERT INTO Hosts(Hostname) VALUES ('PM-NTM02OF52.pa.pref') ON CONFLICT(Hostname) DO UPDATE SET Hostname = EXCLUDED.Hostname ;
INSERT INTO CPU(Hostname, Name, Caption, NOC, NOLP)VALUES('PM-NTM02OF52.pa.pref', '12th Gen Intel(R) Core(TM) i3-12100', 'Intel64 Family 6 Model 151 Stepping 5', '4', '8') ON CONFLICT(Hostname) DO UPDATE SET Hostname = EXCLUDED.Hostname, Name = EXCLUDED.Name, Caption = EXCLUDED.Caption, NOC = EXCLUDED.NOC, NOLP = EXCLUDED.NOLP ;
INSERT INTO Hosts(Hostname) VALUES ('PM-NTM02OF52.pa.pref') ON CONFLICT(Hostname) DO UPDATE SET Hostname = EXCLUDED.Hostname ;
INSERT INTO OS(Hostname, Caption, BuildNumber, Architecture, Description) VALUES('PM-NTM02OF52.pa.pref', 'Microsoft Windows 11 Pro', '22621', '64 bits', NULL) ON CONFLICT(Hostname) DO UPDATE SET Hostname = EXCLUDED.Hostname, Caption = EXCLUDED.Caption, BuildNumber = EXCLUDED.BuildNumber, Architecture = EXCLUDED.Architecture, Description = EXCLUDED.Description ;
INSERT INTO Hosts(Hostname) VALUES ('PM-NTM02OF52.pa.pref') ON CONFLICT(Hostname) DO UPDATE SET Hostname = EXCLUDED.Hostname ;
INSERT INTO Networking(Hostname, IP, Gateway, Description, Index, DHCP) VALUES ('PM-NTM02OF52.pa.pref', '192.168.8.177', '192.168.8.1', 'Realtek PCIe GbE Family Controller', '1', 'True') ON CONFLICT(Hostname) DO UPDATE SET Hostname = EXCLUDED.Hostname, IP = EXCLUDED.IP, Gateway = EXCLUDED.Gateway, Description = EXCLUDED.Description, Index = EXCLUDED.Index, DHCP = EXCLUDED.DHCP ;
INSERT INTO Hosts(Hostname) VALUES ('PM-SSAUS09006.pa.pref') ON CONFLICT(Hostname) DO UPDATE SET Hostname = EXCLUDED.Hostname ;
INSERT INTO CPU(Hostname, Name, Caption, NOC, NOLP)VALUES('PM-SSAUS09006.pa.pref', 'AMD PRO A8-8650B R7, 10 Compute Cores 4C+6G    ', 'AMD64 Family 21 Model 56 Stepping 1', '2', '4') ON CONFLICT(Hostname) DO UPDATE SET Hostname = EXCLUDED.Hostname, Name = EXCLUDED.Name, Caption = EXCLUDED.Caption, NOC = EXCLUDED.NOC, NOLP = EXCLUDED.NOLP ;
INSERT INTO Hosts(Hostname) VALUES ('PM-SSAUS09006.pa.pref') ON CONFLICT(Hostname) DO UPDATE SET Hostname = EXCLUDED.Hostname ;
INSERT INTO OS(Hostname, Caption, BuildNumber, Architecture, Description) VALUES('PM-SSAUS09006.pa.pref', 'Microsoft Windows 10 Pro', '19045', '64 bits', 'Patrimonio 133345') ON CONFLICT(Hostname) DO UPDATE SET Hostname = EXCLUDED.Hostname, Caption = EXCLUDED.Caption, BuildNumber = EXCLUDED.BuildNumber, Architecture = EXCLUDED.Architecture, Description = EXCLUDED.Description ;
INSERT INTO Hosts(Hostname) VALUES ('PM-SSAUS09006.pa.pref') ON CONFLICT(Hostname) DO UPDATE SET Hostname = EXCLUDED.Hostname ;
INSERT INTO Networking(Hostname, IP, Gateway, Description, Index, DHCP) VALUES ('PM-SSAUS09006.pa.pref', '192.168.213.150', '192.168.213.1', 'Realtek PCIe GbE Family Controller', '1', 'True') ON CONFLICT(Hostname) DO UPDATE SET Hostname = EXCLUDED.Hostname, IP = EXCLUDED.IP, Gateway = EXCLUDED.Gateway, Description = EXCLUDED.Description, Index = EXCLUDED.Index, DHCP = EXCLUDED.DHCP ;
INSERT INTO Hosts(Hostname) VALUES ('PM-99894.pa.pref') ON CONFLICT(Hostname) DO UPDATE SET Hostname = EXCLUDED.Hostname ;
INSERT INTO CPU(Hostname, Name, Caption, NOC, NOLP)VALUES('PM-99894.pa.pref', 'Intel(R) Core(TM) i3-10100 CPU @ 3.60GHz', 'Intel64 Family 6 Model 165 Stepping 3', '4', '8') ON CONFLICT(Hostname) DO UPDATE SET Hostname = EXCLUDED.Hostname, Name = EXCLUDED.Name, Caption = EXCLUDED.Caption, NOC = EXCLUDED.NOC, NOLP = EXCLUDED.NOLP ;
INSERT INTO Hosts(Hostname) VALUES ('PM-99894.pa.pref') ON CONFLICT(Hostname) DO UPDATE SET Hostname = EXCLUDED.Hostname ;
INSERT INTO OS(Hostname, Caption, BuildNumber, Architecture, Description) VALUES('PM-99894.pa.pref', 'Microsoft Windows 10 Pro', '19045', '64 bits', 'P-174575 A-910130472') ON CONFLICT(Hostname) DO UPDATE SET Hostname = EXCLUDED.Hostname, Caption = EXCLUDED.Caption, BuildNumber = EXCLUDED.BuildNumber, Architecture = EXCLUDED.Architecture, Description = EXCLUDED.Description ;
INSERT INTO Hosts(Hostname) VALUES ('PM-99894.pa.pref') ON CONFLICT(Hostname) DO UPDATE SET Hostname = EXCLUDED.Hostname ;
INSERT INTO Networking(Hostname, IP, Gateway, Description, Index, DHCP) VALUES ('PM-99894.pa.pref', '192.168.8.241', '192.168.8.1', 'Realtek PCIe GbE Family Controller', '1', 'True') ON CONFLICT(Hostname) DO UPDATE SET Hostname = EXCLUDED.Hostname, IP = EXCLUDED.IP, Gateway = EXCLUDED.Gateway, Description = EXCLUDED.Description, Index = EXCLUDED.Index, DHCP = EXCLUDED.DHCP ;
INSERT INTO Hosts(Hostname) VALUES ('PM-SSAUS16016.pa.pref') ON CONFLICT(Hostname) DO UPDATE SET Hostname = EXCLUDED.Hostname ;
INSERT INTO CPU(Hostname, Name, Caption, NOC, NOLP)VALUES('PM-SSAUS16016.pa.pref', 'Intel(R) Core(TM) i3-9100 CPU @ 3.60GHz', 'Intel64 Family 6 Model 158 Stepping 11', '4', '4') ON CONFLICT(Hostname) DO UPDATE SET Hostname = EXCLUDED.Hostname, Name = EXCLUDED.Name, Caption = EXCLUDED.Caption, NOC = EXCLUDED.NOC, NOLP = EXCLUDED.NOLP ;
INSERT INTO Hosts(Hostname) VALUES ('PM-SSAUS16016.pa.pref') ON CONFLICT(Hostname) DO UPDATE SET Hostname = EXCLUDED.Hostname ;
INSERT INTO OS(Hostname, Caption, BuildNumber, Architecture, Description) VALUES('PM-SSAUS16016.pa.pref', 'Microsoft Windows 11 Pro', '22621', '64 bits', NULL) ON CONFLICT(Hostname) DO UPDATE SET Hostname = EXCLUDED.Hostname, Caption = EXCLUDED.Caption, BuildNumber = EXCLUDED.BuildNumber, Architecture = EXCLUDED.Architecture, Description = EXCLUDED.Description ;
INSERT INTO Hosts(Hostname) VALUES ('PM-SSAUS16016.pa.pref') ON CONFLICT(Hostname) DO UPDATE SET Hostname = EXCLUDED.Hostname ;
INSERT INTO Networking(Hostname, IP, Gateway, Description, Index, DHCP) VALUES ('PM-SSAUS16016.pa.pref', '192.168.168.92', '192.168.168.1', 'Intel(R) Ethernet Connection (7) I219-V', '1', 'True') ON CONFLICT(Hostname) DO UPDATE SET Hostname = EXCLUDED.Hostname, IP = EXCLUDED.IP, Gateway = EXCLUDED.Gateway, Description = EXCLUDED.Description, Index = EXCLUDED.Index, DHCP = EXCLUDED.DHCP ;
INSERT INTO Hosts(Hostname) VALUES ('PM-SSAUS15006.pa.pref') ON CONFLICT(Hostname) DO UPDATE SET Hostname = EXCLUDED.Hostname ;
INSERT INTO CPU(Hostname, Name, Caption, NOC, NOLP)VALUES('PM-SSAUS15006.pa.pref', 'AMD PRO A8-8650B R7, 10 Compute Cores 4C+6G    ', 'AMD64 Family 21 Model 56 Stepping 1', '2', '4') ON CONFLICT(Hostname) DO UPDATE SET Hostname = EXCLUDED.Hostname, Name = EXCLUDED.Name, Caption = EXCLUDED.Caption, NOC = EXCLUDED.NOC, NOLP = EXCLUDED.NOLP ;
INSERT INTO Hosts(Hostname) VALUES ('PM-SSAUS15006.pa.pref') ON CONFLICT(Hostname) DO UPDATE SET Hostname = EXCLUDED.Hostname ;
INSERT INTO OS(Hostname, Caption, BuildNumber, Architecture, Description) VALUES('PM-SSAUS15006.pa.pref', 'Microsoft Windows 10 Pro', '19045', '64 bits', 'Patrimonio 133350') ON CONFLICT(Hostname) DO UPDATE SET Hostname = EXCLUDED.Hostname, Caption = EXCLUDED.Caption, BuildNumber = EXCLUDED.BuildNumber, Architecture = EXCLUDED.Architecture, Description = EXCLUDED.Description ;
INSERT INTO Hosts(Hostname) VALUES ('PM-SSAUS15006.pa.pref') ON CONFLICT(Hostname) DO UPDATE SET Hostname = EXCLUDED.Hostname ;
INSERT INTO Networking(Hostname, IP, Gateway, Description, Index, DHCP) VALUES ('PM-SSAUS15006.pa.pref', '192.168.186.215', '192.168.186.1', 'Realtek PCIe GBE Family Controller', '1', 'True') ON CONFLICT(Hostname) DO UPDATE SET Hostname = EXCLUDED.Hostname, IP = EXCLUDED.IP, Gateway = EXCLUDED.Gateway, Description = EXCLUDED.Description, Index = EXCLUDED.Index, DHCP = EXCLUDED.DHCP ;
INSERT INTO Hosts(Hostname) VALUES ('PM-SSAUS18014.pa.pref') ON CONFLICT(Hostname) DO UPDATE SET Hostname = EXCLUDED.Hostname ;
INSERT INTO CPU(Hostname, Name, Caption, NOC, NOLP)VALUES('PM-SSAUS18014.pa.pref', 'AMD A10-9700 RADEON R7, 10 COMPUTE CORES 4C+6G ', 'AMD64 Family 21 Model 101 Stepping 1', '4', '4') ON CONFLICT(Hostname) DO UPDATE SET Hostname = EXCLUDED.Hostname, Name = EXCLUDED.Name, Caption = EXCLUDED.Caption, NOC = EXCLUDED.NOC, NOLP = EXCLUDED.NOLP ;
INSERT INTO Hosts(Hostname) VALUES ('PM-SSAUS18014.pa.pref') ON CONFLICT(Hostname) DO UPDATE SET Hostname = EXCLUDED.Hostname ;
INSERT INTO OS(Hostname, Caption, BuildNumber, Architecture, Description) VALUES('PM-SSAUS18014.pa.pref', 'Microsoft Windows 10 Pro', '19045', '64 bits', 'patrimonio 142296') ON CONFLICT(Hostname) DO UPDATE SET Hostname = EXCLUDED.Hostname, Caption = EXCLUDED.Caption, BuildNumber = EXCLUDED.BuildNumber, Architecture = EXCLUDED.Architecture, Description = EXCLUDED.Description ;
INSERT INTO Hosts(Hostname) VALUES ('PM-SSAUS18014.pa.pref') ON CONFLICT(Hostname) DO UPDATE SET Hostname = EXCLUDED.Hostname ;
INSERT INTO Networking(Hostname, IP, Gateway, Description, Index, DHCP) VALUES ('PM-SSAUS18014.pa.pref', '192.168.41.198', '192.168.41.1', 'Realtek PCIe GBE Family Controller', '2', 'True') ON CONFLICT(Hostname) DO UPDATE SET Hostname = EXCLUDED.Hostname, IP = EXCLUDED.IP, Gateway = EXCLUDED.Gateway, Description = EXCLUDED.Description, Index = EXCLUDED.Index, DHCP = EXCLUDED.DHCP ;
INSERT INTO Hosts(Hostname) VALUES ('PM-SURADM008.pa.pref') ON CONFLICT(Hostname) DO UPDATE SET Hostname = EXCLUDED.Hostname ;
INSERT INTO CPU(Hostname, Name, Caption, NOC, NOLP)VALUES('PM-SURADM008.pa.pref', 'Intel(R) Core(TM) i3-2120 CPU @ 3.30GHz', 'Intel64 Family 6 Model 42 Stepping 7', '2', '4') ON CONFLICT(Hostname) DO UPDATE SET Hostname = EXCLUDED.Hostname, Name = EXCLUDED.Name, Caption = EXCLUDED.Caption, NOC = EXCLUDED.NOC, NOLP = EXCLUDED.NOLP ;
INSERT INTO Hosts(Hostname) VALUES ('PM-SURADM008.pa.pref') ON CONFLICT(Hostname) DO UPDATE SET Hostname = EXCLUDED.Hostname ;
INSERT INTO OS(Hostname, Caption, BuildNumber, Architecture, Description) VALUES('PM-SURADM008.pa.pref', 'Microsoft Windows 10 Pro', '19045', '64 bits', 'PATRIMONIO 109661') ON CONFLICT(Hostname) DO UPDATE SET Hostname = EXCLUDED.Hostname, Caption = EXCLUDED.Caption, BuildNumber = EXCLUDED.BuildNumber, Architecture = EXCLUDED.Architecture, Description = EXCLUDED.Description ;
INSERT INTO Hosts(Hostname) VALUES ('PM-SURADM008.pa.pref') ON CONFLICT(Hostname) DO UPDATE SET Hostname = EXCLUDED.Hostname ;
INSERT INTO Networking(Hostname, IP, Gateway, Description, Index, DHCP) VALUES ('PM-SURADM008.pa.pref', '192.168.8.142', '192.168.8.1', 'Realtek PCIe GbE Family Controller', '1', 'True') ON CONFLICT(Hostname) DO UPDATE SET Hostname = EXCLUDED.Hostname, IP = EXCLUDED.IP, Gateway = EXCLUDED.Gateway, Description = EXCLUDED.Description, Index = EXCLUDED.Index, DHCP = EXCLUDED.DHCP ;
INSERT INTO Hosts(Hostname) VALUES ('PM-SSAUS18017.pa.pref') ON CONFLICT(Hostname) DO UPDATE SET Hostname = EXCLUDED.Hostname ;
INSERT INTO CPU(Hostname, Name, Caption, NOC, NOLP)VALUES('PM-SSAUS18017.pa.pref', 'Intel(R) Core(TM) i3-9100 CPU @ 3.60GHz', 'Intel64 Family 6 Model 158 Stepping 11', '4', '4') ON CONFLICT(Hostname) DO UPDATE SET Hostname = EXCLUDED.Hostname, Name = EXCLUDED.Name, Caption = EXCLUDED.Caption, NOC = EXCLUDED.NOC, NOLP = EXCLUDED.NOLP ;
INSERT INTO Hosts(Hostname) VALUES ('PM-SSAUS18017.pa.pref') ON CONFLICT(Hostname) DO UPDATE SET Hostname = EXCLUDED.Hostname ;
INSERT INTO OS(Hostname, Caption, BuildNumber, Architecture, Description) VALUES('PM-SSAUS18017.pa.pref', 'Microsoft Windows 10 Pro', '19045', '64 bits', 'Patrimonio 150563') ON CONFLICT(Hostname) DO UPDATE SET Hostname = EXCLUDED.Hostname, Caption = EXCLUDED.Caption, BuildNumber = EXCLUDED.BuildNumber, Architecture = EXCLUDED.Architecture, Description = EXCLUDED.Description ;
INSERT INTO Hosts(Hostname) VALUES ('PM-SSAUS18017.pa.pref') ON CONFLICT(Hostname) DO UPDATE SET Hostname = EXCLUDED.Hostname ;
INSERT INTO Networking(Hostname, IP, Gateway, Description, Index, DHCP) VALUES ('PM-SSAUS18017.pa.pref', '192.168.41.85', '192.168.41.1', 'Intel(R) Ethernet Connection (7) I219-V', '1', 'True') ON CONFLICT(Hostname) DO UPDATE SET Hostname = EXCLUDED.Hostname, IP = EXCLUDED.IP, Gateway = EXCLUDED.Gateway, Description = EXCLUDED.Description, Index = EXCLUDED.Index, DHCP = EXCLUDED.DHCP ;
INSERT INTO Hosts(Hostname) VALUES ('PM-GABADM020.pa.pref') ON CONFLICT(Hostname) DO UPDATE SET Hostname = EXCLUDED.Hostname ;
INSERT INTO CPU(Hostname, Name, Caption, NOC, NOLP)VALUES('PM-GABADM020.pa.pref', 'Intel(R) Core(TM) i5-3470 CPU @ 3.20GHz', 'Intel64 Family 6 Model 58 Stepping 9', '4', '4') ON CONFLICT(Hostname) DO UPDATE SET Hostname = EXCLUDED.Hostname, Name = EXCLUDED.Name, Caption = EXCLUDED.Caption, NOC = EXCLUDED.NOC, NOLP = EXCLUDED.NOLP ;
INSERT INTO Hosts(Hostname) VALUES ('PM-GABADM020.pa.pref') ON CONFLICT(Hostname) DO UPDATE SET Hostname = EXCLUDED.Hostname ;
INSERT INTO OS(Hostname, Caption, BuildNumber, Architecture, Description) VALUES('PM-GABADM020.pa.pref', 'Microsoft Windows 10 Pro', '19045', '64 bits', 'P-132200 A-903642634') ON CONFLICT(Hostname) DO UPDATE SET Hostname = EXCLUDED.Hostname, Caption = EXCLUDED.Caption, BuildNumber = EXCLUDED.BuildNumber, Architecture = EXCLUDED.Architecture, Description = EXCLUDED.Description ;
INSERT INTO Hosts(Hostname) VALUES ('PM-GABADM020.pa.pref') ON CONFLICT(Hostname) DO UPDATE SET Hostname = EXCLUDED.Hostname ;
INSERT INTO Networking(Hostname, IP, Gateway, Description, Index, DHCP) VALUES ('PM-GABADM020.pa.pref', '192.168.8.201', '192.168.8.1', 'Intel(R) 82579LM Gigabit Network Connection', '11', 'True') ON CONFLICT(Hostname) DO UPDATE SET Hostname = EXCLUDED.Hostname, IP = EXCLUDED.IP, Gateway = EXCLUDED.Gateway, Description = EXCLUDED.Description, Index = EXCLUDED.Index, DHCP = EXCLUDED.DHCP ;
INSERT INTO Hosts(Hostname) VALUES ('PM-SAFGEO011.pa.pref') ON CONFLICT(Hostname) DO UPDATE SET Hostname = EXCLUDED.Hostname ;
INSERT INTO CPU(Hostname, Name, Caption, NOC, NOLP)VALUES('PM-SAFGEO011.pa.pref', '12th Gen Intel(R) Core(TM) i7-12700', 'Intel64 Family 6 Model 151 Stepping 2', '12', '20') ON CONFLICT(Hostname) DO UPDATE SET Hostname = EXCLUDED.Hostname, Name = EXCLUDED.Name, Caption = EXCLUDED.Caption, NOC = EXCLUDED.NOC, NOLP = EXCLUDED.NOLP ;
INSERT INTO Hosts(Hostname) VALUES ('PM-SAFGEO011.pa.pref') ON CONFLICT(Hostname) DO UPDATE SET Hostname = EXCLUDED.Hostname ;
INSERT INTO OS(Hostname, Caption, BuildNumber, Architecture, Description) VALUES('PM-SAFGEO011.pa.pref', 'Microsoft Windows 10 Pro', '19045', '64 bits', 'P-168549') ON CONFLICT(Hostname) DO UPDATE SET Hostname = EXCLUDED.Hostname, Caption = EXCLUDED.Caption, BuildNumber = EXCLUDED.BuildNumber, Architecture = EXCLUDED.Architecture, Description = EXCLUDED.Description ;
INSERT INTO Hosts(Hostname) VALUES ('PM-SAFGEO011.pa.pref') ON CONFLICT(Hostname) DO UPDATE SET Hostname = EXCLUDED.Hostname ;
INSERT INTO Networking(Hostname, IP, Gateway, Description, Index, DHCP) VALUES ('PM-SAFGEO011.pa.pref', '192.168.223.135', '192.168.223.1', 'Intel(R) Ethernet Connection (17) I219-LM', '1', 'True') ON CONFLICT(Hostname) DO UPDATE SET Hostname = EXCLUDED.Hostname, IP = EXCLUDED.IP, Gateway = EXCLUDED.Gateway, Description = EXCLUDED.Description, Index = EXCLUDED.Index, DHCP = EXCLUDED.DHCP ;
INSERT INTO Hosts(Hostname) VALUES ('PM-SSAUS2724.pa.pref') ON CONFLICT(Hostname) DO UPDATE SET Hostname = EXCLUDED.Hostname ;
INSERT INTO CPU(Hostname, Name, Caption, NOC, NOLP)VALUES('PM-SSAUS2724.pa.pref', 'Intel(R) Core(TM) i5-3470 CPU @ 3.20GHz', 'Intel64 Family 6 Model 58 Stepping 9', '4', '4') ON CONFLICT(Hostname) DO UPDATE SET Hostname = EXCLUDED.Hostname, Name = EXCLUDED.Name, Caption = EXCLUDED.Caption, NOC = EXCLUDED.NOC, NOLP = EXCLUDED.NOLP ;
INSERT INTO Hosts(Hostname) VALUES ('PM-SSAUS2724.pa.pref') ON CONFLICT(Hostname) DO UPDATE SET Hostname = EXCLUDED.Hostname ;
INSERT INTO OS(Hostname, Caption, BuildNumber, Architecture, Description) VALUES('PM-SSAUS2724.pa.pref', 'Microsoft Windows 10 Pro', '19045', '64 bits', 'P-132200 A-903642634') ON CONFLICT(Hostname) DO UPDATE SET Hostname = EXCLUDED.Hostname, Caption = EXCLUDED.Caption, BuildNumber = EXCLUDED.BuildNumber, Architecture = EXCLUDED.Architecture, Description = EXCLUDED.Description ;
INSERT INTO Hosts(Hostname) VALUES ('PM-SSAUS2724.pa.pref') ON CONFLICT(Hostname) DO UPDATE SET Hostname = EXCLUDED.Hostname ;
INSERT INTO Networking(Hostname, IP, Gateway, Description, Index, DHCP) VALUES ('PM-SSAUS2724.pa.pref', '192.168.8.201', '192.168.8.1', 'Intel(R) 82579LM Gigabit Network Connection', '11', 'True') ON CONFLICT(Hostname) DO UPDATE SET Hostname = EXCLUDED.Hostname, IP = EXCLUDED.IP, Gateway = EXCLUDED.Gateway, Description = EXCLUDED.Description, Index = EXCLUDED.Index, DHCP = EXCLUDED.DHCP ;
INSERT INTO Hosts(Hostname) VALUES ('PM-SPSADM012.pa.pref') ON CONFLICT(Hostname) DO UPDATE SET Hostname = EXCLUDED.Hostname ;
INSERT INTO CPU(Hostname, Name, Caption, NOC, NOLP)VALUES('PM-SPSADM012.pa.pref', 'Intel(R) Core(TM)2 Duo CPU     E7500  @ 2.93GHz', 'x64 Family 6 Model 23 Stepping 10', '2', '2') ON CONFLICT(Hostname) DO UPDATE SET Hostname = EXCLUDED.Hostname, Name = EXCLUDED.Name, Caption = EXCLUDED.Caption, NOC = EXCLUDED.NOC, NOLP = EXCLUDED.NOLP ;
INSERT INTO Hosts(Hostname) VALUES ('PM-SPSADM012.pa.pref') ON CONFLICT(Hostname) DO UPDATE SET Hostname = EXCLUDED.Hostname ;
INSERT INTO OS(Hostname, Caption, BuildNumber, Architecture, Description) VALUES('PM-SPSADM012.pa.pref', 'Microsoft Windows 7 Ultimate ', '7601', '32-bit', 'Patrimonio 93666') ON CONFLICT(Hostname) DO UPDATE SET Hostname = EXCLUDED.Hostname, Caption = EXCLUDED.Caption, BuildNumber = EXCLUDED.BuildNumber, Architecture = EXCLUDED.Architecture, Description = EXCLUDED.Description ;
INSERT INTO Hosts(Hostname) VALUES ('PM-SPSADM012.pa.pref') ON CONFLICT(Hostname) DO UPDATE SET Hostname = EXCLUDED.Hostname ;
INSERT INTO Networking(Hostname, IP, Gateway, Description, Index, DHCP) VALUES ('PM-SPSADM012.pa.pref', '192.168.214.121', '192.168.214.1', 'Intel(R) 82567V-4 Gigabit Network Connection', '7', 'True') ON CONFLICT(Hostname) DO UPDATE SET Hostname = EXCLUDED.Hostname, IP = EXCLUDED.IP, Gateway = EXCLUDED.Gateway, Description = EXCLUDED.Description, Index = EXCLUDED.Index, DHCP = EXCLUDED.DHCP ;
INSERT INTO Hosts(Hostname) VALUES ('PM-SSAADM031.pa.pref') ON CONFLICT(Hostname) DO UPDATE SET Hostname = EXCLUDED.Hostname ;
INSERT INTO CPU(Hostname, Name, Caption, NOC, NOLP)VALUES('PM-SSAADM031.pa.pref', 'AMD Ryzen 3 5400U with Radeon Graphics         ', 'AMD64 Family 25 Model 80 Stepping 0', '4', '8') ON CONFLICT(Hostname) DO UPDATE SET Hostname = EXCLUDED.Hostname, Name = EXCLUDED.Name, Caption = EXCLUDED.Caption, NOC = EXCLUDED.NOC, NOLP = EXCLUDED.NOLP ;
INSERT INTO Hosts(Hostname) VALUES ('PM-SSAADM031.pa.pref') ON CONFLICT(Hostname) DO UPDATE SET Hostname = EXCLUDED.Hostname ;
INSERT INTO OS(Hostname, Caption, BuildNumber, Architecture, Description) VALUES('PM-SSAADM031.pa.pref', 'Microsoft Windows 10 Pro', '19044', '64 bits', 'Patrimônio169201') ON CONFLICT(Hostname) DO UPDATE SET Hostname = EXCLUDED.Hostname, Caption = EXCLUDED.Caption, BuildNumber = EXCLUDED.BuildNumber, Architecture = EXCLUDED.Architecture, Description = EXCLUDED.Description ;
INSERT INTO Hosts(Hostname) VALUES ('PM-SSAADM031.pa.pref') ON CONFLICT(Hostname) DO UPDATE SET Hostname = EXCLUDED.Hostname ;
INSERT INTO Networking(Hostname, IP, Gateway, Description, Index, DHCP) VALUES ('PM-SSAADM031.pa.pref', '192.168.36.158', '192.168.36.1', 'MediaTek MT7921 Wi-Fi 6 802.11ax PCIe Adapter', '1', 'True') ON CONFLICT(Hostname) DO UPDATE SET Hostname = EXCLUDED.Hostname, IP = EXCLUDED.IP, Gateway = EXCLUDED.Gateway, Description = EXCLUDED.Description, Index = EXCLUDED.Index, DHCP = EXCLUDED.DHCP ;
INSERT INTO Hosts(Hostname) VALUES ('PM-SSAUS04002.pa.pref') ON CONFLICT(Hostname) DO UPDATE SET Hostname = EXCLUDED.Hostname ;
INSERT INTO CPU(Hostname, Name, Caption, NOC, NOLP)VALUES('PM-SSAUS04002.pa.pref', 'AMD A10-9700 RADEON R7, 10 COMPUTE CORES 4C+6G ', 'AMD64 Family 21 Model 101 Stepping 1', '4', '4') ON CONFLICT(Hostname) DO UPDATE SET Hostname = EXCLUDED.Hostname, Name = EXCLUDED.Name, Caption = EXCLUDED.Caption, NOC = EXCLUDED.NOC, NOLP = EXCLUDED.NOLP ;
INSERT INTO Hosts(Hostname) VALUES ('PM-SSAUS04002.pa.pref') ON CONFLICT(Hostname) DO UPDATE SET Hostname = EXCLUDED.Hostname ;
INSERT INTO OS(Hostname, Caption, BuildNumber, Architecture, Description) VALUES('PM-SSAUS04002.pa.pref', 'Microsoft Windows 10 Pro', '19045', '64 bits', 'Patrimonio 142644') ON CONFLICT(Hostname) DO UPDATE SET Hostname = EXCLUDED.Hostname, Caption = EXCLUDED.Caption, BuildNumber = EXCLUDED.BuildNumber, Architecture = EXCLUDED.Architecture, Description = EXCLUDED.Description ;
INSERT INTO Hosts(Hostname) VALUES ('PM-SSAUS04002.pa.pref') ON CONFLICT(Hostname) DO UPDATE SET Hostname = EXCLUDED.Hostname ;
INSERT INTO Networking(Hostname, IP, Gateway, Description, Index, DHCP) VALUES ('PM-SSAUS04002.pa.pref', '192.168.137.107', '192.168.137.1', 'Realtek PCIe GBE Family Controller', '1', 'True') ON CONFLICT(Hostname) DO UPDATE SET Hostname = EXCLUDED.Hostname, IP = EXCLUDED.IP, Gateway = EXCLUDED.Gateway, Description = EXCLUDED.Description, Index = EXCLUDED.Index, DHCP = EXCLUDED.DHCP ;
INSERT INTO Hosts(Hostname) VALUES ('PM-SPSCRA007.pa.pref') ON CONFLICT(Hostname) DO UPDATE SET Hostname = EXCLUDED.Hostname ;
INSERT INTO CPU(Hostname, Name, Caption, NOC, NOLP)VALUES('PM-SPSCRA007.pa.pref', 'Intel(R) Core(TM) i3-7100 CPU @ 3.90GHz', 'Intel64 Family 6 Model 158 Stepping 9', '2', '4') ON CONFLICT(Hostname) DO UPDATE SET Hostname = EXCLUDED.Hostname, Name = EXCLUDED.Name, Caption = EXCLUDED.Caption, NOC = EXCLUDED.NOC, NOLP = EXCLUDED.NOLP ;
INSERT INTO Hosts(Hostname) VALUES ('PM-SPSCRA007.pa.pref') ON CONFLICT(Hostname) DO UPDATE SET Hostname = EXCLUDED.Hostname ;
INSERT INTO OS(Hostname, Caption, BuildNumber, Architecture, Description) VALUES('PM-SPSCRA007.pa.pref', 'Microsoft Windows 10 Pro', '19041', '64 bits', 'Patrimonio 133574') ON CONFLICT(Hostname) DO UPDATE SET Hostname = EXCLUDED.Hostname, Caption = EXCLUDED.Caption, BuildNumber = EXCLUDED.BuildNumber, Architecture = EXCLUDED.Architecture, Description = EXCLUDED.Description ;
INSERT INTO Hosts(Hostname) VALUES ('PM-SPSCRA007.pa.pref') ON CONFLICT(Hostname) DO UPDATE SET Hostname = EXCLUDED.Hostname ;
INSERT INTO Networking(Hostname, IP, Gateway, Description, Index, DHCP) VALUES ('PM-SPSCRA007.pa.pref', '192.168.132.36', '192.168.132.1', 'Realtek PCIe GBE Family Controller', '1', 'True') ON CONFLICT(Hostname) DO UPDATE SET Hostname = EXCLUDED.Hostname, IP = EXCLUDED.IP, Gateway = EXCLUDED.Gateway, Description = EXCLUDED.Description, Index = EXCLUDED.Index, DHCP = EXCLUDED.DHCP ;
INSERT INTO Hosts(Hostname) VALUES ('PM-SECED31082.pa.pref') ON CONFLICT(Hostname) DO UPDATE SET Hostname = EXCLUDED.Hostname ;
INSERT INTO CPU(Hostname, Name, Caption, NOC, NOLP)VALUES('PM-SECED31082.pa.pref', 'Intel(R) Core(TM) i3-10100 CPU @ 3.60GHz', 'Intel64 Family 6 Model 165 Stepping 3', '4', '8') ON CONFLICT(Hostname) DO UPDATE SET Hostname = EXCLUDED.Hostname, Name = EXCLUDED.Name, Caption = EXCLUDED.Caption, NOC = EXCLUDED.NOC, NOLP = EXCLUDED.NOLP ;
INSERT INTO Hosts(Hostname) VALUES ('PM-SECED31082.pa.pref') ON CONFLICT(Hostname) DO UPDATE SET Hostname = EXCLUDED.Hostname ;
INSERT INTO OS(Hostname, Caption, BuildNumber, Architecture, Description) VALUES('PM-SECED31082.pa.pref', 'Microsoft Windows 10 Pro', '19045', '64 bits', 'P-175535 A-919169165') ON CONFLICT(Hostname) DO UPDATE SET Hostname = EXCLUDED.Hostname, Caption = EXCLUDED.Caption, BuildNumber = EXCLUDED.BuildNumber, Architecture = EXCLUDED.Architecture, Description = EXCLUDED.Description ;
INSERT INTO Hosts(Hostname) VALUES ('PM-SECED31082.pa.pref') ON CONFLICT(Hostname) DO UPDATE SET Hostname = EXCLUDED.Hostname ;
INSERT INTO Networking(Hostname, IP, Gateway, Description, Index, DHCP) VALUES ('PM-SECED31082.pa.pref', '192.168.116.171', '192.168.116.1', 'Realtek PCIe GbE Family Controller', '1', 'True') ON CONFLICT(Hostname) DO UPDATE SET Hostname = EXCLUDED.Hostname, IP = EXCLUDED.IP, Gateway = EXCLUDED.Gateway, Description = EXCLUDED.Description, Index = EXCLUDED.Index, DHCP = EXCLUDED.DHCP ;
INSERT INTO Hosts(Hostname) VALUES ('PM-SECED29044.pa.pref') ON CONFLICT(Hostname) DO UPDATE SET Hostname = EXCLUDED.Hostname ;
INSERT INTO CPU(Hostname, Name, Caption, NOC, NOLP)VALUES('PM-SECED29044.pa.pref', 'Intel(R) Core(TM) i3-10100 CPU @ 3.60GHz', 'Intel64 Family 6 Model 165 Stepping 3', '4', '8') ON CONFLICT(Hostname) DO UPDATE SET Hostname = EXCLUDED.Hostname, Name = EXCLUDED.Name, Caption = EXCLUDED.Caption, NOC = EXCLUDED.NOC, NOLP = EXCLUDED.NOLP ;
INSERT INTO Hosts(Hostname) VALUES ('PM-SECED29044.pa.pref') ON CONFLICT(Hostname) DO UPDATE SET Hostname = EXCLUDED.Hostname ;
INSERT INTO OS(Hostname, Caption, BuildNumber, Architecture, Description) VALUES('PM-SECED29044.pa.pref', 'Microsoft Windows 10 Pro', '19045', '64 bits', 'P-174734 A-423714097') ON CONFLICT(Hostname) DO UPDATE SET Hostname = EXCLUDED.Hostname, Caption = EXCLUDED.Caption, BuildNumber = EXCLUDED.BuildNumber, Architecture = EXCLUDED.Architecture, Description = EXCLUDED.Description ;
INSERT INTO Hosts(Hostname) VALUES ('PM-SECED29044.pa.pref') ON CONFLICT(Hostname) DO UPDATE SET Hostname = EXCLUDED.Hostname ;
INSERT INTO Networking(Hostname, IP, Gateway, Description, Index, DHCP) VALUES ('PM-SECED29044.pa.pref', '192.168.149.233', '192.168.149.1', 'Realtek PCIe GbE Family Controller', '1', 'True') ON CONFLICT(Hostname) DO UPDATE SET Hostname = EXCLUDED.Hostname, IP = EXCLUDED.IP, Gateway = EXCLUDED.Gateway, Description = EXCLUDED.Description, Index = EXCLUDED.Index, DHCP = EXCLUDED.DHCP ;
INSERT INTO Hosts(Hostname) VALUES ('PM-CONADM014.pa.pref') ON CONFLICT(Hostname) DO UPDATE SET Hostname = EXCLUDED.Hostname ;
INSERT INTO CPU(Hostname, Name, Caption, NOC, NOLP)VALUES('PM-CONADM014.pa.pref', 'Intel(R) Core(TM) i3-7100 CPU @ 3.90GHz', 'Intel64 Family 6 Model 158 Stepping 9', '2', '4') ON CONFLICT(Hostname) DO UPDATE SET Hostname = EXCLUDED.Hostname, Name = EXCLUDED.Name, Caption = EXCLUDED.Caption, NOC = EXCLUDED.NOC, NOLP = EXCLUDED.NOLP ;
INSERT INTO Hosts(Hostname) VALUES ('PM-CONADM014.pa.pref') ON CONFLICT(Hostname) DO UPDATE SET Hostname = EXCLUDED.Hostname ;
INSERT INTO OS(Hostname, Caption, BuildNumber, Architecture, Description) VALUES('PM-CONADM014.pa.pref', 'Microsoft Windows 10 Pro', '19045', '64 bits', 'Patrimonio 132190') ON CONFLICT(Hostname) DO UPDATE SET Hostname = EXCLUDED.Hostname, Caption = EXCLUDED.Caption, BuildNumber = EXCLUDED.BuildNumber, Architecture = EXCLUDED.Architecture, Description = EXCLUDED.Description ;
INSERT INTO Hosts(Hostname) VALUES ('PM-CONADM014.pa.pref') ON CONFLICT(Hostname) DO UPDATE SET Hostname = EXCLUDED.Hostname ;
INSERT INTO Networking(Hostname, IP, Gateway, Description, Index, DHCP) VALUES ('PM-CONADM014.pa.pref', '192.168.28.85', '192.168.28.1', 'Realtek PCIe GbE Family Controller', '1', 'True') ON CONFLICT(Hostname) DO UPDATE SET Hostname = EXCLUDED.Hostname, IP = EXCLUDED.IP, Gateway = EXCLUDED.Gateway, Description = EXCLUDED.Description, Index = EXCLUDED.Index, DHCP = EXCLUDED.DHCP ;
INSERT INTO Hosts(Hostname) VALUES ('PM-SSAAUD003.pa.pref') ON CONFLICT(Hostname) DO UPDATE SET Hostname = EXCLUDED.Hostname ;
INSERT INTO CPU(Hostname, Name, Caption, NOC, NOLP)VALUES('PM-SSAAUD003.pa.pref', 'Intel(R) Core(TM)2 Duo CPU     E7500  @ 2.93GHz', 'Intel64 Family 6 Model 23 Stepping 10', '2', '2') ON CONFLICT(Hostname) DO UPDATE SET Hostname = EXCLUDED.Hostname, Name = EXCLUDED.Name, Caption = EXCLUDED.Caption, NOC = EXCLUDED.NOC, NOLP = EXCLUDED.NOLP ;
INSERT INTO Hosts(Hostname) VALUES ('PM-SSAAUD003.pa.pref') ON CONFLICT(Hostname) DO UPDATE SET Hostname = EXCLUDED.Hostname ;
INSERT INTO OS(Hostname, Caption, BuildNumber, Architecture, Description) VALUES('PM-SSAAUD003.pa.pref', 'Microsoft Windows 7 Professional ', '7601', '64-bit', 'Patrimonio 118154') ON CONFLICT(Hostname) DO UPDATE SET Hostname = EXCLUDED.Hostname, Caption = EXCLUDED.Caption, BuildNumber = EXCLUDED.BuildNumber, Architecture = EXCLUDED.Architecture, Description = EXCLUDED.Description ;
INSERT INTO Hosts(Hostname) VALUES ('PM-SSAAUD003.pa.pref') ON CONFLICT(Hostname) DO UPDATE SET Hostname = EXCLUDED.Hostname ;
INSERT INTO Networking(Hostname, IP, Gateway, Description, Index, DHCP) VALUES ('PM-SSAAUD003.pa.pref', '192.168.11.51', '192.168.11.1', 'Intel(R) 82567V-4 Gigabit Network Connection', '7', 'True') ON CONFLICT(Hostname) DO UPDATE SET Hostname = EXCLUDED.Hostname, IP = EXCLUDED.IP, Gateway = EXCLUDED.Gateway, Description = EXCLUDED.Description, Index = EXCLUDED.Index, DHCP = EXCLUDED.DHCP ;
INSERT INTO Hosts(Hostname) VALUES ('pm-180362.pa.pref') ON CONFLICT(Hostname) DO UPDATE SET Hostname = EXCLUDED.Hostname ;
INSERT INTO CPU(Hostname, Name, Caption, NOC, NOLP)VALUES('pm-180362.pa.pref', '12th Gen Intel(R) Core(TM) i3-12100', 'Intel64 Family 6 Model 151 Stepping 5', '4', '8') ON CONFLICT(Hostname) DO UPDATE SET Hostname = EXCLUDED.Hostname, Name = EXCLUDED.Name, Caption = EXCLUDED.Caption, NOC = EXCLUDED.NOC, NOLP = EXCLUDED.NOLP ;
INSERT INTO Hosts(Hostname) VALUES ('pm-180362.pa.pref') ON CONFLICT(Hostname) DO UPDATE SET Hostname = EXCLUDED.Hostname ;
INSERT INTO OS(Hostname, Caption, BuildNumber, Architecture, Description) VALUES('pm-180362.pa.pref', 'Microsoft Windows 11 Pro', '22621', '64 bits', 'Patrimonio 180362') ON CONFLICT(Hostname) DO UPDATE SET Hostname = EXCLUDED.Hostname, Caption = EXCLUDED.Caption, BuildNumber = EXCLUDED.BuildNumber, Architecture = EXCLUDED.Architecture, Description = EXCLUDED.Description ;
INSERT INTO Hosts(Hostname) VALUES ('pm-180362.pa.pref') ON CONFLICT(Hostname) DO UPDATE SET Hostname = EXCLUDED.Hostname ;
INSERT INTO Networking(Hostname, IP, Gateway, Description, Index, DHCP) VALUES ('pm-180362.pa.pref', '192.168.11.172', '192.168.11.1', 'Realtek PCIe GbE Family Controller', '1', 'True') ON CONFLICT(Hostname) DO UPDATE SET Hostname = EXCLUDED.Hostname, IP = EXCLUDED.IP, Gateway = EXCLUDED.Gateway, Description = EXCLUDED.Description, Index = EXCLUDED.Index, DHCP = EXCLUDED.DHCP ;
INSERT INTO Hosts(Hostname) VALUES ('PM-SPMGAM007.pa.pref') ON CONFLICT(Hostname) DO UPDATE SET Hostname = EXCLUDED.Hostname ;
INSERT INTO CPU(Hostname, Name, Caption, NOC, NOLP)VALUES('PM-SPMGAM007.pa.pref', 'Intel(R) Core(TM) i7-7700 CPU @ 3.60GHz', 'Intel64 Family 6 Model 158 Stepping 9', '4', '8') ON CONFLICT(Hostname) DO UPDATE SET Hostname = EXCLUDED.Hostname, Name = EXCLUDED.Name, Caption = EXCLUDED.Caption, NOC = EXCLUDED.NOC, NOLP = EXCLUDED.NOLP ;
INSERT INTO Hosts(Hostname) VALUES ('PM-SPMGAM007.pa.pref') ON CONFLICT(Hostname) DO UPDATE SET Hostname = EXCLUDED.Hostname ;
INSERT INTO OS(Hostname, Caption, BuildNumber, Architecture, Description) VALUES('PM-SPMGAM007.pa.pref', 'Microsoft Windows 10 Pro', '19045', '64 bits', '133157') ON CONFLICT(Hostname) DO UPDATE SET Hostname = EXCLUDED.Hostname, Caption = EXCLUDED.Caption, BuildNumber = EXCLUDED.BuildNumber, Architecture = EXCLUDED.Architecture, Description = EXCLUDED.Description ;
INSERT INTO Hosts(Hostname) VALUES ('PM-SPMGAM007.pa.pref') ON CONFLICT(Hostname) DO UPDATE SET Hostname = EXCLUDED.Hostname ;
INSERT INTO Networking(Hostname, IP, Gateway, Description, Index, DHCP) VALUES ('PM-SPMGAM007.pa.pref', '192.168.223.218', '192.168.223.1', 'Realtek PCIe GbE Family Controller', '1', 'True') ON CONFLICT(Hostname) DO UPDATE SET Hostname = EXCLUDED.Hostname, IP = EXCLUDED.IP, Gateway = EXCLUDED.Gateway, Description = EXCLUDED.Description, Index = EXCLUDED.Index, DHCP = EXCLUDED.DHCP ;
INSERT INTO Hosts(Hostname) VALUES ('PM-SSAVIE005.pa.pref') ON CONFLICT(Hostname) DO UPDATE SET Hostname = EXCLUDED.Hostname ;
INSERT INTO CPU(Hostname, Name, Caption, NOC, NOLP)VALUES('PM-SSAVIE005.pa.pref', 'Intel(R) Core(TM) i3-3220 CPU @ 3.30GHz', 'Intel64 Family 6 Model 58 Stepping 9', '2', '4') ON CONFLICT(Hostname) DO UPDATE SET Hostname = EXCLUDED.Hostname, Name = EXCLUDED.Name, Caption = EXCLUDED.Caption, NOC = EXCLUDED.NOC, NOLP = EXCLUDED.NOLP ;
INSERT INTO Hosts(Hostname) VALUES ('PM-SSAVIE005.pa.pref') ON CONFLICT(Hostname) DO UPDATE SET Hostname = EXCLUDED.Hostname ;
INSERT INTO OS(Hostname, Caption, BuildNumber, Architecture, Description) VALUES('PM-SSAVIE005.pa.pref', 'Microsoft Windows 7 Professional ', '7601', '64-bit', '98293') ON CONFLICT(Hostname) DO UPDATE SET Hostname = EXCLUDED.Hostname, Caption = EXCLUDED.Caption, BuildNumber = EXCLUDED.BuildNumber, Architecture = EXCLUDED.Architecture, Description = EXCLUDED.Description ;
INSERT INTO Hosts(Hostname) VALUES ('PM-SSAVIE005.pa.pref') ON CONFLICT(Hostname) DO UPDATE SET Hostname = EXCLUDED.Hostname ;
INSERT INTO Networking(Hostname, IP, Gateway, Description, Index, DHCP) VALUES ('PM-SSAVIE005.pa.pref', '192.168.11.183', '192.168.11.1', 'Realtek PCIe GBE Family Controller', '7', 'True') ON CONFLICT(Hostname) DO UPDATE SET Hostname = EXCLUDED.Hostname, IP = EXCLUDED.IP, Gateway = EXCLUDED.Gateway, Description = EXCLUDED.Description, Index = EXCLUDED.Index, DHCP = EXCLUDED.DHCP ;
INSERT INTO Hosts(Hostname) VALUES ('PM-SECAES030.pa.pref') ON CONFLICT(Hostname) DO UPDATE SET Hostname = EXCLUDED.Hostname ;
INSERT INTO CPU(Hostname, Name, Caption, NOC, NOLP)VALUES('PM-SECAES030.pa.pref', 'Intel(R) Core(TM) i3-10105 CPU @ 3.70GHz', 'Intel64 Family 6 Model 165 Stepping 3', '4', '8') ON CONFLICT(Hostname) DO UPDATE SET Hostname = EXCLUDED.Hostname, Name = EXCLUDED.Name, Caption = EXCLUDED.Caption, NOC = EXCLUDED.NOC, NOLP = EXCLUDED.NOLP ;
INSERT INTO Hosts(Hostname) VALUES ('PM-SECAES030.pa.pref') ON CONFLICT(Hostname) DO UPDATE SET Hostname = EXCLUDED.Hostname ;
INSERT INTO OS(Hostname, Caption, BuildNumber, Architecture, Description) VALUES('PM-SECAES030.pa.pref', 'Microsoft Windows 10 Pro', '19045', '64 bits', NULL) ON CONFLICT(Hostname) DO UPDATE SET Hostname = EXCLUDED.Hostname, Caption = EXCLUDED.Caption, BuildNumber = EXCLUDED.BuildNumber, Architecture = EXCLUDED.Architecture, Description = EXCLUDED.Description ;
INSERT INTO Hosts(Hostname) VALUES ('PM-SECAES030.pa.pref') ON CONFLICT(Hostname) DO UPDATE SET Hostname = EXCLUDED.Hostname ;
INSERT INTO Networking(Hostname, IP, Gateway, Description, Index, DHCP) VALUES ('PM-SECAES030.pa.pref', '192.168.111.97', '192.168.111.1', 'Realtek Gaming GbE Family Controller', '1', 'True') ON CONFLICT(Hostname) DO UPDATE SET Hostname = EXCLUDED.Hostname, IP = EXCLUDED.IP, Gateway = EXCLUDED.Gateway, Description = EXCLUDED.Description, Index = EXCLUDED.Index, DHCP = EXCLUDED.DHCP ;
INSERT INTO Hosts(Hostname) VALUES ('pm-180334.pa.pref') ON CONFLICT(Hostname) DO UPDATE SET Hostname = EXCLUDED.Hostname ;
INSERT INTO CPU(Hostname, Name, Caption, NOC, NOLP)VALUES('pm-180334.pa.pref', '11th Gen Intel(R) Core(TM) i5-1135G7 @ 2.40GHz', 'Intel64 Family 6 Model 140 Stepping 1', '4', '8') ON CONFLICT(Hostname) DO UPDATE SET Hostname = EXCLUDED.Hostname, Name = EXCLUDED.Name, Caption = EXCLUDED.Caption, NOC = EXCLUDED.NOC, NOLP = EXCLUDED.NOLP ;
INSERT INTO Hosts(Hostname) VALUES ('pm-180334.pa.pref') ON CONFLICT(Hostname) DO UPDATE SET Hostname = EXCLUDED.Hostname ;
INSERT INTO OS(Hostname, Caption, BuildNumber, Architecture, Description) VALUES('pm-180334.pa.pref', 'Microsoft Windows 10 Pro', '19045', '64 bits', 'PM-SSAUS4011') ON CONFLICT(Hostname) DO UPDATE SET Hostname = EXCLUDED.Hostname, Caption = EXCLUDED.Caption, BuildNumber = EXCLUDED.BuildNumber, Architecture = EXCLUDED.Architecture, Description = EXCLUDED.Description ;
INSERT INTO Hosts(Hostname) VALUES ('pm-180334.pa.pref') ON CONFLICT(Hostname) DO UPDATE SET Hostname = EXCLUDED.Hostname ;
INSERT INTO Networking(Hostname, IP, Gateway, Description, Index, DHCP) VALUES ('pm-180334.pa.pref', '192.168.13.223', '192.168.13.1', 'Intel(R) Wireless-AC 9462', '1', 'True') ON CONFLICT(Hostname) DO UPDATE SET Hostname = EXCLUDED.Hostname, IP = EXCLUDED.IP, Gateway = EXCLUDED.Gateway, Description = EXCLUDED.Description, Index = EXCLUDED.Index, DHCP = EXCLUDED.DHCP ;
INSERT INTO Hosts(Hostname) VALUES ('PM-SSAHPMINI008.pa.pref') ON CONFLICT(Hostname) DO UPDATE SET Hostname = EXCLUDED.Hostname ;
INSERT INTO CPU(Hostname, Name, Caption, NOC, NOLP)VALUES('PM-SSAHPMINI008.pa.pref', 'AMD Ryzen 3 PRO 4350GE with Radeon Graphics', 'AMD64 Family 23 Model 96 Stepping 1', '4', '8') ON CONFLICT(Hostname) DO UPDATE SET Hostname = EXCLUDED.Hostname, Name = EXCLUDED.Name, Caption = EXCLUDED.Caption, NOC = EXCLUDED.NOC, NOLP = EXCLUDED.NOLP ;
INSERT INTO Hosts(Hostname) VALUES ('PM-SSAHPMINI008.pa.pref') ON CONFLICT(Hostname) DO UPDATE SET Hostname = EXCLUDED.Hostname ;
INSERT INTO OS(Hostname, Caption, BuildNumber, Architecture, Description) VALUES('PM-SSAHPMINI008.pa.pref', 'Microsoft Windows 10 Pro', '19045', '64 bits', 'P-169081 A-921 087 402') ON CONFLICT(Hostname) DO UPDATE SET Hostname = EXCLUDED.Hostname, Caption = EXCLUDED.Caption, BuildNumber = EXCLUDED.BuildNumber, Architecture = EXCLUDED.Architecture, Description = EXCLUDED.Description ;
INSERT INTO Hosts(Hostname) VALUES ('PM-SSAHPMINI008.pa.pref') ON CONFLICT(Hostname) DO UPDATE SET Hostname = EXCLUDED.Hostname ;
INSERT INTO Networking(Hostname, IP, Gateway, Description, Index, DHCP) VALUES ('PM-SSAHPMINI008.pa.pref', '192.168.201.53', '192.168.201.1', 'Realtek RTL8852AE WiFi 6 802.11ax PCIe Adapter', '1', 'True') ON CONFLICT(Hostname) DO UPDATE SET Hostname = EXCLUDED.Hostname, IP = EXCLUDED.IP, Gateway = EXCLUDED.Gateway, Description = EXCLUDED.Description, Index = EXCLUDED.Index, DHCP = EXCLUDED.DHCP ;
INSERT INTO Hosts(Hostname) VALUES ('PM-SSAUS16017.pa.pref') ON CONFLICT(Hostname) DO UPDATE SET Hostname = EXCLUDED.Hostname ;
INSERT INTO CPU(Hostname, Name, Caption, NOC, NOLP)VALUES('PM-SSAUS16017.pa.pref', '12th Gen Intel(R) Core(TM) i3-12100', 'Intel64 Family 6 Model 151 Stepping 5', '4', '8') ON CONFLICT(Hostname) DO UPDATE SET Hostname = EXCLUDED.Hostname, Name = EXCLUDED.Name, Caption = EXCLUDED.Caption, NOC = EXCLUDED.NOC, NOLP = EXCLUDED.NOLP ;
INSERT INTO Hosts(Hostname) VALUES ('PM-SSAUS16017.pa.pref') ON CONFLICT(Hostname) DO UPDATE SET Hostname = EXCLUDED.Hostname ;
INSERT INTO OS(Hostname, Caption, BuildNumber, Architecture, Description) VALUES('PM-SSAUS16017.pa.pref', 'Microsoft Windows 11 Pro', '22621', '64 bits', NULL) ON CONFLICT(Hostname) DO UPDATE SET Hostname = EXCLUDED.Hostname, Caption = EXCLUDED.Caption, BuildNumber = EXCLUDED.BuildNumber, Architecture = EXCLUDED.Architecture, Description = EXCLUDED.Description ;
INSERT INTO Hosts(Hostname) VALUES ('PM-SSAUS16017.pa.pref') ON CONFLICT(Hostname) DO UPDATE SET Hostname = EXCLUDED.Hostname ;
INSERT INTO Networking(Hostname, IP, Gateway, Description, Index, DHCP) VALUES ('PM-SSAUS16017.pa.pref', '192.168.8.199', '192.168.8.1', 'Realtek PCIe GbE Family Controller', '1', 'True') ON CONFLICT(Hostname) DO UPDATE SET Hostname = EXCLUDED.Hostname, IP = EXCLUDED.IP, Gateway = EXCLUDED.Gateway, Description = EXCLUDED.Description, Index = EXCLUDED.Index, DHCP = EXCLUDED.DHCP ;
INSERT INTO Hosts(Hostname) VALUES ('PM-SECED32009.pa.pref') ON CONFLICT(Hostname) DO UPDATE SET Hostname = EXCLUDED.Hostname ;
INSERT INTO CPU(Hostname, Name, Caption, NOC, NOLP)VALUES('PM-SECED32009.pa.pref', 'Pentium(R) Dual-Core CPU       T4500  @ 2.30GHz', 'x64 Family 6 Model 23 Stepping 10', '2', '2') ON CONFLICT(Hostname) DO UPDATE SET Hostname = EXCLUDED.Hostname, Name = EXCLUDED.Name, Caption = EXCLUDED.Caption, NOC = EXCLUDED.NOC, NOLP = EXCLUDED.NOLP ;
INSERT INTO Hosts(Hostname) VALUES ('PM-SECED32009.pa.pref') ON CONFLICT(Hostname) DO UPDATE SET Hostname = EXCLUDED.Hostname ;
INSERT INTO OS(Hostname, Caption, BuildNumber, Architecture, Description) VALUES('PM-SECED32009.pa.pref', 'Microsoft Windows 7 Professional ', '7600', '32-bit', '134557') ON CONFLICT(Hostname) DO UPDATE SET Hostname = EXCLUDED.Hostname, Caption = EXCLUDED.Caption, BuildNumber = EXCLUDED.BuildNumber, Architecture = EXCLUDED.Architecture, Description = EXCLUDED.Description ;
INSERT INTO Hosts(Hostname) VALUES ('PM-SECED32009.pa.pref') ON CONFLICT(Hostname) DO UPDATE SET Hostname = EXCLUDED.Hostname ;
INSERT INTO Networking(Hostname, IP, Gateway, Description, Index, DHCP) VALUES ('PM-SECED32009.pa.pref', '192.168.127.106', '192.168.127.1', 'Realtek PCIe GBE Family Controller #2', '11', 'True') ON CONFLICT(Hostname) DO UPDATE SET Hostname = EXCLUDED.Hostname, IP = EXCLUDED.IP, Gateway = EXCLUDED.Gateway, Description = EXCLUDED.Description, Index = EXCLUDED.Index, DHCP = EXCLUDED.DHCP ;
INSERT INTO Hosts(Hostname) VALUES ('PM-SURADM067.pa.pref') ON CONFLICT(Hostname) DO UPDATE SET Hostname = EXCLUDED.Hostname ;
INSERT INTO CPU(Hostname, Name, Caption, NOC, NOLP)VALUES('PM-SURADM067.pa.pref', 'Intel(R) Core(TM) i3-10100 CPU @ 3.60GHz', 'Intel64 Family 6 Model 165 Stepping 3', '4', '8') ON CONFLICT(Hostname) DO UPDATE SET Hostname = EXCLUDED.Hostname, Name = EXCLUDED.Name, Caption = EXCLUDED.Caption, NOC = EXCLUDED.NOC, NOLP = EXCLUDED.NOLP ;
INSERT INTO Hosts(Hostname) VALUES ('PM-SURADM067.pa.pref') ON CONFLICT(Hostname) DO UPDATE SET Hostname = EXCLUDED.Hostname ;
INSERT INTO OS(Hostname, Caption, BuildNumber, Architecture, Description) VALUES('PM-SURADM067.pa.pref', 'Microsoft Windows 10 Pro', '19045', '64 bits', 'P-175535 A-919169165') ON CONFLICT(Hostname) DO UPDATE SET Hostname = EXCLUDED.Hostname, Caption = EXCLUDED.Caption, BuildNumber = EXCLUDED.BuildNumber, Architecture = EXCLUDED.Architecture, Description = EXCLUDED.Description ;
INSERT INTO Hosts(Hostname) VALUES ('PM-SURADM067.pa.pref') ON CONFLICT(Hostname) DO UPDATE SET Hostname = EXCLUDED.Hostname ;
INSERT INTO Networking(Hostname, IP, Gateway, Description, Index, DHCP) VALUES ('PM-SURADM067.pa.pref', '192.168.116.171', '192.168.116.1', 'Realtek PCIe GbE Family Controller', '1', 'True') ON CONFLICT(Hostname) DO UPDATE SET Hostname = EXCLUDED.Hostname, IP = EXCLUDED.IP, Gateway = EXCLUDED.Gateway, Description = EXCLUDED.Description, Index = EXCLUDED.Index, DHCP = EXCLUDED.DHCP ;
INSERT INTO Hosts(Hostname) VALUES ('PM-SECED30009.pa.pref') ON CONFLICT(Hostname) DO UPDATE SET Hostname = EXCLUDED.Hostname ;
INSERT INTO CPU(Hostname, Name, Caption, NOC, NOLP)VALUES('PM-SECED30009.pa.pref', 'Intel(R) Core(TM) i3-10100 CPU @ 3.60GHz', 'Intel64 Family 6 Model 165 Stepping 3', '4', '8') ON CONFLICT(Hostname) DO UPDATE SET Hostname = EXCLUDED.Hostname, Name = EXCLUDED.Name, Caption = EXCLUDED.Caption, NOC = EXCLUDED.NOC, NOLP = EXCLUDED.NOLP ;
INSERT INTO Hosts(Hostname) VALUES ('PM-SECED30009.pa.pref') ON CONFLICT(Hostname) DO UPDATE SET Hostname = EXCLUDED.Hostname ;
INSERT INTO OS(Hostname, Caption, BuildNumber, Architecture, Description) VALUES('PM-SECED30009.pa.pref', 'Microsoft Windows 10 Pro', '19044', '64 bits', 'P-174707 A-296963590') ON CONFLICT(Hostname) DO UPDATE SET Hostname = EXCLUDED.Hostname, Caption = EXCLUDED.Caption, BuildNumber = EXCLUDED.BuildNumber, Architecture = EXCLUDED.Architecture, Description = EXCLUDED.Description ;
INSERT INTO Hosts(Hostname) VALUES ('PM-SECED30009.pa.pref') ON CONFLICT(Hostname) DO UPDATE SET Hostname = EXCLUDED.Hostname ;
INSERT INTO Networking(Hostname, IP, Gateway, Description, Index, DHCP) VALUES ('PM-SECED30009.pa.pref', '192.168.162.123', '192.168.162.1', 'Realtek PCIe GbE Family Controller', '1', 'True') ON CONFLICT(Hostname) DO UPDATE SET Hostname = EXCLUDED.Hostname, IP = EXCLUDED.IP, Gateway = EXCLUDED.Gateway, Description = EXCLUDED.Description, Index = EXCLUDED.Index, DHCP = EXCLUDED.DHCP ;
INSERT INTO Hosts(Hostname) VALUES ('PM-STTADM008.pa.pref') ON CONFLICT(Hostname) DO UPDATE SET Hostname = EXCLUDED.Hostname ;
INSERT INTO CPU(Hostname, Name, Caption, NOC, NOLP)VALUES('PM-STTADM008.pa.pref', 'Intel(R) Core(TM) i3-7100 CPU @ 3.90GHz', 'Intel64 Family 6 Model 158 Stepping 9', '2', '4') ON CONFLICT(Hostname) DO UPDATE SET Hostname = EXCLUDED.Hostname, Name = EXCLUDED.Name, Caption = EXCLUDED.Caption, NOC = EXCLUDED.NOC, NOLP = EXCLUDED.NOLP ;
INSERT INTO Hosts(Hostname) VALUES ('PM-STTADM008.pa.pref') ON CONFLICT(Hostname) DO UPDATE SET Hostname = EXCLUDED.Hostname ;
INSERT INTO OS(Hostname, Caption, BuildNumber, Architecture, Description) VALUES('PM-STTADM008.pa.pref', 'Microsoft Windows 10 Pro', '19045', '64 bits', 'Patrimonio 132195') ON CONFLICT(Hostname) DO UPDATE SET Hostname = EXCLUDED.Hostname, Caption = EXCLUDED.Caption, BuildNumber = EXCLUDED.BuildNumber, Architecture = EXCLUDED.Architecture, Description = EXCLUDED.Description ;
INSERT INTO Hosts(Hostname) VALUES ('PM-STTADM008.pa.pref') ON CONFLICT(Hostname) DO UPDATE SET Hostname = EXCLUDED.Hostname ;
INSERT INTO Networking(Hostname, IP, Gateway, Description, Index, DHCP) VALUES ('PM-STTADM008.pa.pref', '192.168.10.252', '192.168.10.1', 'Realtek PCIe GBE Family Controller', '1', 'True') ON CONFLICT(Hostname) DO UPDATE SET Hostname = EXCLUDED.Hostname, IP = EXCLUDED.IP, Gateway = EXCLUDED.Gateway, Description = EXCLUDED.Description, Index = EXCLUDED.Index, DHCP = EXCLUDED.DHCP ;
INSERT INTO Hosts(Hostname) VALUES ('PM-184492.pa.pref') ON CONFLICT(Hostname) DO UPDATE SET Hostname = EXCLUDED.Hostname ;
INSERT INTO CPU(Hostname, Name, Caption, NOC, NOLP)VALUES('PM-184492.pa.pref', '12th Gen Intel(R) Core(TM) i3-12100', 'Intel64 Family 6 Model 151 Stepping 5', '4', '8') ON CONFLICT(Hostname) DO UPDATE SET Hostname = EXCLUDED.Hostname, Name = EXCLUDED.Name, Caption = EXCLUDED.Caption, NOC = EXCLUDED.NOC, NOLP = EXCLUDED.NOLP ;
INSERT INTO Hosts(Hostname) VALUES ('PM-184492.pa.pref') ON CONFLICT(Hostname) DO UPDATE SET Hostname = EXCLUDED.Hostname ;
INSERT INTO OS(Hostname, Caption, BuildNumber, Architecture, Description) VALUES('PM-184492.pa.pref', 'Microsoft Windows 11 Pro', '22621', '64 bits', 'PAT 184492') ON CONFLICT(Hostname) DO UPDATE SET Hostname = EXCLUDED.Hostname, Caption = EXCLUDED.Caption, BuildNumber = EXCLUDED.BuildNumber, Architecture = EXCLUDED.Architecture, Description = EXCLUDED.Description ;
INSERT INTO Hosts(Hostname) VALUES ('PM-184492.pa.pref') ON CONFLICT(Hostname) DO UPDATE SET Hostname = EXCLUDED.Hostname ;
INSERT INTO Networking(Hostname, IP, Gateway, Description, Index, DHCP) VALUES ('PM-184492.pa.pref', '192.168.11.96', '192.168.11.1', 'Realtek PCIe GbE Family Controller', '1', 'True') ON CONFLICT(Hostname) DO UPDATE SET Hostname = EXCLUDED.Hostname, IP = EXCLUDED.IP, Gateway = EXCLUDED.Gateway, Description = EXCLUDED.Description, Index = EXCLUDED.Index, DHCP = EXCLUDED.DHCP ;
INSERT INTO Hosts(Hostname) VALUES ('PM-SSAADM142.pa.pref') ON CONFLICT(Hostname) DO UPDATE SET Hostname = EXCLUDED.Hostname ;
INSERT INTO CPU(Hostname, Name, Caption, NOC, NOLP)VALUES('PM-SSAADM142.pa.pref', 'AMD Athlon(tm) II X2 B22 Processor', 'AMD64 Family 16 Model 6 Stepping 2', '2', '2') ON CONFLICT(Hostname) DO UPDATE SET Hostname = EXCLUDED.Hostname, Name = EXCLUDED.Name, Caption = EXCLUDED.Caption, NOC = EXCLUDED.NOC, NOLP = EXCLUDED.NOLP ;
INSERT INTO Hosts(Hostname) VALUES ('PM-SSAADM142.pa.pref') ON CONFLICT(Hostname) DO UPDATE SET Hostname = EXCLUDED.Hostname ;
INSERT INTO OS(Hostname, Caption, BuildNumber, Architecture, Description) VALUES('PM-SSAADM142.pa.pref', 'Microsoft Windows 10 Pro', '19045', '64 bits', 'PM-SSAUS2403') ON CONFLICT(Hostname) DO UPDATE SET Hostname = EXCLUDED.Hostname, Caption = EXCLUDED.Caption, BuildNumber = EXCLUDED.BuildNumber, Architecture = EXCLUDED.Architecture, Description = EXCLUDED.Description ;
INSERT INTO Hosts(Hostname) VALUES ('PM-SSAADM142.pa.pref') ON CONFLICT(Hostname) DO UPDATE SET Hostname = EXCLUDED.Hostname ;
INSERT INTO Networking(Hostname, IP, Gateway, Description, Index, DHCP) VALUES ('PM-SSAADM142.pa.pref', '192.168.32.121', '192.168.32.1', 'Broadcom NetXtreme Gigabit Ethernet', '1', 'True') ON CONFLICT(Hostname) DO UPDATE SET Hostname = EXCLUDED.Hostname, IP = EXCLUDED.IP, Gateway = EXCLUDED.Gateway, Description = EXCLUDED.Description, Index = EXCLUDED.Index, DHCP = EXCLUDED.DHCP ;
INSERT INTO Hosts(Hostname) VALUES ('PM-SSAATD014.pa.pref') ON CONFLICT(Hostname) DO UPDATE SET Hostname = EXCLUDED.Hostname ;
INSERT INTO CPU(Hostname, Name, Caption, NOC, NOLP)VALUES('PM-SSAATD014.pa.pref', 'AMD PRO A8-8650B R7, 10 Compute Cores 4C+6G    ', 'AMD64 Family 21 Model 56 Stepping 1', '2', '4') ON CONFLICT(Hostname) DO UPDATE SET Hostname = EXCLUDED.Hostname, Name = EXCLUDED.Name, Caption = EXCLUDED.Caption, NOC = EXCLUDED.NOC, NOLP = EXCLUDED.NOLP ;
INSERT INTO Hosts(Hostname) VALUES ('PM-SSAATD014.pa.pref') ON CONFLICT(Hostname) DO UPDATE SET Hostname = EXCLUDED.Hostname ;
INSERT INTO OS(Hostname, Caption, BuildNumber, Architecture, Description) VALUES('PM-SSAATD014.pa.pref', 'Microsoft Windows 10 Pro', '19045', '64 bits', 'Patrimônio 133346') ON CONFLICT(Hostname) DO UPDATE SET Hostname = EXCLUDED.Hostname, Caption = EXCLUDED.Caption, BuildNumber = EXCLUDED.BuildNumber, Architecture = EXCLUDED.Architecture, Description = EXCLUDED.Description ;
INSERT INTO Hosts(Hostname) VALUES ('PM-SSAATD014.pa.pref') ON CONFLICT(Hostname) DO UPDATE SET Hostname = EXCLUDED.Hostname ;
INSERT INTO Networking(Hostname, IP, Gateway, Description, Index, DHCP) VALUES ('PM-SSAATD014.pa.pref', '192.168.11.191', '192.168.11.1', 'Realtek PCIe GBE Family Controller', '1', 'True') ON CONFLICT(Hostname) DO UPDATE SET Hostname = EXCLUDED.Hostname, IP = EXCLUDED.IP, Gateway = EXCLUDED.Gateway, Description = EXCLUDED.Description, Index = EXCLUDED.Index, DHCP = EXCLUDED.DHCP ;
INSERT INTO Hosts(Hostname) VALUES ('DESKTOP-FS1B82J.pa.pref') ON CONFLICT(Hostname) DO UPDATE SET Hostname = EXCLUDED.Hostname ;
INSERT INTO CPU(Hostname, Name, Caption, NOC, NOLP)VALUES('DESKTOP-FS1B82J.pa.pref', 'Intel(R) Core(TM)2 CPU          4300  @ 1.80GHz', 'Intel64 Family 6 Model 15 Stepping 2', '2', '2') ON CONFLICT(Hostname) DO UPDATE SET Hostname = EXCLUDED.Hostname, Name = EXCLUDED.Name, Caption = EXCLUDED.Caption, NOC = EXCLUDED.NOC, NOLP = EXCLUDED.NOLP ;
INSERT INTO Hosts(Hostname) VALUES ('DESKTOP-FS1B82J.pa.pref') ON CONFLICT(Hostname) DO UPDATE SET Hostname = EXCLUDED.Hostname ;
INSERT INTO OS(Hostname, Caption, BuildNumber, Architecture, Description) VALUES('DESKTOP-FS1B82J.pa.pref', 'Microsoft Windows 10 Pro', '16299', '64 bits', NULL) ON CONFLICT(Hostname) DO UPDATE SET Hostname = EXCLUDED.Hostname, Caption = EXCLUDED.Caption, BuildNumber = EXCLUDED.BuildNumber, Architecture = EXCLUDED.Architecture, Description = EXCLUDED.Description ;
INSERT INTO Hosts(Hostname) VALUES ('DESKTOP-FS1B82J.pa.pref') ON CONFLICT(Hostname) DO UPDATE SET Hostname = EXCLUDED.Hostname ;
INSERT INTO Networking(Hostname, IP, Gateway, Description, Index, DHCP) VALUES ('DESKTOP-FS1B82J.pa.pref', '192.168.105.241', '192.168.105.1', 'Broadcom NetXtreme 57xx Gigabit Controller', '9', 'True') ON CONFLICT(Hostname) DO UPDATE SET Hostname = EXCLUDED.Hostname, IP = EXCLUDED.IP, Gateway = EXCLUDED.Gateway, Description = EXCLUDED.Description, Index = EXCLUDED.Index, DHCP = EXCLUDED.DHCP ;
INSERT INTO Hosts(Hostname) VALUES ('PM-ASCADM013.pa.pref') ON CONFLICT(Hostname) DO UPDATE SET Hostname = EXCLUDED.Hostname ;
INSERT INTO CPU(Hostname, Name, Caption, NOC, NOLP)VALUES('PM-ASCADM013.pa.pref', '12th Gen Intel(R) Core(TM) i7-12700', 'Intel64 Family 6 Model 151 Stepping 2', '12', '20') ON CONFLICT(Hostname) DO UPDATE SET Hostname = EXCLUDED.Hostname, Name = EXCLUDED.Name, Caption = EXCLUDED.Caption, NOC = EXCLUDED.NOC, NOLP = EXCLUDED.NOLP ;
INSERT INTO Hosts(Hostname) VALUES ('PM-ASCADM013.pa.pref') ON CONFLICT(Hostname) DO UPDATE SET Hostname = EXCLUDED.Hostname ;
INSERT INTO OS(Hostname, Caption, BuildNumber, Architecture, Description) VALUES('PM-ASCADM013.pa.pref', 'Microsoft Windows 11 Pro', '22621', '64 bits', NULL) ON CONFLICT(Hostname) DO UPDATE SET Hostname = EXCLUDED.Hostname, Caption = EXCLUDED.Caption, BuildNumber = EXCLUDED.BuildNumber, Architecture = EXCLUDED.Architecture, Description = EXCLUDED.Description ;
INSERT INTO Hosts(Hostname) VALUES ('PM-ASCADM013.pa.pref') ON CONFLICT(Hostname) DO UPDATE SET Hostname = EXCLUDED.Hostname ;
INSERT INTO Networking(Hostname, IP, Gateway, Description, Index, DHCP) VALUES ('PM-ASCADM013.pa.pref', '192.168.8.237', '192.168.8.1', 'Intel(R) Ethernet Connection (17) I219-LM', '1', 'True') ON CONFLICT(Hostname) DO UPDATE SET Hostname = EXCLUDED.Hostname, IP = EXCLUDED.IP, Gateway = EXCLUDED.Gateway, Description = EXCLUDED.Description, Index = EXCLUDED.Index, DHCP = EXCLUDED.DHCP ;
INSERT INTO Hosts(Hostname) VALUES ('PM-PROADM005.pa.pref') ON CONFLICT(Hostname) DO UPDATE SET Hostname = EXCLUDED.Hostname ;
INSERT INTO CPU(Hostname, Name, Caption, NOC, NOLP)VALUES('PM-PROADM005.pa.pref', 'Intel(R) Core(TM) i3-9100 CPU @ 3.60GHz', 'Intel64 Family 6 Model 158 Stepping 11', '4', '4') ON CONFLICT(Hostname) DO UPDATE SET Hostname = EXCLUDED.Hostname, Name = EXCLUDED.Name, Caption = EXCLUDED.Caption, NOC = EXCLUDED.NOC, NOLP = EXCLUDED.NOLP ;
INSERT INTO Hosts(Hostname) VALUES ('PM-PROADM005.pa.pref') ON CONFLICT(Hostname) DO UPDATE SET Hostname = EXCLUDED.Hostname ;
INSERT INTO OS(Hostname, Caption, BuildNumber, Architecture, Description) VALUES('PM-PROADM005.pa.pref', 'Microsoft Windows 10 Pro', '19045', '64 bits', 'Patrimonio 148091') ON CONFLICT(Hostname) DO UPDATE SET Hostname = EXCLUDED.Hostname, Caption = EXCLUDED.Caption, BuildNumber = EXCLUDED.BuildNumber, Architecture = EXCLUDED.Architecture, Description = EXCLUDED.Description ;
INSERT INTO Hosts(Hostname) VALUES ('PM-PROADM005.pa.pref') ON CONFLICT(Hostname) DO UPDATE SET Hostname = EXCLUDED.Hostname ;
INSERT INTO Networking(Hostname, IP, Gateway, Description, Index, DHCP) VALUES ('PM-PROADM005.pa.pref', '192.168.12.106', '192.168.12.1', 'Intel(R) Ethernet Connection (7) I219-V', '1', 'True') ON CONFLICT(Hostname) DO UPDATE SET Hostname = EXCLUDED.Hostname, IP = EXCLUDED.IP, Gateway = EXCLUDED.Gateway, Description = EXCLUDED.Description, Index = EXCLUDED.Index, DHCP = EXCLUDED.DHCP ;
INSERT INTO Hosts(Hostname) VALUES ('PM-SSAUS36001.pa.pref') ON CONFLICT(Hostname) DO UPDATE SET Hostname = EXCLUDED.Hostname ;
INSERT INTO CPU(Hostname, Name, Caption, NOC, NOLP)VALUES('PM-SSAUS36001.pa.pref', 'Intel(R) Core(TM)2 Duo CPU     E7500  @ 2.93GHz', 'Intel64 Family 6 Model 23 Stepping 10', '2', '2') ON CONFLICT(Hostname) DO UPDATE SET Hostname = EXCLUDED.Hostname, Name = EXCLUDED.Name, Caption = EXCLUDED.Caption, NOC = EXCLUDED.NOC, NOLP = EXCLUDED.NOLP ;
INSERT INTO Hosts(Hostname) VALUES ('PM-SSAUS36001.pa.pref') ON CONFLICT(Hostname) DO UPDATE SET Hostname = EXCLUDED.Hostname ;
INSERT INTO OS(Hostname, Caption, BuildNumber, Architecture, Description) VALUES('PM-SSAUS36001.pa.pref', 'Microsoft Windows 7 Professional ', '7601', '64-bit', 'Patrimonio 110959') ON CONFLICT(Hostname) DO UPDATE SET Hostname = EXCLUDED.Hostname, Caption = EXCLUDED.Caption, BuildNumber = EXCLUDED.BuildNumber, Architecture = EXCLUDED.Architecture, Description = EXCLUDED.Description ;
INSERT INTO Hosts(Hostname) VALUES ('PM-SSAUS36001.pa.pref') ON CONFLICT(Hostname) DO UPDATE SET Hostname = EXCLUDED.Hostname ;
INSERT INTO Networking(Hostname, IP, Gateway, Description, Index, DHCP) VALUES ('PM-SSAUS36001.pa.pref', '192.168.27.112', '192.168.27.1', 'Intel(R) 82567V-4 Gigabit Network Connection', '7', 'True') ON CONFLICT(Hostname) DO UPDATE SET Hostname = EXCLUDED.Hostname, IP = EXCLUDED.IP, Gateway = EXCLUDED.Gateway, Description = EXCLUDED.Description, Index = EXCLUDED.Index, DHCP = EXCLUDED.DHCP ;
INSERT INTO Hosts(Hostname) VALUES ('PM-SURADM070.pa.pref') ON CONFLICT(Hostname) DO UPDATE SET Hostname = EXCLUDED.Hostname ;
INSERT INTO CPU(Hostname, Name, Caption, NOC, NOLP)VALUES('PM-SURADM070.pa.pref', 'Intel(R) Core(TM) i3-10100 CPU @ 3.60GHz', 'Intel64 Family 6 Model 165 Stepping 3', '4', '8') ON CONFLICT(Hostname) DO UPDATE SET Hostname = EXCLUDED.Hostname, Name = EXCLUDED.Name, Caption = EXCLUDED.Caption, NOC = EXCLUDED.NOC, NOLP = EXCLUDED.NOLP ;
INSERT INTO Hosts(Hostname) VALUES ('PM-SURADM070.pa.pref') ON CONFLICT(Hostname) DO UPDATE SET Hostname = EXCLUDED.Hostname ;
INSERT INTO OS(Hostname, Caption, BuildNumber, Architecture, Description) VALUES('PM-SURADM070.pa.pref', 'Microsoft Windows 10 Pro', '19045', '64 bits', 'P-175546 A-873398109') ON CONFLICT(Hostname) DO UPDATE SET Hostname = EXCLUDED.Hostname, Caption = EXCLUDED.Caption, BuildNumber = EXCLUDED.BuildNumber, Architecture = EXCLUDED.Architecture, Description = EXCLUDED.Description ;
INSERT INTO Hosts(Hostname) VALUES ('PM-SURADM070.pa.pref') ON CONFLICT(Hostname) DO UPDATE SET Hostname = EXCLUDED.Hostname ;
INSERT INTO Networking(Hostname, IP, Gateway, Description, Index, DHCP) VALUES ('PM-SURADM070.pa.pref', '192.168.198.148', '192.168.198.1', 'Realtek PCIe GbE Family Controller', '1', 'True') ON CONFLICT(Hostname) DO UPDATE SET Hostname = EXCLUDED.Hostname, IP = EXCLUDED.IP, Gateway = EXCLUDED.Gateway, Description = EXCLUDED.Description, Index = EXCLUDED.Index, DHCP = EXCLUDED.DHCP ;
INSERT INTO Hosts(Hostname) VALUES ('PM-GABDEF006.pa.pref') ON CONFLICT(Hostname) DO UPDATE SET Hostname = EXCLUDED.Hostname ;
INSERT INTO CPU(Hostname, Name, Caption, NOC, NOLP)VALUES('PM-GABDEF006.pa.pref', 'Intel(R) Core(TM)2 Duo CPU     E7500  @ 2.93GHz', 'Intel64 Family 6 Model 23 Stepping 10', '2', '2') ON CONFLICT(Hostname) DO UPDATE SET Hostname = EXCLUDED.Hostname, Name = EXCLUDED.Name, Caption = EXCLUDED.Caption, NOC = EXCLUDED.NOC, NOLP = EXCLUDED.NOLP ;
INSERT INTO Hosts(Hostname) VALUES ('PM-GABDEF006.pa.pref') ON CONFLICT(Hostname) DO UPDATE SET Hostname = EXCLUDED.Hostname ;
INSERT INTO OS(Hostname, Caption, BuildNumber, Architecture, Description) VALUES('PM-GABDEF006.pa.pref', 'Microsoft Windows 7 Professional ', '7601', '64-bit', 'Patrimônio 89007') ON CONFLICT(Hostname) DO UPDATE SET Hostname = EXCLUDED.Hostname, Caption = EXCLUDED.Caption, BuildNumber = EXCLUDED.BuildNumber, Architecture = EXCLUDED.Architecture, Description = EXCLUDED.Description ;
INSERT INTO Hosts(Hostname) VALUES ('PM-GABDEF006.pa.pref') ON CONFLICT(Hostname) DO UPDATE SET Hostname = EXCLUDED.Hostname ;
INSERT INTO Networking(Hostname, IP, Gateway, Description, Index, DHCP) VALUES ('PM-GABDEF006.pa.pref', '192.168.189.57', '192.168.189.1', 'Intel(R) 82567V-4 Gigabit Network Connection', '7', 'True') ON CONFLICT(Hostname) DO UPDATE SET Hostname = EXCLUDED.Hostname, IP = EXCLUDED.IP, Gateway = EXCLUDED.Gateway, Description = EXCLUDED.Description, Index = EXCLUDED.Index, DHCP = EXCLUDED.DHCP ;
INSERT INTO Hosts(Hostname) VALUES ('PM-SSAREG04.pa.pref') ON CONFLICT(Hostname) DO UPDATE SET Hostname = EXCLUDED.Hostname ;
INSERT INTO CPU(Hostname, Name, Caption, NOC, NOLP)VALUES('PM-SSAREG04.pa.pref', 'Intel(R) Core(TM) i5-3470 CPU @ 3.20GHz', 'Intel64 Family 6 Model 58 Stepping 9', '4', '4') ON CONFLICT(Hostname) DO UPDATE SET Hostname = EXCLUDED.Hostname, Name = EXCLUDED.Name, Caption = EXCLUDED.Caption, NOC = EXCLUDED.NOC, NOLP = EXCLUDED.NOLP ;
INSERT INTO Hosts(Hostname) VALUES ('PM-SSAREG04.pa.pref') ON CONFLICT(Hostname) DO UPDATE SET Hostname = EXCLUDED.Hostname ;
INSERT INTO OS(Hostname, Caption, BuildNumber, Architecture, Description) VALUES('PM-SSAREG04.pa.pref', 'Microsoft Windows 7 Professional ', '7601', '64-bit', 'P-99190') ON CONFLICT(Hostname) DO UPDATE SET Hostname = EXCLUDED.Hostname, Caption = EXCLUDED.Caption, BuildNumber = EXCLUDED.BuildNumber, Architecture = EXCLUDED.Architecture, Description = EXCLUDED.Description ;
INSERT INTO Hosts(Hostname) VALUES ('PM-SSAREG04.pa.pref') ON CONFLICT(Hostname) DO UPDATE SET Hostname = EXCLUDED.Hostname ;
INSERT INTO Networking(Hostname, IP, Gateway, Description, Index, DHCP) VALUES ('PM-SSAREG04.pa.pref', '192.168.11.169', '192.168.11.1', 'Realtek PCIe GBE Family Controller', '7', 'True') ON CONFLICT(Hostname) DO UPDATE SET Hostname = EXCLUDED.Hostname, IP = EXCLUDED.IP, Gateway = EXCLUDED.Gateway, Description = EXCLUDED.Description, Index = EXCLUDED.Index, DHCP = EXCLUDED.DHCP ;
INSERT INTO Hosts(Hostname) VALUES ('PM-SECED06009.pa.pref') ON CONFLICT(Hostname) DO UPDATE SET Hostname = EXCLUDED.Hostname ;
INSERT INTO CPU(Hostname, Name, Caption, NOC, NOLP)VALUES('PM-SECED06009.pa.pref', 'Intel(R) Pentium(R) Gold G5420 CPU @ 3.80GHz', 'Intel64 Family 6 Model 158 Stepping 10', '2', '4') ON CONFLICT(Hostname) DO UPDATE SET Hostname = EXCLUDED.Hostname, Name = EXCLUDED.Name, Caption = EXCLUDED.Caption, NOC = EXCLUDED.NOC, NOLP = EXCLUDED.NOLP ;
INSERT INTO Hosts(Hostname) VALUES ('PM-SECED06009.pa.pref') ON CONFLICT(Hostname) DO UPDATE SET Hostname = EXCLUDED.Hostname ;
INSERT INTO OS(Hostname, Caption, BuildNumber, Architecture, Description) VALUES('PM-SECED06009.pa.pref', 'Microsoft Windows 10 Pro', '19045', '64 bits', 'Patrimonio 168896') ON CONFLICT(Hostname) DO UPDATE SET Hostname = EXCLUDED.Hostname, Caption = EXCLUDED.Caption, BuildNumber = EXCLUDED.BuildNumber, Architecture = EXCLUDED.Architecture, Description = EXCLUDED.Description ;
INSERT INTO Hosts(Hostname) VALUES ('PM-SECED06009.pa.pref') ON CONFLICT(Hostname) DO UPDATE SET Hostname = EXCLUDED.Hostname ;
INSERT INTO Networking(Hostname, IP, Gateway, Description, Index, DHCP) VALUES ('PM-SECED06009.pa.pref', '192.168.194.231', '192.168.194.1', 'Realtek PCIe GBE Family Controller', '1', 'True') ON CONFLICT(Hostname) DO UPDATE SET Hostname = EXCLUDED.Hostname, IP = EXCLUDED.IP, Gateway = EXCLUDED.Gateway, Description = EXCLUDED.Description, Index = EXCLUDED.Index, DHCP = EXCLUDED.DHCP ;
INSERT INTO Hosts(Hostname) VALUES ('PM-SPMFOB007.pa.pref') ON CONFLICT(Hostname) DO UPDATE SET Hostname = EXCLUDED.Hostname ;
INSERT INTO CPU(Hostname, Name, Caption, NOC, NOLP)VALUES('PM-SPMFOB007.pa.pref', 'Intel(R) Core(TM) i7-7700 CPU @ 3.60GHz', 'Intel64 Family 6 Model 158 Stepping 9', '4', '8') ON CONFLICT(Hostname) DO UPDATE SET Hostname = EXCLUDED.Hostname, Name = EXCLUDED.Name, Caption = EXCLUDED.Caption, NOC = EXCLUDED.NOC, NOLP = EXCLUDED.NOLP ;
INSERT INTO Hosts(Hostname) VALUES ('PM-SPMFOB007.pa.pref') ON CONFLICT(Hostname) DO UPDATE SET Hostname = EXCLUDED.Hostname ;
INSERT INTO OS(Hostname, Caption, BuildNumber, Architecture, Description) VALUES('PM-SPMFOB007.pa.pref', 'Microsoft Windows 10 Pro', '19045', '64 bits', '132466') ON CONFLICT(Hostname) DO UPDATE SET Hostname = EXCLUDED.Hostname, Caption = EXCLUDED.Caption, BuildNumber = EXCLUDED.BuildNumber, Architecture = EXCLUDED.Architecture, Description = EXCLUDED.Description ;
INSERT INTO Hosts(Hostname) VALUES ('PM-SPMFOB007.pa.pref') ON CONFLICT(Hostname) DO UPDATE SET Hostname = EXCLUDED.Hostname ;
INSERT INTO Networking(Hostname, IP, Gateway, Description, Index, DHCP) VALUES ('PM-SPMFOB007.pa.pref', '192.168.223.112', '192.168.223.1', 'Realtek PCIe GBE Family Controller', '1', 'True') ON CONFLICT(Hostname) DO UPDATE SET Hostname = EXCLUDED.Hostname, IP = EXCLUDED.IP, Gateway = EXCLUDED.Gateway, Description = EXCLUDED.Description, Index = EXCLUDED.Index, DHCP = EXCLUDED.DHCP ;
INSERT INTO Hosts(Hostname) VALUES ('PM-SECED02002.pa.pref') ON CONFLICT(Hostname) DO UPDATE SET Hostname = EXCLUDED.Hostname ;
INSERT INTO CPU(Hostname, Name, Caption, NOC, NOLP)VALUES('PM-SECED02002.pa.pref', 'Intel(R) Core(TM)2 Duo CPU     E7500  @ 2.93GHz', 'Intel64 Family 6 Model 23 Stepping 10', '2', '2') ON CONFLICT(Hostname) DO UPDATE SET Hostname = EXCLUDED.Hostname, Name = EXCLUDED.Name, Caption = EXCLUDED.Caption, NOC = EXCLUDED.NOC, NOLP = EXCLUDED.NOLP ;
INSERT INTO Hosts(Hostname) VALUES ('PM-SECED02002.pa.pref') ON CONFLICT(Hostname) DO UPDATE SET Hostname = EXCLUDED.Hostname ;
INSERT INTO OS(Hostname, Caption, BuildNumber, Architecture, Description) VALUES('PM-SECED02002.pa.pref', 'Microsoft Windows 7 Professional ', '7601', '64-bit', '124323') ON CONFLICT(Hostname) DO UPDATE SET Hostname = EXCLUDED.Hostname, Caption = EXCLUDED.Caption, BuildNumber = EXCLUDED.BuildNumber, Architecture = EXCLUDED.Architecture, Description = EXCLUDED.Description ;
INSERT INTO Hosts(Hostname) VALUES ('PM-SECED02002.pa.pref') ON CONFLICT(Hostname) DO UPDATE SET Hostname = EXCLUDED.Hostname ;
INSERT INTO Networking(Hostname, IP, Gateway, Description, Index, DHCP) VALUES ('PM-SECED02002.pa.pref', '192.168.42.42', '192.168.42.1', 'Realtek PCIe FE Family Controller', '7', 'True') ON CONFLICT(Hostname) DO UPDATE SET Hostname = EXCLUDED.Hostname, IP = EXCLUDED.IP, Gateway = EXCLUDED.Gateway, Description = EXCLUDED.Description, Index = EXCLUDED.Index, DHCP = EXCLUDED.DHCP ;
INSERT INTO Hosts(Hostname) VALUES ('PM-SSAHPMINI062.pa.pref') ON CONFLICT(Hostname) DO UPDATE SET Hostname = EXCLUDED.Hostname ;
INSERT INTO CPU(Hostname, Name, Caption, NOC, NOLP)VALUES('PM-SSAHPMINI062.pa.pref', 'Intel(R) Core(TM) i3-3220 CPU @ 3.30GHz', 'Intel64 Family 6 Model 58 Stepping 9', '2', '4') ON CONFLICT(Hostname) DO UPDATE SET Hostname = EXCLUDED.Hostname, Name = EXCLUDED.Name, Caption = EXCLUDED.Caption, NOC = EXCLUDED.NOC, NOLP = EXCLUDED.NOLP ;
INSERT INTO Hosts(Hostname) VALUES ('PM-SSAHPMINI062.pa.pref') ON CONFLICT(Hostname) DO UPDATE SET Hostname = EXCLUDED.Hostname ;
INSERT INTO OS(Hostname, Caption, BuildNumber, Architecture, Description) VALUES('PM-SSAHPMINI062.pa.pref', 'Microsoft Windows 10 Pro', '19045', '64 bits', 'P-99512') ON CONFLICT(Hostname) DO UPDATE SET Hostname = EXCLUDED.Hostname, Caption = EXCLUDED.Caption, BuildNumber = EXCLUDED.BuildNumber, Architecture = EXCLUDED.Architecture, Description = EXCLUDED.Description ;
INSERT INTO Hosts(Hostname) VALUES ('PM-SSAHPMINI062.pa.pref') ON CONFLICT(Hostname) DO UPDATE SET Hostname = EXCLUDED.Hostname ;
INSERT INTO Networking(Hostname, IP, Gateway, Description, Index, DHCP) VALUES ('PM-SSAHPMINI062.pa.pref', '192.168.11.142', '192.168.11.1', 'Realtek PCIe GBE Family Controller', '1', 'True') ON CONFLICT(Hostname) DO UPDATE SET Hostname = EXCLUDED.Hostname, IP = EXCLUDED.IP, Gateway = EXCLUDED.Gateway, Description = EXCLUDED.Description, Index = EXCLUDED.Index, DHCP = EXCLUDED.DHCP ;
INSERT INTO Hosts(Hostname) VALUES ('PM-SSAUS28009.pa.pref') ON CONFLICT(Hostname) DO UPDATE SET Hostname = EXCLUDED.Hostname ;
INSERT INTO CPU(Hostname, Name, Caption, NOC, NOLP)VALUES('PM-SSAUS28009.pa.pref', 'Intel(R) Core(TM) i5-3470 CPU @ 3.20GHz', 'Intel64 Family 6 Model 58 Stepping 9', '4', '4') ON CONFLICT(Hostname) DO UPDATE SET Hostname = EXCLUDED.Hostname, Name = EXCLUDED.Name, Caption = EXCLUDED.Caption, NOC = EXCLUDED.NOC, NOLP = EXCLUDED.NOLP ;
INSERT INTO Hosts(Hostname) VALUES ('PM-SSAUS28009.pa.pref') ON CONFLICT(Hostname) DO UPDATE SET Hostname = EXCLUDED.Hostname ;
INSERT INTO OS(Hostname, Caption, BuildNumber, Architecture, Description) VALUES('PM-SSAUS28009.pa.pref', 'Microsoft Windows 7 Professional ', '7601', '64-bit', '92689') ON CONFLICT(Hostname) DO UPDATE SET Hostname = EXCLUDED.Hostname, Caption = EXCLUDED.Caption, BuildNumber = EXCLUDED.BuildNumber, Architecture = EXCLUDED.Architecture, Description = EXCLUDED.Description ;
INSERT INTO Hosts(Hostname) VALUES ('PM-SSAUS28009.pa.pref') ON CONFLICT(Hostname) DO UPDATE SET Hostname = EXCLUDED.Hostname ;
INSERT INTO Networking(Hostname, IP, Gateway, Description, Index, DHCP) VALUES ('PM-SSAUS28009.pa.pref', '192.168.222.57', '192.168.222.1', 'Intel(R) 82579LM Gigabit Network Connection', '7', 'True') ON CONFLICT(Hostname) DO UPDATE SET Hostname = EXCLUDED.Hostname, IP = EXCLUDED.IP, Gateway = EXCLUDED.Gateway, Description = EXCLUDED.Description, Index = EXCLUDED.Index, DHCP = EXCLUDED.DHCP ;
INSERT INTO Hosts(Hostname) VALUES ('PM-SSAUS13008.pa.pref') ON CONFLICT(Hostname) DO UPDATE SET Hostname = EXCLUDED.Hostname ;
INSERT INTO CPU(Hostname, Name, Caption, NOC, NOLP)VALUES('PM-SSAUS13008.pa.pref', 'Intel(R) Core(TM) i3-9100 CPU @ 3.60GHz', 'Intel64 Family 6 Model 158 Stepping 11', '4', '4') ON CONFLICT(Hostname) DO UPDATE SET Hostname = EXCLUDED.Hostname, Name = EXCLUDED.Name, Caption = EXCLUDED.Caption, NOC = EXCLUDED.NOC, NOLP = EXCLUDED.NOLP ;
INSERT INTO Hosts(Hostname) VALUES ('PM-SSAUS13008.pa.pref') ON CONFLICT(Hostname) DO UPDATE SET Hostname = EXCLUDED.Hostname ;
INSERT INTO OS(Hostname, Caption, BuildNumber, Architecture, Description) VALUES('PM-SSAUS13008.pa.pref', 'Microsoft Windows 10 Pro', '19045', '64 bits', 'Patrimonio 150572') ON CONFLICT(Hostname) DO UPDATE SET Hostname = EXCLUDED.Hostname, Caption = EXCLUDED.Caption, BuildNumber = EXCLUDED.BuildNumber, Architecture = EXCLUDED.Architecture, Description = EXCLUDED.Description ;
INSERT INTO Hosts(Hostname) VALUES ('PM-SSAUS13008.pa.pref') ON CONFLICT(Hostname) DO UPDATE SET Hostname = EXCLUDED.Hostname ;
INSERT INTO Networking(Hostname, IP, Gateway, Description, Index, DHCP) VALUES ('PM-SSAUS13008.pa.pref', '192.168.177.64', '192.168.177.1', 'Intel(R) Ethernet Connection (7) I219-V', '1', 'True') ON CONFLICT(Hostname) DO UPDATE SET Hostname = EXCLUDED.Hostname, IP = EXCLUDED.IP, Gateway = EXCLUDED.Gateway, Description = EXCLUDED.Description, Index = EXCLUDED.Index, DHCP = EXCLUDED.DHCP ;
INSERT INTO Hosts(Hostname) VALUES ('PM-SSAOUV001.pa.pref') ON CONFLICT(Hostname) DO UPDATE SET Hostname = EXCLUDED.Hostname ;
INSERT INTO CPU(Hostname, Name, Caption, NOC, NOLP)VALUES('PM-SSAOUV001.pa.pref', 'AMD PRO A8-8650B R7, 10 Compute Cores 4C+6G    ', 'AMD64 Family 21 Model 56 Stepping 1', '2', '4') ON CONFLICT(Hostname) DO UPDATE SET Hostname = EXCLUDED.Hostname, Name = EXCLUDED.Name, Caption = EXCLUDED.Caption, NOC = EXCLUDED.NOC, NOLP = EXCLUDED.NOLP ;
INSERT INTO Hosts(Hostname) VALUES ('PM-SSAOUV001.pa.pref') ON CONFLICT(Hostname) DO UPDATE SET Hostname = EXCLUDED.Hostname ;
INSERT INTO OS(Hostname, Caption, BuildNumber, Architecture, Description) VALUES('PM-SSAOUV001.pa.pref', 'Microsoft Windows 10 Pro', '19045', '64 bits', 'nao é patrimonio') ON CONFLICT(Hostname) DO UPDATE SET Hostname = EXCLUDED.Hostname, Caption = EXCLUDED.Caption, BuildNumber = EXCLUDED.BuildNumber, Architecture = EXCLUDED.Architecture, Description = EXCLUDED.Description ;
INSERT INTO Hosts(Hostname) VALUES ('PM-SSAOUV001.pa.pref') ON CONFLICT(Hostname) DO UPDATE SET Hostname = EXCLUDED.Hostname ;
INSERT INTO Networking(Hostname, IP, Gateway, Description, Index, DHCP) VALUES ('PM-SSAOUV001.pa.pref', '192.168.11.179', '192.168.11.1', 'Realtek PCIe GBE Family Controller', '1', 'True') ON CONFLICT(Hostname) DO UPDATE SET Hostname = EXCLUDED.Hostname, IP = EXCLUDED.IP, Gateway = EXCLUDED.Gateway, Description = EXCLUDED.Description, Index = EXCLUDED.Index, DHCP = EXCLUDED.DHCP ;
INSERT INTO Hosts(Hostname) VALUES ('PM-ASCADM005.pa.pref') ON CONFLICT(Hostname) DO UPDATE SET Hostname = EXCLUDED.Hostname ;
INSERT INTO CPU(Hostname, Name, Caption, NOC, NOLP)VALUES('PM-ASCADM005.pa.pref', 'Intel(R) Core(TM) i7-7700 CPU @ 3.60GHz', 'Intel64 Family 6 Model 158 Stepping 9', '4', '8') ON CONFLICT(Hostname) DO UPDATE SET Hostname = EXCLUDED.Hostname, Name = EXCLUDED.Name, Caption = EXCLUDED.Caption, NOC = EXCLUDED.NOC, NOLP = EXCLUDED.NOLP ;
INSERT INTO Hosts(Hostname) VALUES ('PM-ASCADM005.pa.pref') ON CONFLICT(Hostname) DO UPDATE SET Hostname = EXCLUDED.Hostname ;
INSERT INTO OS(Hostname, Caption, BuildNumber, Architecture, Description) VALUES('PM-ASCADM005.pa.pref', 'Microsoft Windows 10 Pro', '19045', '64 bits', 'Patrimonio 132474') ON CONFLICT(Hostname) DO UPDATE SET Hostname = EXCLUDED.Hostname, Caption = EXCLUDED.Caption, BuildNumber = EXCLUDED.BuildNumber, Architecture = EXCLUDED.Architecture, Description = EXCLUDED.Description ;
INSERT INTO Hosts(Hostname) VALUES ('PM-ASCADM005.pa.pref') ON CONFLICT(Hostname) DO UPDATE SET Hostname = EXCLUDED.Hostname ;
INSERT INTO Networking(Hostname, IP, Gateway, Description, Index, DHCP) VALUES ('PM-ASCADM005.pa.pref', '192.168.8.148', '192.168.8.1', 'Realtek PCIe GBE Family Controller', '1', 'True') ON CONFLICT(Hostname) DO UPDATE SET Hostname = EXCLUDED.Hostname, IP = EXCLUDED.IP, Gateway = EXCLUDED.Gateway, Description = EXCLUDED.Description, Index = EXCLUDED.Index, DHCP = EXCLUDED.DHCP ;
INSERT INTO Hosts(Hostname) VALUES ('PM-SPSADM024.pa.pref') ON CONFLICT(Hostname) DO UPDATE SET Hostname = EXCLUDED.Hostname ;
INSERT INTO CPU(Hostname, Name, Caption, NOC, NOLP)VALUES('PM-SPSADM024.pa.pref', 'Intel(R) Core(TM) i3-5005U CPU @ 2.00GHz', 'Intel64 Family 6 Model 61 Stepping 4', '2', '4') ON CONFLICT(Hostname) DO UPDATE SET Hostname = EXCLUDED.Hostname, Name = EXCLUDED.Name, Caption = EXCLUDED.Caption, NOC = EXCLUDED.NOC, NOLP = EXCLUDED.NOLP ;
INSERT INTO Hosts(Hostname) VALUES ('PM-SPSADM024.pa.pref') ON CONFLICT(Hostname) DO UPDATE SET Hostname = EXCLUDED.Hostname ;
INSERT INTO OS(Hostname, Caption, BuildNumber, Architecture, Description) VALUES('PM-SPSADM024.pa.pref', 'Microsoft Windows 10 Pro', '19045', '64 bits', 'Patrimônio S/N') ON CONFLICT(Hostname) DO UPDATE SET Hostname = EXCLUDED.Hostname, Caption = EXCLUDED.Caption, BuildNumber = EXCLUDED.BuildNumber, Architecture = EXCLUDED.Architecture, Description = EXCLUDED.Description ;
INSERT INTO Hosts(Hostname) VALUES ('PM-SPSADM024.pa.pref') ON CONFLICT(Hostname) DO UPDATE SET Hostname = EXCLUDED.Hostname ;
INSERT INTO Networking(Hostname, IP, Gateway, Description, Index, DHCP) VALUES ('PM-SPSADM024.pa.pref', '192.168.214.118', '192.168.214.1', 'Realtek PCIe GBE Family Controller', '2', 'True') ON CONFLICT(Hostname) DO UPDATE SET Hostname = EXCLUDED.Hostname, IP = EXCLUDED.IP, Gateway = EXCLUDED.Gateway, Description = EXCLUDED.Description, Index = EXCLUDED.Index, DHCP = EXCLUDED.DHCP ;
INSERT INTO Hosts(Hostname) VALUES ('PM-SPMFPO002.pa.pref') ON CONFLICT(Hostname) DO UPDATE SET Hostname = EXCLUDED.Hostname ;
INSERT INTO CPU(Hostname, Name, Caption, NOC, NOLP)VALUES('PM-SPMFPO002.pa.pref', 'Intel(R) Core(TM) i5-3470 CPU @ 3.20GHz', 'Intel64 Family 6 Model 58 Stepping 9', '4', '4') ON CONFLICT(Hostname) DO UPDATE SET Hostname = EXCLUDED.Hostname, Name = EXCLUDED.Name, Caption = EXCLUDED.Caption, NOC = EXCLUDED.NOC, NOLP = EXCLUDED.NOLP ;
INSERT INTO Hosts(Hostname) VALUES ('PM-SPMFPO002.pa.pref') ON CONFLICT(Hostname) DO UPDATE SET Hostname = EXCLUDED.Hostname ;
INSERT INTO OS(Hostname, Caption, BuildNumber, Architecture, Description) VALUES('PM-SPMFPO002.pa.pref', 'Microsoft Windows 7 Professional ', '7601', '64-bit', '101559') ON CONFLICT(Hostname) DO UPDATE SET Hostname = EXCLUDED.Hostname, Caption = EXCLUDED.Caption, BuildNumber = EXCLUDED.BuildNumber, Architecture = EXCLUDED.Architecture, Description = EXCLUDED.Description ;
INSERT INTO Hosts(Hostname) VALUES ('PM-SPMFPO002.pa.pref') ON CONFLICT(Hostname) DO UPDATE SET Hostname = EXCLUDED.Hostname ;
INSERT INTO Networking(Hostname, IP, Gateway, Description, Index, DHCP) VALUES ('PM-SPMFPO002.pa.pref', '192.168.223.191', '192.168.223.1', 'Intel(R) 82579LM Gigabit Network Connection', '7', 'True') ON CONFLICT(Hostname) DO UPDATE SET Hostname = EXCLUDED.Hostname, IP = EXCLUDED.IP, Gateway = EXCLUDED.Gateway, Description = EXCLUDED.Description, Index = EXCLUDED.Index, DHCP = EXCLUDED.DHCP ;
INSERT INTO Hosts(Hostname) VALUES ('PM-SSAUS10002.pa.pref') ON CONFLICT(Hostname) DO UPDATE SET Hostname = EXCLUDED.Hostname ;
INSERT INTO CPU(Hostname, Name, Caption, NOC, NOLP)VALUES('PM-SSAUS10002.pa.pref', 'Intel(R) Core(TM) i3-7100 CPU @ 3.90GHz', 'Intel64 Family 6 Model 158 Stepping 9', '2', '4') ON CONFLICT(Hostname) DO UPDATE SET Hostname = EXCLUDED.Hostname, Name = EXCLUDED.Name, Caption = EXCLUDED.Caption, NOC = EXCLUDED.NOC, NOLP = EXCLUDED.NOLP ;
INSERT INTO Hosts(Hostname) VALUES ('PM-SSAUS10002.pa.pref') ON CONFLICT(Hostname) DO UPDATE SET Hostname = EXCLUDED.Hostname ;
INSERT INTO OS(Hostname, Caption, BuildNumber, Architecture, Description) VALUES('PM-SSAUS10002.pa.pref', 'Microsoft Windows 10 Pro', '19044', '64 bits', 'Patrimonio 128190') ON CONFLICT(Hostname) DO UPDATE SET Hostname = EXCLUDED.Hostname, Caption = EXCLUDED.Caption, BuildNumber = EXCLUDED.BuildNumber, Architecture = EXCLUDED.Architecture, Description = EXCLUDED.Description ;
INSERT INTO Hosts(Hostname) VALUES ('PM-SSAUS10002.pa.pref') ON CONFLICT(Hostname) DO UPDATE SET Hostname = EXCLUDED.Hostname ;
INSERT INTO Networking(Hostname, IP, Gateway, Description, Index, DHCP) VALUES ('PM-SSAUS10002.pa.pref', '172.25.16.1', NULL, 'Hyper-V Virtual Ethernet Adapter Realtek PCIe GBE Family Controller', '2 3', 'False True') ON CONFLICT(Hostname) DO UPDATE SET Hostname = EXCLUDED.Hostname, IP = EXCLUDED.IP, Gateway = EXCLUDED.Gateway, Description = EXCLUDED.Description, Index = EXCLUDED.Index, DHCP = EXCLUDED.DHCP ;
INSERT INTO Hosts(Hostname) VALUES ('PM-SUDADM002.pa.pref') ON CONFLICT(Hostname) DO UPDATE SET Hostname = EXCLUDED.Hostname ;
INSERT INTO CPU(Hostname, Name, Caption, NOC, NOLP)VALUES('PM-SUDADM002.pa.pref', 'Intel(R) Core(TM)2 Duo CPU     E7500  @ 2.93GHz', 'x64 Family 6 Model 23 Stepping 10', '2', '2') ON CONFLICT(Hostname) DO UPDATE SET Hostname = EXCLUDED.Hostname, Name = EXCLUDED.Name, Caption = EXCLUDED.Caption, NOC = EXCLUDED.NOC, NOLP = EXCLUDED.NOLP ;
INSERT INTO Hosts(Hostname) VALUES ('PM-SUDADM002.pa.pref') ON CONFLICT(Hostname) DO UPDATE SET Hostname = EXCLUDED.Hostname ;
INSERT INTO OS(Hostname, Caption, BuildNumber, Architecture, Description) VALUES('PM-SUDADM002.pa.pref', 'Microsoft Windows 7 Professional ', '7601', '32-bit', '96462') ON CONFLICT(Hostname) DO UPDATE SET Hostname = EXCLUDED.Hostname, Caption = EXCLUDED.Caption, BuildNumber = EXCLUDED.BuildNumber, Architecture = EXCLUDED.Architecture, Description = EXCLUDED.Description ;
INSERT INTO Hosts(Hostname) VALUES ('PM-SUDADM002.pa.pref') ON CONFLICT(Hostname) DO UPDATE SET Hostname = EXCLUDED.Hostname ;
INSERT INTO Networking(Hostname, IP, Gateway, Description, Index, DHCP) VALUES ('PM-SUDADM002.pa.pref', '192.168.109.55', '192.168.109.1', 'Intel(R) 82567V-4 Gigabit Network Connection', '7', 'True') ON CONFLICT(Hostname) DO UPDATE SET Hostname = EXCLUDED.Hostname, IP = EXCLUDED.IP, Gateway = EXCLUDED.Gateway, Description = EXCLUDED.Description, Index = EXCLUDED.Index, DHCP = EXCLUDED.DHCP ;
INSERT INTO Hosts(Hostname) VALUES ('PM-SAFATE017.pa.pref') ON CONFLICT(Hostname) DO UPDATE SET Hostname = EXCLUDED.Hostname ;
INSERT INTO CPU(Hostname, Name, Caption, NOC, NOLP)VALUES('PM-SAFATE017.pa.pref', 'Intel(R) Core(TM) i3-7100 CPU @ 3.90GHz', 'Intel64 Family 6 Model 158 Stepping 9', '2', '4') ON CONFLICT(Hostname) DO UPDATE SET Hostname = EXCLUDED.Hostname, Name = EXCLUDED.Name, Caption = EXCLUDED.Caption, NOC = EXCLUDED.NOC, NOLP = EXCLUDED.NOLP ;
INSERT INTO Hosts(Hostname) VALUES ('PM-SAFATE017.pa.pref') ON CONFLICT(Hostname) DO UPDATE SET Hostname = EXCLUDED.Hostname ;
INSERT INTO OS(Hostname, Caption, BuildNumber, Architecture, Description) VALUES('PM-SAFATE017.pa.pref', 'Microsoft Windows 10 Pro', '19045', '64 bits', '132122') ON CONFLICT(Hostname) DO UPDATE SET Hostname = EXCLUDED.Hostname, Caption = EXCLUDED.Caption, BuildNumber = EXCLUDED.BuildNumber, Architecture = EXCLUDED.Architecture, Description = EXCLUDED.Description ;
INSERT INTO Hosts(Hostname) VALUES ('PM-SAFATE017.pa.pref') ON CONFLICT(Hostname) DO UPDATE SET Hostname = EXCLUDED.Hostname ;
INSERT INTO Networking(Hostname, IP, Gateway, Description, Index, DHCP) VALUES ('PM-SAFATE017.pa.pref', '192.168.253.119', '192.168.253.1', 'Realtek PCIe GBE Family Controller', '1', 'True') ON CONFLICT(Hostname) DO UPDATE SET Hostname = EXCLUDED.Hostname, IP = EXCLUDED.IP, Gateway = EXCLUDED.Gateway, Description = EXCLUDED.Description, Index = EXCLUDED.Index, DHCP = EXCLUDED.DHCP ;
INSERT INTO Hosts(Hostname) VALUES ('PM-SSAUS16002.pa.pref') ON CONFLICT(Hostname) DO UPDATE SET Hostname = EXCLUDED.Hostname ;
INSERT INTO CPU(Hostname, Name, Caption, NOC, NOLP)VALUES('PM-SSAUS16002.pa.pref', 'AMD PRO A8-8650B R7, 10 Compute Cores 4C+6G    ', 'AMD64 Family 21 Model 56 Stepping 1', '2', '4') ON CONFLICT(Hostname) DO UPDATE SET Hostname = EXCLUDED.Hostname, Name = EXCLUDED.Name, Caption = EXCLUDED.Caption, NOC = EXCLUDED.NOC, NOLP = EXCLUDED.NOLP ;
INSERT INTO Hosts(Hostname) VALUES ('PM-SSAUS16002.pa.pref') ON CONFLICT(Hostname) DO UPDATE SET Hostname = EXCLUDED.Hostname ;
INSERT INTO OS(Hostname, Caption, BuildNumber, Architecture, Description) VALUES('PM-SSAUS16002.pa.pref', 'Microsoft Windows 10 Pro', '19045', '64 bits', NULL) ON CONFLICT(Hostname) DO UPDATE SET Hostname = EXCLUDED.Hostname, Caption = EXCLUDED.Caption, BuildNumber = EXCLUDED.BuildNumber, Architecture = EXCLUDED.Architecture, Description = EXCLUDED.Description ;
INSERT INTO Hosts(Hostname) VALUES ('PM-SSAUS16002.pa.pref') ON CONFLICT(Hostname) DO UPDATE SET Hostname = EXCLUDED.Hostname ;
INSERT INTO Networking(Hostname, IP, Gateway, Description, Index, DHCP) VALUES ('PM-SSAUS16002.pa.pref', '192.168.168.119', '192.168.168.1', 'Realtek PCIe GBE Family Controller', '1', 'True') ON CONFLICT(Hostname) DO UPDATE SET Hostname = EXCLUDED.Hostname, IP = EXCLUDED.IP, Gateway = EXCLUDED.Gateway, Description = EXCLUDED.Description, Index = EXCLUDED.Index, DHCP = EXCLUDED.DHCP ;
INSERT INTO Hosts(Hostname) VALUES ('PM-GABDEF003.pa.pref') ON CONFLICT(Hostname) DO UPDATE SET Hostname = EXCLUDED.Hostname ;
INSERT INTO CPU(Hostname, Name, Caption, NOC, NOLP)VALUES('PM-GABDEF003.pa.pref', 'Intel(R) Core(TM) i3-7100 CPU @ 3.90GHz', 'Intel64 Family 6 Model 158 Stepping 9', '2', '4') ON CONFLICT(Hostname) DO UPDATE SET Hostname = EXCLUDED.Hostname, Name = EXCLUDED.Name, Caption = EXCLUDED.Caption, NOC = EXCLUDED.NOC, NOLP = EXCLUDED.NOLP ;
INSERT INTO Hosts(Hostname) VALUES ('PM-GABDEF003.pa.pref') ON CONFLICT(Hostname) DO UPDATE SET Hostname = EXCLUDED.Hostname ;
INSERT INTO OS(Hostname, Caption, BuildNumber, Architecture, Description) VALUES('PM-GABDEF003.pa.pref', 'Microsoft Windows 10 Pro', '19045', '64 bits', 'Patrimonio 132185') ON CONFLICT(Hostname) DO UPDATE SET Hostname = EXCLUDED.Hostname, Caption = EXCLUDED.Caption, BuildNumber = EXCLUDED.BuildNumber, Architecture = EXCLUDED.Architecture, Description = EXCLUDED.Description ;
INSERT INTO Hosts(Hostname) VALUES ('PM-GABDEF003.pa.pref') ON CONFLICT(Hostname) DO UPDATE SET Hostname = EXCLUDED.Hostname ;
INSERT INTO Networking(Hostname, IP, Gateway, Description, Index, DHCP) VALUES ('PM-GABDEF003.pa.pref', '192.168.189.75', '192.168.189.1', 'Realtek PCIe GBE Family Controller', '1', 'True') ON CONFLICT(Hostname) DO UPDATE SET Hostname = EXCLUDED.Hostname, IP = EXCLUDED.IP, Gateway = EXCLUDED.Gateway, Description = EXCLUDED.Description, Index = EXCLUDED.Index, DHCP = EXCLUDED.DHCP ;
INSERT INTO Hosts(Hostname) VALUES ('PM-SPSADM019.pa.pref') ON CONFLICT(Hostname) DO UPDATE SET Hostname = EXCLUDED.Hostname ;
INSERT INTO CPU(Hostname, Name, Caption, NOC, NOLP)VALUES('PM-SPSADM019.pa.pref', 'Intel(R) Core(TM) i3-7100 CPU @ 3.90GHz', 'Intel64 Family 6 Model 158 Stepping 9', '2', '4') ON CONFLICT(Hostname) DO UPDATE SET Hostname = EXCLUDED.Hostname, Name = EXCLUDED.Name, Caption = EXCLUDED.Caption, NOC = EXCLUDED.NOC, NOLP = EXCLUDED.NOLP ;
INSERT INTO Hosts(Hostname) VALUES ('PM-SPSADM019.pa.pref') ON CONFLICT(Hostname) DO UPDATE SET Hostname = EXCLUDED.Hostname ;
INSERT INTO OS(Hostname, Caption, BuildNumber, Architecture, Description) VALUES('PM-SPSADM019.pa.pref', 'Microsoft Windows 10 Pro', '19045', '64 bits', 'Patrimônio 133577') ON CONFLICT(Hostname) DO UPDATE SET Hostname = EXCLUDED.Hostname, Caption = EXCLUDED.Caption, BuildNumber = EXCLUDED.BuildNumber, Architecture = EXCLUDED.Architecture, Description = EXCLUDED.Description ;
INSERT INTO Hosts(Hostname) VALUES ('PM-SPSADM019.pa.pref') ON CONFLICT(Hostname) DO UPDATE SET Hostname = EXCLUDED.Hostname ;
INSERT INTO Networking(Hostname, IP, Gateway, Description, Index, DHCP) VALUES ('PM-SPSADM019.pa.pref', '192.168.214.110', '192.168.214.1', 'Realtek PCIe GBE Family Controller', '1', 'True') ON CONFLICT(Hostname) DO UPDATE SET Hostname = EXCLUDED.Hostname, IP = EXCLUDED.IP, Gateway = EXCLUDED.Gateway, Description = EXCLUDED.Description, Index = EXCLUDED.Index, DHCP = EXCLUDED.DHCP ;
INSERT INTO Hosts(Hostname) VALUES ('PM-SSAUS15004.pa.pref') ON CONFLICT(Hostname) DO UPDATE SET Hostname = EXCLUDED.Hostname ;
INSERT INTO CPU(Hostname, Name, Caption, NOC, NOLP)VALUES('PM-SSAUS15004.pa.pref', 'AMD A10-9700 RADEON R7, 10 COMPUTE CORES 4C+6G ', 'AMD64 Family 21 Model 101 Stepping 1', '4', '4') ON CONFLICT(Hostname) DO UPDATE SET Hostname = EXCLUDED.Hostname, Name = EXCLUDED.Name, Caption = EXCLUDED.Caption, NOC = EXCLUDED.NOC, NOLP = EXCLUDED.NOLP ;
INSERT INTO Hosts(Hostname) VALUES ('PM-SSAUS15004.pa.pref') ON CONFLICT(Hostname) DO UPDATE SET Hostname = EXCLUDED.Hostname ;
INSERT INTO OS(Hostname, Caption, BuildNumber, Architecture, Description) VALUES('PM-SSAUS15004.pa.pref', 'Microsoft Windows 10 Pro', '10240', '64 bits', NULL) ON CONFLICT(Hostname) DO UPDATE SET Hostname = EXCLUDED.Hostname, Caption = EXCLUDED.Caption, BuildNumber = EXCLUDED.BuildNumber, Architecture = EXCLUDED.Architecture, Description = EXCLUDED.Description ;
INSERT INTO Hosts(Hostname) VALUES ('PM-SSAUS15004.pa.pref') ON CONFLICT(Hostname) DO UPDATE SET Hostname = EXCLUDED.Hostname ;
INSERT INTO Networking(Hostname, IP, Gateway, Description, Index, DHCP) VALUES ('PM-SSAUS15004.pa.pref', '192.168.186.143', '192.168.186.1', 'TP-Link Wireless N PCI Express Adapter', '1', 'True') ON CONFLICT(Hostname) DO UPDATE SET Hostname = EXCLUDED.Hostname, IP = EXCLUDED.IP, Gateway = EXCLUDED.Gateway, Description = EXCLUDED.Description, Index = EXCLUDED.Index, DHCP = EXCLUDED.DHCP ;
INSERT INTO Hosts(Hostname) VALUES ('PM-SSAUS06003.pa.pref') ON CONFLICT(Hostname) DO UPDATE SET Hostname = EXCLUDED.Hostname ;
INSERT INTO CPU(Hostname, Name, Caption, NOC, NOLP)VALUES('PM-SSAUS06003.pa.pref', 'AMD PRO A8-8650B R7, 10 Compute Cores 4C+6G    ', 'AMD64 Family 21 Model 56 Stepping 1', '2', '4') ON CONFLICT(Hostname) DO UPDATE SET Hostname = EXCLUDED.Hostname, Name = EXCLUDED.Name, Caption = EXCLUDED.Caption, NOC = EXCLUDED.NOC, NOLP = EXCLUDED.NOLP ;
INSERT INTO Hosts(Hostname) VALUES ('PM-SSAUS06003.pa.pref') ON CONFLICT(Hostname) DO UPDATE SET Hostname = EXCLUDED.Hostname ;
INSERT INTO OS(Hostname, Caption, BuildNumber, Architecture, Description) VALUES('PM-SSAUS06003.pa.pref', 'Microsoft Windows 10 Pro', '19045', '64 bits', 'Patrimonio 133343') ON CONFLICT(Hostname) DO UPDATE SET Hostname = EXCLUDED.Hostname, Caption = EXCLUDED.Caption, BuildNumber = EXCLUDED.BuildNumber, Architecture = EXCLUDED.Architecture, Description = EXCLUDED.Description ;
INSERT INTO Hosts(Hostname) VALUES ('PM-SSAUS06003.pa.pref') ON CONFLICT(Hostname) DO UPDATE SET Hostname = EXCLUDED.Hostname ;
INSERT INTO Networking(Hostname, IP, Gateway, Description, Index, DHCP) VALUES ('PM-SSAUS06003.pa.pref', '192.168.170.80', '192.168.170.1', 'Realtek PCIe GBE Family Controller', '1', 'True') ON CONFLICT(Hostname) DO UPDATE SET Hostname = EXCLUDED.Hostname, IP = EXCLUDED.IP, Gateway = EXCLUDED.Gateway, Description = EXCLUDED.Description, Index = EXCLUDED.Index, DHCP = EXCLUDED.DHCP ;
INSERT INTO Hosts(Hostname) VALUES ('PM-SSAREG031.pa.pref') ON CONFLICT(Hostname) DO UPDATE SET Hostname = EXCLUDED.Hostname ;
INSERT INTO CPU(Hostname, Name, Caption, NOC, NOLP)VALUES('PM-SSAREG031.pa.pref', 'AMD Sempron(tm) Processor 3600+', 'AMD64 Family 15 Model 79 Stepping 2', '1', '1') ON CONFLICT(Hostname) DO UPDATE SET Hostname = EXCLUDED.Hostname, Name = EXCLUDED.Name, Caption = EXCLUDED.Caption, NOC = EXCLUDED.NOC, NOLP = EXCLUDED.NOLP ;
INSERT INTO Hosts(Hostname) VALUES ('PM-SSAREG031.pa.pref') ON CONFLICT(Hostname) DO UPDATE SET Hostname = EXCLUDED.Hostname ;
INSERT INTO OS(Hostname, Caption, BuildNumber, Architecture, Description) VALUES('PM-SSAREG031.pa.pref', 'Microsoft Windows 7 Professional ', '7601', '64-bit', 'Patrimonio 80921') ON CONFLICT(Hostname) DO UPDATE SET Hostname = EXCLUDED.Hostname, Caption = EXCLUDED.Caption, BuildNumber = EXCLUDED.BuildNumber, Architecture = EXCLUDED.Architecture, Description = EXCLUDED.Description ;
INSERT INTO Hosts(Hostname) VALUES ('PM-SSAREG031.pa.pref') ON CONFLICT(Hostname) DO UPDATE SET Hostname = EXCLUDED.Hostname ;
INSERT INTO Networking(Hostname, IP, Gateway, Description, Index, DHCP) VALUES ('PM-SSAREG031.pa.pref', '192.168.11.190', '192.168.11.1', 'Broadcom NetXtreme Gigabit Ethernet', '7', 'True') ON CONFLICT(Hostname) DO UPDATE SET Hostname = EXCLUDED.Hostname, IP = EXCLUDED.IP, Gateway = EXCLUDED.Gateway, Description = EXCLUDED.Description, Index = EXCLUDED.Index, DHCP = EXCLUDED.DHCP ;
INSERT INTO Hosts(Hostname) VALUES ('PM-SSAUS27025.pa.pref') ON CONFLICT(Hostname) DO UPDATE SET Hostname = EXCLUDED.Hostname ;
INSERT INTO CPU(Hostname, Name, Caption, NOC, NOLP)VALUES('PM-SSAUS27025.pa.pref', 'Intel(R) Core(TM) i3-10100 CPU @ 3.60GHz', 'Intel64 Family 6 Model 165 Stepping 3', '4', '8') ON CONFLICT(Hostname) DO UPDATE SET Hostname = EXCLUDED.Hostname, Name = EXCLUDED.Name, Caption = EXCLUDED.Caption, NOC = EXCLUDED.NOC, NOLP = EXCLUDED.NOLP ;
INSERT INTO Hosts(Hostname) VALUES ('PM-SSAUS27025.pa.pref') ON CONFLICT(Hostname) DO UPDATE SET Hostname = EXCLUDED.Hostname ;
INSERT INTO OS(Hostname, Caption, BuildNumber, Architecture, Description) VALUES('PM-SSAUS27025.pa.pref', 'Microsoft Windows 10 Pro', '19045', '64 bits', NULL) ON CONFLICT(Hostname) DO UPDATE SET Hostname = EXCLUDED.Hostname, Caption = EXCLUDED.Caption, BuildNumber = EXCLUDED.BuildNumber, Architecture = EXCLUDED.Architecture, Description = EXCLUDED.Description ;
INSERT INTO Hosts(Hostname) VALUES ('PM-SSAUS27025.pa.pref') ON CONFLICT(Hostname) DO UPDATE SET Hostname = EXCLUDED.Hostname ;
INSERT INTO Networking(Hostname, IP, Gateway, Description, Index, DHCP) VALUES ('PM-SSAUS27025.pa.pref', '192.168.222.158', '192.168.222.1', 'Realtek PCIe GbE Family Controller', '1', 'True') ON CONFLICT(Hostname) DO UPDATE SET Hostname = EXCLUDED.Hostname, IP = EXCLUDED.IP, Gateway = EXCLUDED.Gateway, Description = EXCLUDED.Description, Index = EXCLUDED.Index, DHCP = EXCLUDED.DHCP ;
INSERT INTO Hosts(Hostname) VALUES ('PM-SPSADM026.pa.pref') ON CONFLICT(Hostname) DO UPDATE SET Hostname = EXCLUDED.Hostname ;
INSERT INTO CPU(Hostname, Name, Caption, NOC, NOLP)VALUES('PM-SPSADM026.pa.pref', 'Intel(R) Core(TM) i3-5005U CPU @ 2.00GHz', 'Intel64 Family 6 Model 61 Stepping 4', '2', '4') ON CONFLICT(Hostname) DO UPDATE SET Hostname = EXCLUDED.Hostname, Name = EXCLUDED.Name, Caption = EXCLUDED.Caption, NOC = EXCLUDED.NOC, NOLP = EXCLUDED.NOLP ;
INSERT INTO Hosts(Hostname) VALUES ('PM-SPSADM026.pa.pref') ON CONFLICT(Hostname) DO UPDATE SET Hostname = EXCLUDED.Hostname ;
INSERT INTO OS(Hostname, Caption, BuildNumber, Architecture, Description) VALUES('PM-SPSADM026.pa.pref', 'Microsoft Windows 10 Pro', '19045', '64 bits', NULL) ON CONFLICT(Hostname) DO UPDATE SET Hostname = EXCLUDED.Hostname, Caption = EXCLUDED.Caption, BuildNumber = EXCLUDED.BuildNumber, Architecture = EXCLUDED.Architecture, Description = EXCLUDED.Description ;
INSERT INTO Hosts(Hostname) VALUES ('PM-SPSADM026.pa.pref') ON CONFLICT(Hostname) DO UPDATE SET Hostname = EXCLUDED.Hostname ;
INSERT INTO Networking(Hostname, IP, Gateway, Description, Index, DHCP) VALUES ('PM-SPSADM026.pa.pref', '192.168.214.127', '192.168.214.1', 'Realtek PCIe GbE Family Controller', '11', 'True') ON CONFLICT(Hostname) DO UPDATE SET Hostname = EXCLUDED.Hostname, IP = EXCLUDED.IP, Gateway = EXCLUDED.Gateway, Description = EXCLUDED.Description, Index = EXCLUDED.Index, DHCP = EXCLUDED.DHCP ;
INSERT INTO Hosts(Hostname) VALUES ('PM-SSAVIG099.pa.pref') ON CONFLICT(Hostname) DO UPDATE SET Hostname = EXCLUDED.Hostname ;
INSERT INTO CPU(Hostname, Name, Caption, NOC, NOLP)VALUES('PM-SSAVIG099.pa.pref', 'Intel(R) Core(TM) i3-9100 CPU @ 3.60GHz', 'Intel64 Family 6 Model 158 Stepping 11', '4', '4') ON CONFLICT(Hostname) DO UPDATE SET Hostname = EXCLUDED.Hostname, Name = EXCLUDED.Name, Caption = EXCLUDED.Caption, NOC = EXCLUDED.NOC, NOLP = EXCLUDED.NOLP ;
INSERT INTO Hosts(Hostname) VALUES ('PM-SSAVIG099.pa.pref') ON CONFLICT(Hostname) DO UPDATE SET Hostname = EXCLUDED.Hostname ;
INSERT INTO OS(Hostname, Caption, BuildNumber, Architecture, Description) VALUES('PM-SSAVIG099.pa.pref', 'Microsoft Windows 10 Pro', '19044', '64 bits', 'Patrimônio 151530') ON CONFLICT(Hostname) DO UPDATE SET Hostname = EXCLUDED.Hostname, Caption = EXCLUDED.Caption, BuildNumber = EXCLUDED.BuildNumber, Architecture = EXCLUDED.Architecture, Description = EXCLUDED.Description ;
INSERT INTO Hosts(Hostname) VALUES ('PM-SSAVIG099.pa.pref') ON CONFLICT(Hostname) DO UPDATE SET Hostname = EXCLUDED.Hostname ;
INSERT INTO Networking(Hostname, IP, Gateway, Description, Index, DHCP) VALUES ('PM-SSAVIG099.pa.pref', '192.168.11.30', '192.168.11.1', 'Intel(R) Ethernet Connection (7) I219-V', '1', 'False') ON CONFLICT(Hostname) DO UPDATE SET Hostname = EXCLUDED.Hostname, IP = EXCLUDED.IP, Gateway = EXCLUDED.Gateway, Description = EXCLUDED.Description, Index = EXCLUDED.Index, DHCP = EXCLUDED.DHCP ;
INSERT INTO Hosts(Hostname) VALUES ('PM-STTADM016.pa.pref') ON CONFLICT(Hostname) DO UPDATE SET Hostname = EXCLUDED.Hostname ;
INSERT INTO CPU(Hostname, Name, Caption, NOC, NOLP)VALUES('PM-STTADM016.pa.pref', 'Intel(R) Core(TM)2 Duo CPU     E7500  @ 2.93GHz', 'Intel64 Family 6 Model 23 Stepping 10', '2', '2') ON CONFLICT(Hostname) DO UPDATE SET Hostname = EXCLUDED.Hostname, Name = EXCLUDED.Name, Caption = EXCLUDED.Caption, NOC = EXCLUDED.NOC, NOLP = EXCLUDED.NOLP ;
INSERT INTO Hosts(Hostname) VALUES ('PM-STTADM016.pa.pref') ON CONFLICT(Hostname) DO UPDATE SET Hostname = EXCLUDED.Hostname ;
INSERT INTO OS(Hostname, Caption, BuildNumber, Architecture, Description) VALUES('PM-STTADM016.pa.pref', 'Microsoft Windows 7 Professional ', '7601', '64-bit', 'Patrimonio 101834') ON CONFLICT(Hostname) DO UPDATE SET Hostname = EXCLUDED.Hostname, Caption = EXCLUDED.Caption, BuildNumber = EXCLUDED.BuildNumber, Architecture = EXCLUDED.Architecture, Description = EXCLUDED.Description ;
INSERT INTO Hosts(Hostname) VALUES ('PM-STTADM016.pa.pref') ON CONFLICT(Hostname) DO UPDATE SET Hostname = EXCLUDED.Hostname ;
INSERT INTO Networking(Hostname, IP, Gateway, Description, Index, DHCP) VALUES ('PM-STTADM016.pa.pref', '192.168.10.145', '192.168.10.1', 'Intel(R) 82567V-4 Gigabit Network Connection', '7', 'True') ON CONFLICT(Hostname) DO UPDATE SET Hostname = EXCLUDED.Hostname, IP = EXCLUDED.IP, Gateway = EXCLUDED.Gateway, Description = EXCLUDED.Description, Index = EXCLUDED.Index, DHCP = EXCLUDED.DHCP ;
INSERT INTO Hosts(Hostname) VALUES ('PM-INFO018.pa.pref') ON CONFLICT(Hostname) DO UPDATE SET Hostname = EXCLUDED.Hostname ;
INSERT INTO CPU(Hostname, Name, Caption, NOC, NOLP)VALUES('PM-INFO018.pa.pref', 'Intel(R) Core(TM) i3-10100 CPU @ 3.60GHz', 'Intel64 Family 6 Model 165 Stepping 3', '4', '8') ON CONFLICT(Hostname) DO UPDATE SET Hostname = EXCLUDED.Hostname, Name = EXCLUDED.Name, Caption = EXCLUDED.Caption, NOC = EXCLUDED.NOC, NOLP = EXCLUDED.NOLP ;
INSERT INTO Hosts(Hostname) VALUES ('PM-INFO018.pa.pref') ON CONFLICT(Hostname) DO UPDATE SET Hostname = EXCLUDED.Hostname ;
INSERT INTO OS(Hostname, Caption, BuildNumber, Architecture, Description) VALUES('PM-INFO018.pa.pref', 'Microsoft Windows 10 Pro', '19045', '64 bits', 'P-174514 A-110876942') ON CONFLICT(Hostname) DO UPDATE SET Hostname = EXCLUDED.Hostname, Caption = EXCLUDED.Caption, BuildNumber = EXCLUDED.BuildNumber, Architecture = EXCLUDED.Architecture, Description = EXCLUDED.Description ;
INSERT INTO Hosts(Hostname) VALUES ('PM-INFO018.pa.pref') ON CONFLICT(Hostname) DO UPDATE SET Hostname = EXCLUDED.Hostname ;
INSERT INTO Networking(Hostname, IP, Gateway, Description, Index, DHCP) VALUES ('PM-INFO018.pa.pref', '192.168.214.134', '192.168.214.1', 'Realtek PCIe GbE Family Controller', '1', 'True') ON CONFLICT(Hostname) DO UPDATE SET Hostname = EXCLUDED.Hostname, IP = EXCLUDED.IP, Gateway = EXCLUDED.Gateway, Description = EXCLUDED.Description, Index = EXCLUDED.Index, DHCP = EXCLUDED.DHCP ;
INSERT INTO Hosts(Hostname) VALUES ('PC-001.pa.pref') ON CONFLICT(Hostname) DO UPDATE SET Hostname = EXCLUDED.Hostname ;
INSERT INTO CPU(Hostname, Name, Caption, NOC, NOLP)VALUES('PC-001.pa.pref', 'Intel(R) Core(TM)2 Duo CPU     E7500  @ 2.93GHz', 'Intel64 Family 6 Model 23 Stepping 10', '2', '2') ON CONFLICT(Hostname) DO UPDATE SET Hostname = EXCLUDED.Hostname, Name = EXCLUDED.Name, Caption = EXCLUDED.Caption, NOC = EXCLUDED.NOC, NOLP = EXCLUDED.NOLP ;
INSERT INTO Hosts(Hostname) VALUES ('PC-001.pa.pref') ON CONFLICT(Hostname) DO UPDATE SET Hostname = EXCLUDED.Hostname ;
INSERT INTO OS(Hostname, Caption, BuildNumber, Architecture, Description) VALUES('PC-001.pa.pref', 'Microsoft Windows 10 Pro', '19045', '64 bits', 'PM-SSAUS24001') ON CONFLICT(Hostname) DO UPDATE SET Hostname = EXCLUDED.Hostname, Caption = EXCLUDED.Caption, BuildNumber = EXCLUDED.BuildNumber, Architecture = EXCLUDED.Architecture, Description = EXCLUDED.Description ;
INSERT INTO Hosts(Hostname) VALUES ('PC-001.pa.pref') ON CONFLICT(Hostname) DO UPDATE SET Hostname = EXCLUDED.Hostname ;
INSERT INTO Networking(Hostname, IP, Gateway, Description, Index, DHCP) VALUES ('PC-001.pa.pref', '192.168.32.119', '192.168.32.1', 'Intel(R) 82567V-4 Gigabit Network Connection', '1', 'True') ON CONFLICT(Hostname) DO UPDATE SET Hostname = EXCLUDED.Hostname, IP = EXCLUDED.IP, Gateway = EXCLUDED.Gateway, Description = EXCLUDED.Description, Index = EXCLUDED.Index, DHCP = EXCLUDED.DHCP ;
INSERT INTO Hosts(Hostname) VALUES ('PM-SURADM079.pa.pref') ON CONFLICT(Hostname) DO UPDATE SET Hostname = EXCLUDED.Hostname ;
INSERT INTO CPU(Hostname, Name, Caption, NOC, NOLP)VALUES('PM-SURADM079.pa.pref', 'Intel(R) Core(TM) i3-10100 CPU @ 3.60GHz', 'Intel64 Family 6 Model 165 Stepping 3', '4', '8') ON CONFLICT(Hostname) DO UPDATE SET Hostname = EXCLUDED.Hostname, Name = EXCLUDED.Name, Caption = EXCLUDED.Caption, NOC = EXCLUDED.NOC, NOLP = EXCLUDED.NOLP ;
INSERT INTO Hosts(Hostname) VALUES ('PM-SURADM079.pa.pref') ON CONFLICT(Hostname) DO UPDATE SET Hostname = EXCLUDED.Hostname ;
INSERT INTO OS(Hostname, Caption, BuildNumber, Architecture, Description) VALUES('PM-SURADM079.pa.pref', 'Microsoft Windows 10 Pro', '19044', '64 bits', 'P-175545 A-763076376') ON CONFLICT(Hostname) DO UPDATE SET Hostname = EXCLUDED.Hostname, Caption = EXCLUDED.Caption, BuildNumber = EXCLUDED.BuildNumber, Architecture = EXCLUDED.Architecture, Description = EXCLUDED.Description ;
INSERT INTO Hosts(Hostname) VALUES ('PM-SURADM079.pa.pref') ON CONFLICT(Hostname) DO UPDATE SET Hostname = EXCLUDED.Hostname ;
INSERT INTO Networking(Hostname, IP, Gateway, Description, Index, DHCP) VALUES ('PM-SURADM079.pa.pref', '192.168.198.230', '192.168.198.1', 'Realtek PCIe GbE Family Controller', '1', 'True') ON CONFLICT(Hostname) DO UPDATE SET Hostname = EXCLUDED.Hostname, IP = EXCLUDED.IP, Gateway = EXCLUDED.Gateway, Description = EXCLUDED.Description, Index = EXCLUDED.Index, DHCP = EXCLUDED.DHCP ;
INSERT INTO Hosts(Hostname) VALUES ('PM-93101.pa.pref') ON CONFLICT(Hostname) DO UPDATE SET Hostname = EXCLUDED.Hostname ;
INSERT INTO CPU(Hostname, Name, Caption, NOC, NOLP)VALUES('PM-93101.pa.pref', 'Intel(R) Core(TM) i3 CPU       M 380  @ 2.53GHz', 'Intel64 Family 6 Model 37 Stepping 5', '2', '4') ON CONFLICT(Hostname) DO UPDATE SET Hostname = EXCLUDED.Hostname, Name = EXCLUDED.Name, Caption = EXCLUDED.Caption, NOC = EXCLUDED.NOC, NOLP = EXCLUDED.NOLP ;
INSERT INTO Hosts(Hostname) VALUES ('PM-93101.pa.pref') ON CONFLICT(Hostname) DO UPDATE SET Hostname = EXCLUDED.Hostname ;
INSERT INTO OS(Hostname, Caption, BuildNumber, Architecture, Description) VALUES('PM-93101.pa.pref', 'Microsoft Windows 10 Pro', '19045', '64 bits', 'PM-93101') ON CONFLICT(Hostname) DO UPDATE SET Hostname = EXCLUDED.Hostname, Caption = EXCLUDED.Caption, BuildNumber = EXCLUDED.BuildNumber, Architecture = EXCLUDED.Architecture, Description = EXCLUDED.Description ;
INSERT INTO Hosts(Hostname) VALUES ('PM-93101.pa.pref') ON CONFLICT(Hostname) DO UPDATE SET Hostname = EXCLUDED.Hostname ;
INSERT INTO Networking(Hostname, IP, Gateway, Description, Index, DHCP) VALUES ('PM-93101.pa.pref', '192.168.132.17', '192.168.132.1', 'Realtek RTL8191SE Wireless LAN 802.11n PCI-E NIC', '2', 'True') ON CONFLICT(Hostname) DO UPDATE SET Hostname = EXCLUDED.Hostname, IP = EXCLUDED.IP, Gateway = EXCLUDED.Gateway, Description = EXCLUDED.Description, Index = EXCLUDED.Index, DHCP = EXCLUDED.DHCP ;
INSERT INTO Hosts(Hostname) VALUES ('DESKTOP-SHDDQEP.pa.pref') ON CONFLICT(Hostname) DO UPDATE SET Hostname = EXCLUDED.Hostname ;
INSERT INTO CPU(Hostname, Name, Caption, NOC, NOLP)VALUES('DESKTOP-SHDDQEP.pa.pref', 'AMD Ryzen 3 5400U with Radeon Graphics         ', 'AMD64 Family 25 Model 80 Stepping 0', '4', '8') ON CONFLICT(Hostname) DO UPDATE SET Hostname = EXCLUDED.Hostname, Name = EXCLUDED.Name, Caption = EXCLUDED.Caption, NOC = EXCLUDED.NOC, NOLP = EXCLUDED.NOLP ;
INSERT INTO Hosts(Hostname) VALUES ('DESKTOP-SHDDQEP.pa.pref') ON CONFLICT(Hostname) DO UPDATE SET Hostname = EXCLUDED.Hostname ;
INSERT INTO OS(Hostname, Caption, BuildNumber, Architecture, Description) VALUES('DESKTOP-SHDDQEP.pa.pref', 'Microsoft Windows 10 Pro', '19045', '64 bits', 'PM-SSAUS26026') ON CONFLICT(Hostname) DO UPDATE SET Hostname = EXCLUDED.Hostname, Caption = EXCLUDED.Caption, BuildNumber = EXCLUDED.BuildNumber, Architecture = EXCLUDED.Architecture, Description = EXCLUDED.Description ;
INSERT INTO Hosts(Hostname) VALUES ('DESKTOP-SHDDQEP.pa.pref') ON CONFLICT(Hostname) DO UPDATE SET Hostname = EXCLUDED.Hostname ;
INSERT INTO Networking(Hostname, IP, Gateway, Description, Index, DHCP) VALUES ('DESKTOP-SHDDQEP.pa.pref', '192.168.221.99', '192.168.221.1', 'MediaTek MT7921 Wi-Fi 6 802.11ax PCIe Adapter', '1', 'True') ON CONFLICT(Hostname) DO UPDATE SET Hostname = EXCLUDED.Hostname, IP = EXCLUDED.IP, Gateway = EXCLUDED.Gateway, Description = EXCLUDED.Description, Index = EXCLUDED.Index, DHCP = EXCLUDED.DHCP ;
INSERT INTO Hosts(Hostname) VALUES ('PM-SPSCTU014.pa.pref') ON CONFLICT(Hostname) DO UPDATE SET Hostname = EXCLUDED.Hostname ;
INSERT INTO CPU(Hostname, Name, Caption, NOC, NOLP)VALUES('PM-SPSCTU014.pa.pref', 'Intel(R) Core(TM) i3-10100 CPU @ 3.60GHz', 'Intel64 Family 6 Model 165 Stepping 3', '4', '8') ON CONFLICT(Hostname) DO UPDATE SET Hostname = EXCLUDED.Hostname, Name = EXCLUDED.Name, Caption = EXCLUDED.Caption, NOC = EXCLUDED.NOC, NOLP = EXCLUDED.NOLP ;
INSERT INTO Hosts(Hostname) VALUES ('PM-SPSCTU014.pa.pref') ON CONFLICT(Hostname) DO UPDATE SET Hostname = EXCLUDED.Hostname ;
INSERT INTO OS(Hostname, Caption, BuildNumber, Architecture, Description) VALUES('PM-SPSCTU014.pa.pref', 'Microsoft Windows 10 Pro', '19045', '64 bits', 'P-174502 A-469201154') ON CONFLICT(Hostname) DO UPDATE SET Hostname = EXCLUDED.Hostname, Caption = EXCLUDED.Caption, BuildNumber = EXCLUDED.BuildNumber, Architecture = EXCLUDED.Architecture, Description = EXCLUDED.Description ;
INSERT INTO Hosts(Hostname) VALUES ('PM-SPSCTU014.pa.pref') ON CONFLICT(Hostname) DO UPDATE SET Hostname = EXCLUDED.Hostname ;
INSERT INTO Networking(Hostname, IP, Gateway, Description, Index, DHCP) VALUES ('PM-SPSCTU014.pa.pref', '192.168.214.103', '192.168.214.1', 'Realtek PCIe GbE Family Controller', '1', 'True') ON CONFLICT(Hostname) DO UPDATE SET Hostname = EXCLUDED.Hostname, IP = EXCLUDED.IP, Gateway = EXCLUDED.Gateway, Description = EXCLUDED.Description, Index = EXCLUDED.Index, DHCP = EXCLUDED.DHCP ;
INSERT INTO Hosts(Hostname) VALUES ('PM-SIOADM20.pa.pref') ON CONFLICT(Hostname) DO UPDATE SET Hostname = EXCLUDED.Hostname ;
INSERT INTO CPU(Hostname, Name, Caption, NOC, NOLP)VALUES('PM-SIOADM20.pa.pref', '12th Gen Intel(R) Core(TM) i3-12100', 'Intel64 Family 6 Model 151 Stepping 5', '4', '8') ON CONFLICT(Hostname) DO UPDATE SET Hostname = EXCLUDED.Hostname, Name = EXCLUDED.Name, Caption = EXCLUDED.Caption, NOC = EXCLUDED.NOC, NOLP = EXCLUDED.NOLP ;
INSERT INTO Hosts(Hostname) VALUES ('PM-SIOADM20.pa.pref') ON CONFLICT(Hostname) DO UPDATE SET Hostname = EXCLUDED.Hostname ;
INSERT INTO OS(Hostname, Caption, BuildNumber, Architecture, Description) VALUES('PM-SIOADM20.pa.pref', 'Microsoft Windows 11 Pro', '22621', '64 bits', 'PM-SIOADM020') ON CONFLICT(Hostname) DO UPDATE SET Hostname = EXCLUDED.Hostname, Caption = EXCLUDED.Caption, BuildNumber = EXCLUDED.BuildNumber, Architecture = EXCLUDED.Architecture, Description = EXCLUDED.Description ;
INSERT INTO Hosts(Hostname) VALUES ('PM-SIOADM20.pa.pref') ON CONFLICT(Hostname) DO UPDATE SET Hostname = EXCLUDED.Hostname ;
INSERT INTO Networking(Hostname, IP, Gateway, Description, Index, DHCP) VALUES ('PM-SIOADM20.pa.pref', '192.168.10.192', '192.168.10.1', 'Realtek PCIe GbE Family Controller', '1', 'True') ON CONFLICT(Hostname) DO UPDATE SET Hostname = EXCLUDED.Hostname, IP = EXCLUDED.IP, Gateway = EXCLUDED.Gateway, Description = EXCLUDED.Description, Index = EXCLUDED.Index, DHCP = EXCLUDED.DHCP ;
INSERT INTO Hosts(Hostname) VALUES ('PM-SSAUS26006.pa.pref') ON CONFLICT(Hostname) DO UPDATE SET Hostname = EXCLUDED.Hostname ;
INSERT INTO CPU(Hostname, Name, Caption, NOC, NOLP)VALUES('PM-SSAUS26006.pa.pref', 'AMD A10-9700 RADEON R7, 10 COMPUTE CORES 4C+6G ', 'AMD64 Family 21 Model 101 Stepping 1', '4', '4') ON CONFLICT(Hostname) DO UPDATE SET Hostname = EXCLUDED.Hostname, Name = EXCLUDED.Name, Caption = EXCLUDED.Caption, NOC = EXCLUDED.NOC, NOLP = EXCLUDED.NOLP ;
INSERT INTO Hosts(Hostname) VALUES ('PM-SSAUS26006.pa.pref') ON CONFLICT(Hostname) DO UPDATE SET Hostname = EXCLUDED.Hostname ;
INSERT INTO OS(Hostname, Caption, BuildNumber, Architecture, Description) VALUES('PM-SSAUS26006.pa.pref', 'Microsoft Windows 10 Pro', '19045', '64 bits', 'Patrimonio 145553') ON CONFLICT(Hostname) DO UPDATE SET Hostname = EXCLUDED.Hostname, Caption = EXCLUDED.Caption, BuildNumber = EXCLUDED.BuildNumber, Architecture = EXCLUDED.Architecture, Description = EXCLUDED.Description ;
INSERT INTO Hosts(Hostname) VALUES ('PM-SSAUS26006.pa.pref') ON CONFLICT(Hostname) DO UPDATE SET Hostname = EXCLUDED.Hostname ;
INSERT INTO Networking(Hostname, IP, Gateway, Description, Index, DHCP) VALUES ('PM-SSAUS26006.pa.pref', '192.168.221.88', '192.168.221.1', 'Realtek PCIe GBE Family Controller', '2', 'True') ON CONFLICT(Hostname) DO UPDATE SET Hostname = EXCLUDED.Hostname, IP = EXCLUDED.IP, Gateway = EXCLUDED.Gateway, Description = EXCLUDED.Description, Index = EXCLUDED.Index, DHCP = EXCLUDED.DHCP ;
INSERT INTO Hosts(Hostname) VALUES ('PM-SADADM011.pa.pref') ON CONFLICT(Hostname) DO UPDATE SET Hostname = EXCLUDED.Hostname ;
INSERT INTO CPU(Hostname, Name, Caption, NOC, NOLP)VALUES('PM-SADADM011.pa.pref', 'Intel(R) Core(TM) i3-10100 CPU @ 3.60GHz', 'Intel64 Family 6 Model 165 Stepping 3', '4', '8') ON CONFLICT(Hostname) DO UPDATE SET Hostname = EXCLUDED.Hostname, Name = EXCLUDED.Name, Caption = EXCLUDED.Caption, NOC = EXCLUDED.NOC, NOLP = EXCLUDED.NOLP ;
INSERT INTO Hosts(Hostname) VALUES ('PM-SADADM011.pa.pref') ON CONFLICT(Hostname) DO UPDATE SET Hostname = EXCLUDED.Hostname ;
INSERT INTO OS(Hostname, Caption, BuildNumber, Architecture, Description) VALUES('PM-SADADM011.pa.pref', 'Microsoft Windows 10 Pro', '19045', '64 bits', 'P-174773 A-671628091') ON CONFLICT(Hostname) DO UPDATE SET Hostname = EXCLUDED.Hostname, Caption = EXCLUDED.Caption, BuildNumber = EXCLUDED.BuildNumber, Architecture = EXCLUDED.Architecture, Description = EXCLUDED.Description ;
INSERT INTO Hosts(Hostname) VALUES ('PM-SADADM011.pa.pref') ON CONFLICT(Hostname) DO UPDATE SET Hostname = EXCLUDED.Hostname ;
INSERT INTO Networking(Hostname, IP, Gateway, Description, Index, DHCP) VALUES ('PM-SADADM011.pa.pref', '192.168.120.198', '192.168.120.1', 'Realtek PCIe GbE Family Controller', '1', 'True') ON CONFLICT(Hostname) DO UPDATE SET Hostname = EXCLUDED.Hostname, IP = EXCLUDED.IP, Gateway = EXCLUDED.Gateway, Description = EXCLUDED.Description, Index = EXCLUDED.Index, DHCP = EXCLUDED.DHCP ;
INSERT INTO Hosts(Hostname) VALUES ('PM-SECED040.pa.pref') ON CONFLICT(Hostname) DO UPDATE SET Hostname = EXCLUDED.Hostname ;
INSERT INTO CPU(Hostname, Name, Caption, NOC, NOLP)VALUES('PM-SECED040.pa.pref', 'AMD Athlon(tm) Dual Core Processor 5000B', 'AMD64 Family 15 Model 107 Stepping 2', '2', '2') ON CONFLICT(Hostname) DO UPDATE SET Hostname = EXCLUDED.Hostname, Name = EXCLUDED.Name, Caption = EXCLUDED.Caption, NOC = EXCLUDED.NOC, NOLP = EXCLUDED.NOLP ;
INSERT INTO Hosts(Hostname) VALUES ('PM-SECED040.pa.pref') ON CONFLICT(Hostname) DO UPDATE SET Hostname = EXCLUDED.Hostname ;
INSERT INTO OS(Hostname, Caption, BuildNumber, Architecture, Description) VALUES('PM-SECED040.pa.pref', 'Microsoft Windows 10 Pro', '19045', '64 bits', 'PM-SECED040') ON CONFLICT(Hostname) DO UPDATE SET Hostname = EXCLUDED.Hostname, Caption = EXCLUDED.Caption, BuildNumber = EXCLUDED.BuildNumber, Architecture = EXCLUDED.Architecture, Description = EXCLUDED.Description ;
INSERT INTO Hosts(Hostname) VALUES ('PM-SECED040.pa.pref') ON CONFLICT(Hostname) DO UPDATE SET Hostname = EXCLUDED.Hostname ;
INSERT INTO Networking(Hostname, IP, Gateway, Description, Index, DHCP) VALUES ('PM-SECED040.pa.pref', '192.168.156.249', '192.168.156.1', 'Broadcom NetXtreme Gigabit Ethernet', '1', 'True') ON CONFLICT(Hostname) DO UPDATE SET Hostname = EXCLUDED.Hostname, IP = EXCLUDED.IP, Gateway = EXCLUDED.Gateway, Description = EXCLUDED.Description, Index = EXCLUDED.Index, DHCP = EXCLUDED.DHCP ;
INSERT INTO Hosts(Hostname) VALUES ('PM-SUPFIN009.pa.pref') ON CONFLICT(Hostname) DO UPDATE SET Hostname = EXCLUDED.Hostname ;
INSERT INTO CPU(Hostname, Name, Caption, NOC, NOLP)VALUES('PM-SUPFIN009.pa.pref', 'Intel(R) Core(TM) i3-9100 CPU @ 3.60GHz', 'Intel64 Family 6 Model 158 Stepping 11', '4', '4') ON CONFLICT(Hostname) DO UPDATE SET Hostname = EXCLUDED.Hostname, Name = EXCLUDED.Name, Caption = EXCLUDED.Caption, NOC = EXCLUDED.NOC, NOLP = EXCLUDED.NOLP ;
INSERT INTO Hosts(Hostname) VALUES ('PM-SUPFIN009.pa.pref') ON CONFLICT(Hostname) DO UPDATE SET Hostname = EXCLUDED.Hostname ;
INSERT INTO OS(Hostname, Caption, BuildNumber, Architecture, Description) VALUES('PM-SUPFIN009.pa.pref', 'Microsoft Windows 10 Pro', '19044', '64 bits', 'Patrimonio 149695') ON CONFLICT(Hostname) DO UPDATE SET Hostname = EXCLUDED.Hostname, Caption = EXCLUDED.Caption, BuildNumber = EXCLUDED.BuildNumber, Architecture = EXCLUDED.Architecture, Description = EXCLUDED.Description ;
INSERT INTO Hosts(Hostname) VALUES ('PM-SUPFIN009.pa.pref') ON CONFLICT(Hostname) DO UPDATE SET Hostname = EXCLUDED.Hostname ;
INSERT INTO Networking(Hostname, IP, Gateway, Description, Index, DHCP) VALUES ('PM-SUPFIN009.pa.pref', '192.168.10.212', '192.168.10.1', 'Intel(R) Ethernet Connection (7) I219-V', '1', 'True') ON CONFLICT(Hostname) DO UPDATE SET Hostname = EXCLUDED.Hostname, IP = EXCLUDED.IP, Gateway = EXCLUDED.Gateway, Description = EXCLUDED.Description, Index = EXCLUDED.Index, DHCP = EXCLUDED.DHCP ;
INSERT INTO Hosts(Hostname) VALUES ('PM-SECPED040.pa.pref') ON CONFLICT(Hostname) DO UPDATE SET Hostname = EXCLUDED.Hostname ;
INSERT INTO CPU(Hostname, Name, Caption, NOC, NOLP)VALUES('PM-SECPED040.pa.pref', 'AMD A10-9700 RADEON R7, 10 COMPUTE CORES 4C+6G ', 'AMD64 Family 21 Model 101 Stepping 1', '4', '4') ON CONFLICT(Hostname) DO UPDATE SET Hostname = EXCLUDED.Hostname, Name = EXCLUDED.Name, Caption = EXCLUDED.Caption, NOC = EXCLUDED.NOC, NOLP = EXCLUDED.NOLP ;
INSERT INTO Hosts(Hostname) VALUES ('PM-SECPED040.pa.pref') ON CONFLICT(Hostname) DO UPDATE SET Hostname = EXCLUDED.Hostname ;
INSERT INTO OS(Hostname, Caption, BuildNumber, Architecture, Description) VALUES('PM-SECPED040.pa.pref', 'Microsoft Windows 10 Pro', '19045', '64 bits', 'PM-SECPED031') ON CONFLICT(Hostname) DO UPDATE SET Hostname = EXCLUDED.Hostname, Caption = EXCLUDED.Caption, BuildNumber = EXCLUDED.BuildNumber, Architecture = EXCLUDED.Architecture, Description = EXCLUDED.Description ;
INSERT INTO Hosts(Hostname) VALUES ('PM-SECPED040.pa.pref') ON CONFLICT(Hostname) DO UPDATE SET Hostname = EXCLUDED.Hostname ;
INSERT INTO Networking(Hostname, IP, Gateway, Description, Index, DHCP) VALUES ('PM-SECPED040.pa.pref', '192.168.9.193', '192.168.9.1', 'Realtek PCIe GbE Family Controller #2', '13', 'True') ON CONFLICT(Hostname) DO UPDATE SET Hostname = EXCLUDED.Hostname, IP = EXCLUDED.IP, Gateway = EXCLUDED.Gateway, Description = EXCLUDED.Description, Index = EXCLUDED.Index, DHCP = EXCLUDED.DHCP ;
INSERT INTO Hosts(Hostname) VALUES ('PM-SECED23031.pa.pref') ON CONFLICT(Hostname) DO UPDATE SET Hostname = EXCLUDED.Hostname ;
INSERT INTO CPU(Hostname, Name, Caption, NOC, NOLP)VALUES('PM-SECED23031.pa.pref', 'Intel(R) Pentium(R) Gold G5420 CPU @ 3.80GHz', 'Intel64 Family 6 Model 158 Stepping 10', '2', '4') ON CONFLICT(Hostname) DO UPDATE SET Hostname = EXCLUDED.Hostname, Name = EXCLUDED.Name, Caption = EXCLUDED.Caption, NOC = EXCLUDED.NOC, NOLP = EXCLUDED.NOLP ;
INSERT INTO Hosts(Hostname) VALUES ('PM-SECED23031.pa.pref') ON CONFLICT(Hostname) DO UPDATE SET Hostname = EXCLUDED.Hostname ;
INSERT INTO OS(Hostname, Caption, BuildNumber, Architecture, Description) VALUES('PM-SECED23031.pa.pref', 'Microsoft Windows 10 Pro', '19044', '64 bits', NULL) ON CONFLICT(Hostname) DO UPDATE SET Hostname = EXCLUDED.Hostname, Caption = EXCLUDED.Caption, BuildNumber = EXCLUDED.BuildNumber, Architecture = EXCLUDED.Architecture, Description = EXCLUDED.Description ;
INSERT INTO Hosts(Hostname) VALUES ('PM-SECED23031.pa.pref') ON CONFLICT(Hostname) DO UPDATE SET Hostname = EXCLUDED.Hostname ;
INSERT INTO Networking(Hostname, IP, Gateway, Description, Index, DHCP) VALUES ('PM-SECED23031.pa.pref', '192.168.80.110', '192.168.80.1', 'Realtek PCIe GbE Family Controller', '1', 'True') ON CONFLICT(Hostname) DO UPDATE SET Hostname = EXCLUDED.Hostname, IP = EXCLUDED.IP, Gateway = EXCLUDED.Gateway, Description = EXCLUDED.Description, Index = EXCLUDED.Index, DHCP = EXCLUDED.DHCP ;
INSERT INTO Hosts(Hostname) VALUES ('PM-SECED31027.pa.pref') ON CONFLICT(Hostname) DO UPDATE SET Hostname = EXCLUDED.Hostname ;
INSERT INTO CPU(Hostname, Name, Caption, NOC, NOLP)VALUES('PM-SECED31027.pa.pref', 'Intel(R) Core(TM) i3-10100 CPU @ 3.60GHz', 'Intel64 Family 6 Model 165 Stepping 3', '4', '8') ON CONFLICT(Hostname) DO UPDATE SET Hostname = EXCLUDED.Hostname, Name = EXCLUDED.Name, Caption = EXCLUDED.Caption, NOC = EXCLUDED.NOC, NOLP = EXCLUDED.NOLP ;
INSERT INTO Hosts(Hostname) VALUES ('PM-SECED31027.pa.pref') ON CONFLICT(Hostname) DO UPDATE SET Hostname = EXCLUDED.Hostname ;
INSERT INTO OS(Hostname, Caption, BuildNumber, Architecture, Description) VALUES('PM-SECED31027.pa.pref', 'Microsoft Windows 10 Pro', '19045', '64 bits', 'P-174510\\A-919841727') ON CONFLICT(Hostname) DO UPDATE SET Hostname = EXCLUDED.Hostname, Caption = EXCLUDED.Caption, BuildNumber = EXCLUDED.BuildNumber, Architecture = EXCLUDED.Architecture, Description = EXCLUDED.Description ;
INSERT INTO Hosts(Hostname) VALUES ('PM-SECED31027.pa.pref') ON CONFLICT(Hostname) DO UPDATE SET Hostname = EXCLUDED.Hostname ;
INSERT INTO Networking(Hostname, IP, Gateway, Description, Index, DHCP) VALUES ('PM-SECED31027.pa.pref', '192.168.108.114', '192.168.108.1', 'Realtek PCIe GbE Family Controller', '1', 'True') ON CONFLICT(Hostname) DO UPDATE SET Hostname = EXCLUDED.Hostname, IP = EXCLUDED.IP, Gateway = EXCLUDED.Gateway, Description = EXCLUDED.Description, Index = EXCLUDED.Index, DHCP = EXCLUDED.DHCP ;
INSERT INTO Hosts(Hostname) VALUES ('PM-93658.pa.pref') ON CONFLICT(Hostname) DO UPDATE SET Hostname = EXCLUDED.Hostname ;
INSERT INTO CPU(Hostname, Name, Caption, NOC, NOLP)VALUES('PM-93658.pa.pref', 'Intel(R) Core(TM)2 Duo CPU     E7500  @ 2.93GHz', 'Intel64 Family 6 Model 23 Stepping 10', '2', '2') ON CONFLICT(Hostname) DO UPDATE SET Hostname = EXCLUDED.Hostname, Name = EXCLUDED.Name, Caption = EXCLUDED.Caption, NOC = EXCLUDED.NOC, NOLP = EXCLUDED.NOLP ;
INSERT INTO Hosts(Hostname) VALUES ('PM-93658.pa.pref') ON CONFLICT(Hostname) DO UPDATE SET Hostname = EXCLUDED.Hostname ;
INSERT INTO OS(Hostname, Caption, BuildNumber, Architecture, Description) VALUES('PM-93658.pa.pref', 'Microsoft Windows 10 Pro', '19045', '64 bits', NULL) ON CONFLICT(Hostname) DO UPDATE SET Hostname = EXCLUDED.Hostname, Caption = EXCLUDED.Caption, BuildNumber = EXCLUDED.BuildNumber, Architecture = EXCLUDED.Architecture, Description = EXCLUDED.Description ;
INSERT INTO Hosts(Hostname) VALUES ('PM-93658.pa.pref') ON CONFLICT(Hostname) DO UPDATE SET Hostname = EXCLUDED.Hostname ;
INSERT INTO Networking(Hostname, IP, Gateway, Description, Index, DHCP) VALUES ('PM-93658.pa.pref', '192.168.28.75', '192.168.28.1', 'Intel(R) 82567V-4 Gigabit Network Connection', '1', 'True') ON CONFLICT(Hostname) DO UPDATE SET Hostname = EXCLUDED.Hostname, IP = EXCLUDED.IP, Gateway = EXCLUDED.Gateway, Description = EXCLUDED.Description, Index = EXCLUDED.Index, DHCP = EXCLUDED.DHCP ;
INSERT INTO Hosts(Hostname) VALUES ('PM-SSAATD005.pa.pref') ON CONFLICT(Hostname) DO UPDATE SET Hostname = EXCLUDED.Hostname ;
INSERT INTO CPU(Hostname, Name, Caption, NOC, NOLP)VALUES('PM-SSAATD005.pa.pref', 'Intel(R) Core(TM)2 Duo CPU     E7500  @ 2.93GHz', 'Intel64 Family 6 Model 23 Stepping 10', '2', '2') ON CONFLICT(Hostname) DO UPDATE SET Hostname = EXCLUDED.Hostname, Name = EXCLUDED.Name, Caption = EXCLUDED.Caption, NOC = EXCLUDED.NOC, NOLP = EXCLUDED.NOLP ;
INSERT INTO Hosts(Hostname) VALUES ('PM-SSAATD005.pa.pref') ON CONFLICT(Hostname) DO UPDATE SET Hostname = EXCLUDED.Hostname ;
INSERT INTO OS(Hostname, Caption, BuildNumber, Architecture, Description) VALUES('PM-SSAATD005.pa.pref', 'Microsoft Windows 10 Pro', '19045', '64 bits', 'P-109710 A-842657326') ON CONFLICT(Hostname) DO UPDATE SET Hostname = EXCLUDED.Hostname, Caption = EXCLUDED.Caption, BuildNumber = EXCLUDED.BuildNumber, Architecture = EXCLUDED.Architecture, Description = EXCLUDED.Description ;
INSERT INTO Hosts(Hostname) VALUES ('PM-SSAATD005.pa.pref') ON CONFLICT(Hostname) DO UPDATE SET Hostname = EXCLUDED.Hostname ;
INSERT INTO Networking(Hostname, IP, Gateway, Description, Index, DHCP) VALUES ('PM-SSAATD005.pa.pref', '192.168.11.151', '192.168.11.1', 'Intel(R) 82567V-4 Gigabit Network Connection', '1', 'True') ON CONFLICT(Hostname) DO UPDATE SET Hostname = EXCLUDED.Hostname, IP = EXCLUDED.IP, Gateway = EXCLUDED.Gateway, Description = EXCLUDED.Description, Index = EXCLUDED.Index, DHCP = EXCLUDED.DHCP ;
INSERT INTO Hosts(Hostname) VALUES ('PM-SPSADM033.pa.pref') ON CONFLICT(Hostname) DO UPDATE SET Hostname = EXCLUDED.Hostname ;
INSERT INTO CPU(Hostname, Name, Caption, NOC, NOLP)VALUES('PM-SPSADM033.pa.pref', 'Intel(R) Core(TM) i5-3470 CPU @ 3.20GHz', 'Intel64 Family 6 Model 58 Stepping 9', '4', '4') ON CONFLICT(Hostname) DO UPDATE SET Hostname = EXCLUDED.Hostname, Name = EXCLUDED.Name, Caption = EXCLUDED.Caption, NOC = EXCLUDED.NOC, NOLP = EXCLUDED.NOLP ;
INSERT INTO Hosts(Hostname) VALUES ('PM-SPSADM033.pa.pref') ON CONFLICT(Hostname) DO UPDATE SET Hostname = EXCLUDED.Hostname ;
INSERT INTO OS(Hostname, Caption, BuildNumber, Architecture, Description) VALUES('PM-SPSADM033.pa.pref', 'Microsoft Windows 7 Professional ', '7601', '64-bit', 'P-104802 A-823000380') ON CONFLICT(Hostname) DO UPDATE SET Hostname = EXCLUDED.Hostname, Caption = EXCLUDED.Caption, BuildNumber = EXCLUDED.BuildNumber, Architecture = EXCLUDED.Architecture, Description = EXCLUDED.Description ;
INSERT INTO Hosts(Hostname) VALUES ('PM-SPSADM033.pa.pref') ON CONFLICT(Hostname) DO UPDATE SET Hostname = EXCLUDED.Hostname ;
INSERT INTO Networking(Hostname, IP, Gateway, Description, Index, DHCP) VALUES ('PM-SPSADM033.pa.pref', '192.168.214.171', '192.168.214.1', 'Intel(R) 82579LM Gigabit Network Connection', '7', 'True') ON CONFLICT(Hostname) DO UPDATE SET Hostname = EXCLUDED.Hostname, IP = EXCLUDED.IP, Gateway = EXCLUDED.Gateway, Description = EXCLUDED.Description, Index = EXCLUDED.Index, DHCP = EXCLUDED.DHCP ;
INSERT INTO Hosts(Hostname) VALUES ('PM-INFO055.pa.pref') ON CONFLICT(Hostname) DO UPDATE SET Hostname = EXCLUDED.Hostname ;
INSERT INTO CPU(Hostname, Name, Caption, NOC, NOLP)VALUES('PM-INFO055.pa.pref', 'Intel(R) Core(TM) i3-10100 CPU @ 3.60GHz', 'Intel64 Family 6 Model 165 Stepping 3', '4', '8') ON CONFLICT(Hostname) DO UPDATE SET Hostname = EXCLUDED.Hostname, Name = EXCLUDED.Name, Caption = EXCLUDED.Caption, NOC = EXCLUDED.NOC, NOLP = EXCLUDED.NOLP ;
INSERT INTO Hosts(Hostname) VALUES ('PM-INFO055.pa.pref') ON CONFLICT(Hostname) DO UPDATE SET Hostname = EXCLUDED.Hostname ;
INSERT INTO OS(Hostname, Caption, BuildNumber, Architecture, Description) VALUES('PM-INFO055.pa.pref', 'Microsoft Windows 10 Pro', '19045', '64 bits', 'P-174705 A-554557485') ON CONFLICT(Hostname) DO UPDATE SET Hostname = EXCLUDED.Hostname, Caption = EXCLUDED.Caption, BuildNumber = EXCLUDED.BuildNumber, Architecture = EXCLUDED.Architecture, Description = EXCLUDED.Description ;
INSERT INTO Hosts(Hostname) VALUES ('PM-INFO055.pa.pref') ON CONFLICT(Hostname) DO UPDATE SET Hostname = EXCLUDED.Hostname ;
INSERT INTO Networking(Hostname, IP, Gateway, Description, Index, DHCP) VALUES ('PM-INFO055.pa.pref', '192.168.107.134', '192.168.107.1', 'Realtek PCIe GbE Family Controller', '1', 'True') ON CONFLICT(Hostname) DO UPDATE SET Hostname = EXCLUDED.Hostname, IP = EXCLUDED.IP, Gateway = EXCLUDED.Gateway, Description = EXCLUDED.Description, Index = EXCLUDED.Index, DHCP = EXCLUDED.DHCP ;
INSERT INTO Hosts(Hostname) VALUES ('PM-SSAUS04011.pa.pref') ON CONFLICT(Hostname) DO UPDATE SET Hostname = EXCLUDED.Hostname ;
INSERT INTO CPU(Hostname, Name, Caption, NOC, NOLP)VALUES('PM-SSAUS04011.pa.pref', 'Intel(R) Core(TM) i3-9100 CPU @ 3.60GHz', 'Intel64 Family 6 Model 158 Stepping 11', '4', '4') ON CONFLICT(Hostname) DO UPDATE SET Hostname = EXCLUDED.Hostname, Name = EXCLUDED.Name, Caption = EXCLUDED.Caption, NOC = EXCLUDED.NOC, NOLP = EXCLUDED.NOLP ;
INSERT INTO Hosts(Hostname) VALUES ('PM-SSAUS04011.pa.pref') ON CONFLICT(Hostname) DO UPDATE SET Hostname = EXCLUDED.Hostname ;
INSERT INTO OS(Hostname, Caption, BuildNumber, Architecture, Description) VALUES('PM-SSAUS04011.pa.pref', 'Microsoft Windows 11 Pro', '22621', '64 bits', NULL) ON CONFLICT(Hostname) DO UPDATE SET Hostname = EXCLUDED.Hostname, Caption = EXCLUDED.Caption, BuildNumber = EXCLUDED.BuildNumber, Architecture = EXCLUDED.Architecture, Description = EXCLUDED.Description ;
INSERT INTO Hosts(Hostname) VALUES ('PM-SSAUS04011.pa.pref') ON CONFLICT(Hostname) DO UPDATE SET Hostname = EXCLUDED.Hostname ;
INSERT INTO Networking(Hostname, IP, Gateway, Description, Index, DHCP) VALUES ('PM-SSAUS04011.pa.pref', '192.168.137.126', '192.168.137.1', 'Intel(R) Ethernet Connection (7) I219-V', '1', 'True') ON CONFLICT(Hostname) DO UPDATE SET Hostname = EXCLUDED.Hostname, IP = EXCLUDED.IP, Gateway = EXCLUDED.Gateway, Description = EXCLUDED.Description, Index = EXCLUDED.Index, DHCP = EXCLUDED.DHCP ;
INSERT INTO Hosts(Hostname) VALUES ('PM-SSAVGS001.pa.pref') ON CONFLICT(Hostname) DO UPDATE SET Hostname = EXCLUDED.Hostname ;
INSERT INTO CPU(Hostname, Name, Caption, NOC, NOLP)VALUES('PM-SSAVGS001.pa.pref', 'Intel(R) Core(TM) i5-3470 CPU @ 3.20GHz', 'Intel64 Family 6 Model 58 Stepping 9', '4', '4') ON CONFLICT(Hostname) DO UPDATE SET Hostname = EXCLUDED.Hostname, Name = EXCLUDED.Name, Caption = EXCLUDED.Caption, NOC = EXCLUDED.NOC, NOLP = EXCLUDED.NOLP ;
INSERT INTO Hosts(Hostname) VALUES ('PM-SSAVGS001.pa.pref') ON CONFLICT(Hostname) DO UPDATE SET Hostname = EXCLUDED.Hostname ;
INSERT INTO OS(Hostname, Caption, BuildNumber, Architecture, Description) VALUES('PM-SSAVGS001.pa.pref', 'Microsoft Windows 10 Pro', '19044', '64 bits', 'PATRIM  92822') ON CONFLICT(Hostname) DO UPDATE SET Hostname = EXCLUDED.Hostname, Caption = EXCLUDED.Caption, BuildNumber = EXCLUDED.BuildNumber, Architecture = EXCLUDED.Architecture, Description = EXCLUDED.Description ;
INSERT INTO Hosts(Hostname) VALUES ('PM-SSAVGS001.pa.pref') ON CONFLICT(Hostname) DO UPDATE SET Hostname = EXCLUDED.Hostname ;
INSERT INTO Networking(Hostname, IP, Gateway, Description, Index, DHCP) VALUES ('PM-SSAVGS001.pa.pref', '192.168.11.55', '192.168.11.1', 'Intel(R) 82579LM Gigabit Network Connection', '23', 'True') ON CONFLICT(Hostname) DO UPDATE SET Hostname = EXCLUDED.Hostname, IP = EXCLUDED.IP, Gateway = EXCLUDED.Gateway, Description = EXCLUDED.Description, Index = EXCLUDED.Index, DHCP = EXCLUDED.DHCP ;
INSERT INTO Hosts(Hostname) VALUES ('PM-SECED15024.pa.pref') ON CONFLICT(Hostname) DO UPDATE SET Hostname = EXCLUDED.Hostname ;
INSERT INTO CPU(Hostname, Name, Caption, NOC, NOLP)VALUES('PM-SECED15024.pa.pref', 'Intel(R) Core(TM) i3-10100 CPU @ 3.60GHz', 'Intel64 Family 6 Model 165 Stepping 3', '4', '8') ON CONFLICT(Hostname) DO UPDATE SET Hostname = EXCLUDED.Hostname, Name = EXCLUDED.Name, Caption = EXCLUDED.Caption, NOC = EXCLUDED.NOC, NOLP = EXCLUDED.NOLP ;
INSERT INTO Hosts(Hostname) VALUES ('PM-SECED15024.pa.pref') ON CONFLICT(Hostname) DO UPDATE SET Hostname = EXCLUDED.Hostname ;
INSERT INTO OS(Hostname, Caption, BuildNumber, Architecture, Description) VALUES('PM-SECED15024.pa.pref', 'Microsoft Windows 10 Pro', '19045', '64 bits', 'P\\174501\\ANY 864 142 651') ON CONFLICT(Hostname) DO UPDATE SET Hostname = EXCLUDED.Hostname, Caption = EXCLUDED.Caption, BuildNumber = EXCLUDED.BuildNumber, Architecture = EXCLUDED.Architecture, Description = EXCLUDED.Description ;
INSERT INTO Hosts(Hostname) VALUES ('PM-SECED15024.pa.pref') ON CONFLICT(Hostname) DO UPDATE SET Hostname = EXCLUDED.Hostname ;
INSERT INTO Networking(Hostname, IP, Gateway, Description, Index, DHCP) VALUES ('PM-SECED15024.pa.pref', '192.168.117.232', '192.168.117.1', 'Realtek PCIe GbE Family Controller', '1', 'True') ON CONFLICT(Hostname) DO UPDATE SET Hostname = EXCLUDED.Hostname, IP = EXCLUDED.IP, Gateway = EXCLUDED.Gateway, Description = EXCLUDED.Description, Index = EXCLUDED.Index, DHCP = EXCLUDED.DHCP ;
INSERT INTO Hosts(Hostname) VALUES ('PM-SAFGEO014.pa.pref') ON CONFLICT(Hostname) DO UPDATE SET Hostname = EXCLUDED.Hostname ;
INSERT INTO CPU(Hostname, Name, Caption, NOC, NOLP)VALUES('PM-SAFGEO014.pa.pref', '12th Gen Intel(R) Core(TM) i7-12700', 'Intel64 Family 6 Model 151 Stepping 2', '12', '20') ON CONFLICT(Hostname) DO UPDATE SET Hostname = EXCLUDED.Hostname, Name = EXCLUDED.Name, Caption = EXCLUDED.Caption, NOC = EXCLUDED.NOC, NOLP = EXCLUDED.NOLP ;
INSERT INTO Hosts(Hostname) VALUES ('PM-SAFGEO014.pa.pref') ON CONFLICT(Hostname) DO UPDATE SET Hostname = EXCLUDED.Hostname ;
INSERT INTO OS(Hostname, Caption, BuildNumber, Architecture, Description) VALUES('PM-SAFGEO014.pa.pref', 'Microsoft Windows 10 Pro', '19045', '64 bits', 'P-168548') ON CONFLICT(Hostname) DO UPDATE SET Hostname = EXCLUDED.Hostname, Caption = EXCLUDED.Caption, BuildNumber = EXCLUDED.BuildNumber, Architecture = EXCLUDED.Architecture, Description = EXCLUDED.Description ;
INSERT INTO Hosts(Hostname) VALUES ('PM-SAFGEO014.pa.pref') ON CONFLICT(Hostname) DO UPDATE SET Hostname = EXCLUDED.Hostname ;
INSERT INTO Networking(Hostname, IP, Gateway, Description, Index, DHCP) VALUES ('PM-SAFGEO014.pa.pref', '192.168.223.132', '192.168.223.1', 'Intel(R) Ethernet Connection (17) I219-LM', '1', 'True') ON CONFLICT(Hostname) DO UPDATE SET Hostname = EXCLUDED.Hostname, IP = EXCLUDED.IP, Gateway = EXCLUDED.Gateway, Description = EXCLUDED.Description, Index = EXCLUDED.Index, DHCP = EXCLUDED.DHCP ;
INSERT INTO Hosts(Hostname) VALUES ('PM-SECED04007.pa.pref') ON CONFLICT(Hostname) DO UPDATE SET Hostname = EXCLUDED.Hostname ;
INSERT INTO CPU(Hostname, Name, Caption, NOC, NOLP)VALUES('PM-SECED04007.pa.pref', 'Intel(R) Pentium(R) Gold G5420 CPU @ 3.80GHz', 'Intel64 Family 6 Model 158 Stepping 10', '2', '4') ON CONFLICT(Hostname) DO UPDATE SET Hostname = EXCLUDED.Hostname, Name = EXCLUDED.Name, Caption = EXCLUDED.Caption, NOC = EXCLUDED.NOC, NOLP = EXCLUDED.NOLP ;
INSERT INTO Hosts(Hostname) VALUES ('PM-SECED04007.pa.pref') ON CONFLICT(Hostname) DO UPDATE SET Hostname = EXCLUDED.Hostname ;
INSERT INTO OS(Hostname, Caption, BuildNumber, Architecture, Description) VALUES('PM-SECED04007.pa.pref', 'Microsoft Windows 10 Pro', '19045', '64 bits', 'Patrimonio 168843') ON CONFLICT(Hostname) DO UPDATE SET Hostname = EXCLUDED.Hostname, Caption = EXCLUDED.Caption, BuildNumber = EXCLUDED.BuildNumber, Architecture = EXCLUDED.Architecture, Description = EXCLUDED.Description ;
INSERT INTO Hosts(Hostname) VALUES ('PM-SECED04007.pa.pref') ON CONFLICT(Hostname) DO UPDATE SET Hostname = EXCLUDED.Hostname ;
INSERT INTO Networking(Hostname, IP, Gateway, Description, Index, DHCP) VALUES ('PM-SECED04007.pa.pref', '192.168.82.82', '192.168.82.1', 'Realtek PCIe GBE Family Controller', '1', 'True') ON CONFLICT(Hostname) DO UPDATE SET Hostname = EXCLUDED.Hostname, IP = EXCLUDED.IP, Gateway = EXCLUDED.Gateway, Description = EXCLUDED.Description, Index = EXCLUDED.Index, DHCP = EXCLUDED.DHCP ;
INSERT INTO Hosts(Hostname) VALUES ('PM-SPSPRO002.pa.pref') ON CONFLICT(Hostname) DO UPDATE SET Hostname = EXCLUDED.Hostname ;
INSERT INTO CPU(Hostname, Name, Caption, NOC, NOLP)VALUES('PM-SPSPRO002.pa.pref', 'Intel(R) Pentium(R) Dual  CPU  E2180  @ 2.00GHz', 'Intel64 Family 6 Model 15 Stepping 13', '2', '2') ON CONFLICT(Hostname) DO UPDATE SET Hostname = EXCLUDED.Hostname, Name = EXCLUDED.Name, Caption = EXCLUDED.Caption, NOC = EXCLUDED.NOC, NOLP = EXCLUDED.NOLP ;
INSERT INTO Hosts(Hostname) VALUES ('PM-SPSPRO002.pa.pref') ON CONFLICT(Hostname) DO UPDATE SET Hostname = EXCLUDED.Hostname ;
INSERT INTO OS(Hostname, Caption, BuildNumber, Architecture, Description) VALUES('PM-SPSPRO002.pa.pref', 'Microsoft Windows 7 Professional ', '7601', '64-bit', 'S/P') ON CONFLICT(Hostname) DO UPDATE SET Hostname = EXCLUDED.Hostname, Caption = EXCLUDED.Caption, BuildNumber = EXCLUDED.BuildNumber, Architecture = EXCLUDED.Architecture, Description = EXCLUDED.Description ;
INSERT INTO Hosts(Hostname) VALUES ('PM-SPSPRO002.pa.pref') ON CONFLICT(Hostname) DO UPDATE SET Hostname = EXCLUDED.Hostname ;
INSERT INTO Networking(Hostname, IP, Gateway, Description, Index, DHCP) VALUES ('PM-SPSPRO002.pa.pref', '192.168.214.77', '192.168.214.1', 'Atheros L2 Fast Ethernet 10/100Base-T Controller', '7', 'True') ON CONFLICT(Hostname) DO UPDATE SET Hostname = EXCLUDED.Hostname, IP = EXCLUDED.IP, Gateway = EXCLUDED.Gateway, Description = EXCLUDED.Description, Index = EXCLUDED.Index, DHCP = EXCLUDED.DHCP ;
INSERT INTO Hosts(Hostname) VALUES ('PM-SSAUS10006.pa.pref') ON CONFLICT(Hostname) DO UPDATE SET Hostname = EXCLUDED.Hostname ;
INSERT INTO CPU(Hostname, Name, Caption, NOC, NOLP)VALUES('PM-SSAUS10006.pa.pref', 'AMD FX(tm)-6300 Six-Core Processor             ', 'AMD64 Family 21 Model 2 Stepping 0', '3', '6') ON CONFLICT(Hostname) DO UPDATE SET Hostname = EXCLUDED.Hostname, Name = EXCLUDED.Name, Caption = EXCLUDED.Caption, NOC = EXCLUDED.NOC, NOLP = EXCLUDED.NOLP ;
INSERT INTO Hosts(Hostname) VALUES ('PM-SSAUS10006.pa.pref') ON CONFLICT(Hostname) DO UPDATE SET Hostname = EXCLUDED.Hostname ;
INSERT INTO OS(Hostname, Caption, BuildNumber, Architecture, Description) VALUES('PM-SSAUS10006.pa.pref', 'Microsoft Windows 10 Pro', '19045', '64 bits', 'Patrimônio 145550') ON CONFLICT(Hostname) DO UPDATE SET Hostname = EXCLUDED.Hostname, Caption = EXCLUDED.Caption, BuildNumber = EXCLUDED.BuildNumber, Architecture = EXCLUDED.Architecture, Description = EXCLUDED.Description ;
INSERT INTO Hosts(Hostname) VALUES ('PM-SSAUS10006.pa.pref') ON CONFLICT(Hostname) DO UPDATE SET Hostname = EXCLUDED.Hostname ;
INSERT INTO Networking(Hostname, IP, Gateway, Description, Index, DHCP) VALUES ('PM-SSAUS10006.pa.pref', '192.168.170.240', '192.168.170.1', 'Realtek PCIe GbE Family Controller', '2', 'True') ON CONFLICT(Hostname) DO UPDATE SET Hostname = EXCLUDED.Hostname, IP = EXCLUDED.IP, Gateway = EXCLUDED.Gateway, Description = EXCLUDED.Description, Index = EXCLUDED.Index, DHCP = EXCLUDED.DHCP ;
INSERT INTO Hosts(Hostname) VALUES ('PM-SSAUS21001.pa.pref') ON CONFLICT(Hostname) DO UPDATE SET Hostname = EXCLUDED.Hostname ;
INSERT INTO CPU(Hostname, Name, Caption, NOC, NOLP)VALUES('PM-SSAUS21001.pa.pref', 'Intel(R) Core(TM) i5-3470 CPU @ 3.20GHz', 'Intel64 Family 6 Model 58 Stepping 9', '4', '4') ON CONFLICT(Hostname) DO UPDATE SET Hostname = EXCLUDED.Hostname, Name = EXCLUDED.Name, Caption = EXCLUDED.Caption, NOC = EXCLUDED.NOC, NOLP = EXCLUDED.NOLP ;
INSERT INTO Hosts(Hostname) VALUES ('PM-SSAUS21001.pa.pref') ON CONFLICT(Hostname) DO UPDATE SET Hostname = EXCLUDED.Hostname ;
INSERT INTO OS(Hostname, Caption, BuildNumber, Architecture, Description) VALUES('PM-SSAUS21001.pa.pref', 'Microsoft Windows 7 Professional ', '7601', '64-bit', 'Patrimonio 92685') ON CONFLICT(Hostname) DO UPDATE SET Hostname = EXCLUDED.Hostname, Caption = EXCLUDED.Caption, BuildNumber = EXCLUDED.BuildNumber, Architecture = EXCLUDED.Architecture, Description = EXCLUDED.Description ;
INSERT INTO Hosts(Hostname) VALUES ('PM-SSAUS21001.pa.pref') ON CONFLICT(Hostname) DO UPDATE SET Hostname = EXCLUDED.Hostname ;
INSERT INTO Networking(Hostname, IP, Gateway, Description, Index, DHCP) VALUES ('PM-SSAUS21001.pa.pref', '192.168.123.251', '192.168.123.1', 'Intel(R) 82579LM Gigabit Network Connection', '7', 'True') ON CONFLICT(Hostname) DO UPDATE SET Hostname = EXCLUDED.Hostname, IP = EXCLUDED.IP, Gateway = EXCLUDED.Gateway, Description = EXCLUDED.Description, Index = EXCLUDED.Index, DHCP = EXCLUDED.DHCP ;
INSERT INTO Hosts(Hostname) VALUES ('PM-SECED31015.pa.pref') ON CONFLICT(Hostname) DO UPDATE SET Hostname = EXCLUDED.Hostname ;
INSERT INTO CPU(Hostname, Name, Caption, NOC, NOLP)VALUES('PM-SECED31015.pa.pref', 'Intel(R) Core(TM)2 Duo CPU     E4500  @ 2.20GHz', 'Intel64 Family 6 Model 15 Stepping 13', '2', '2') ON CONFLICT(Hostname) DO UPDATE SET Hostname = EXCLUDED.Hostname, Name = EXCLUDED.Name, Caption = EXCLUDED.Caption, NOC = EXCLUDED.NOC, NOLP = EXCLUDED.NOLP ;
INSERT INTO Hosts(Hostname) VALUES ('PM-SECED31015.pa.pref') ON CONFLICT(Hostname) DO UPDATE SET Hostname = EXCLUDED.Hostname ;
INSERT INTO OS(Hostname, Caption, BuildNumber, Architecture, Description) VALUES('PM-SECED31015.pa.pref', 'Microsoft Windows 7 Professional ', '7601', '64-bit', 'Patrimônio 080672') ON CONFLICT(Hostname) DO UPDATE SET Hostname = EXCLUDED.Hostname, Caption = EXCLUDED.Caption, BuildNumber = EXCLUDED.BuildNumber, Architecture = EXCLUDED.Architecture, Description = EXCLUDED.Description ;
INSERT INTO Hosts(Hostname) VALUES ('PM-SECED31015.pa.pref') ON CONFLICT(Hostname) DO UPDATE SET Hostname = EXCLUDED.Hostname ;
INSERT INTO Networking(Hostname, IP, Gateway, Description, Index, DHCP) VALUES ('PM-SECED31015.pa.pref', '192.168.108.80', '192.168.108.1', 'Realtek PCIe FE Family Controller', '7', 'True') ON CONFLICT(Hostname) DO UPDATE SET Hostname = EXCLUDED.Hostname, IP = EXCLUDED.IP, Gateway = EXCLUDED.Gateway, Description = EXCLUDED.Description, Index = EXCLUDED.Index, DHCP = EXCLUDED.DHCP ;
INSERT INTO Hosts(Hostname) VALUES ('PM-SECED34030.pa.pref') ON CONFLICT(Hostname) DO UPDATE SET Hostname = EXCLUDED.Hostname ;
INSERT INTO CPU(Hostname, Name, Caption, NOC, NOLP)VALUES('PM-SECED34030.pa.pref', 'Intel(R) Core(TM) i3-10100 CPU @ 3.60GHz', 'Intel64 Family 6 Model 165 Stepping 3', '4', '8') ON CONFLICT(Hostname) DO UPDATE SET Hostname = EXCLUDED.Hostname, Name = EXCLUDED.Name, Caption = EXCLUDED.Caption, NOC = EXCLUDED.NOC, NOLP = EXCLUDED.NOLP ;
INSERT INTO Hosts(Hostname) VALUES ('PM-SECED34030.pa.pref') ON CONFLICT(Hostname) DO UPDATE SET Hostname = EXCLUDED.Hostname ;
INSERT INTO OS(Hostname, Caption, BuildNumber, Architecture, Description) VALUES('PM-SECED34030.pa.pref', 'Microsoft Windows 10 Pro', '19045', '64 bits', 'P\\174445 A-\\ 138653336') ON CONFLICT(Hostname) DO UPDATE SET Hostname = EXCLUDED.Hostname, Caption = EXCLUDED.Caption, BuildNumber = EXCLUDED.BuildNumber, Architecture = EXCLUDED.Architecture, Description = EXCLUDED.Description ;
INSERT INTO Hosts(Hostname) VALUES ('PM-SECED34030.pa.pref') ON CONFLICT(Hostname) DO UPDATE SET Hostname = EXCLUDED.Hostname ;
INSERT INTO Networking(Hostname, IP, Gateway, Description, Index, DHCP) VALUES ('PM-SECED34030.pa.pref', '192.168.116.179', '192.168.116.1', 'Realtek PCIe GbE Family Controller', '1', 'True') ON CONFLICT(Hostname) DO UPDATE SET Hostname = EXCLUDED.Hostname, IP = EXCLUDED.IP, Gateway = EXCLUDED.Gateway, Description = EXCLUDED.Description, Index = EXCLUDED.Index, DHCP = EXCLUDED.DHCP ;
INSERT INTO Hosts(Hostname) VALUES ('PM-SECED10003.pa.pref') ON CONFLICT(Hostname) DO UPDATE SET Hostname = EXCLUDED.Hostname ;
INSERT INTO CPU(Hostname, Name, Caption, NOC, NOLP)VALUES('PM-SECED10003.pa.pref', 'Genuine Intel(R) CPU            2140  @ 1.60GHz', 'Intel64 Family 6 Model 15 Stepping 2', '2', '2') ON CONFLICT(Hostname) DO UPDATE SET Hostname = EXCLUDED.Hostname, Name = EXCLUDED.Name, Caption = EXCLUDED.Caption, NOC = EXCLUDED.NOC, NOLP = EXCLUDED.NOLP ;
INSERT INTO Hosts(Hostname) VALUES ('PM-SECED10003.pa.pref') ON CONFLICT(Hostname) DO UPDATE SET Hostname = EXCLUDED.Hostname ;
INSERT INTO OS(Hostname, Caption, BuildNumber, Architecture, Description) VALUES('PM-SECED10003.pa.pref', 'Microsoft Windows 7 Professional ', '7601', '64-bit', 'Patrimônio: 124298') ON CONFLICT(Hostname) DO UPDATE SET Hostname = EXCLUDED.Hostname, Caption = EXCLUDED.Caption, BuildNumber = EXCLUDED.BuildNumber, Architecture = EXCLUDED.Architecture, Description = EXCLUDED.Description ;
INSERT INTO Hosts(Hostname) VALUES ('PM-SECED10003.pa.pref') ON CONFLICT(Hostname) DO UPDATE SET Hostname = EXCLUDED.Hostname ;
INSERT INTO Networking(Hostname, IP, Gateway, Description, Index, DHCP) VALUES ('PM-SECED10003.pa.pref', '192.168.174.103', '192.168.174.1', 'Broadcom 440x 10/100 Integrated Controller', '7', 'True') ON CONFLICT(Hostname) DO UPDATE SET Hostname = EXCLUDED.Hostname, IP = EXCLUDED.IP, Gateway = EXCLUDED.Gateway, Description = EXCLUDED.Description, Index = EXCLUDED.Index, DHCP = EXCLUDED.DHCP ;
INSERT INTO Hosts(Hostname) VALUES ('PM-PROADM022.pa.pref') ON CONFLICT(Hostname) DO UPDATE SET Hostname = EXCLUDED.Hostname ;
INSERT INTO CPU(Hostname, Name, Caption, NOC, NOLP)VALUES('PM-PROADM022.pa.pref', 'Intel(R) Core(TM) i3-9100 CPU @ 3.60GHz', 'Intel64 Family 6 Model 158 Stepping 11', '4', '4') ON CONFLICT(Hostname) DO UPDATE SET Hostname = EXCLUDED.Hostname, Name = EXCLUDED.Name, Caption = EXCLUDED.Caption, NOC = EXCLUDED.NOC, NOLP = EXCLUDED.NOLP ;
INSERT INTO Hosts(Hostname) VALUES ('PM-PROADM022.pa.pref') ON CONFLICT(Hostname) DO UPDATE SET Hostname = EXCLUDED.Hostname ;
INSERT INTO OS(Hostname, Caption, BuildNumber, Architecture, Description) VALUES('PM-PROADM022.pa.pref', 'Microsoft Windows 10 Pro', '19043', '64 bits', 'Patrimonio148097') ON CONFLICT(Hostname) DO UPDATE SET Hostname = EXCLUDED.Hostname, Caption = EXCLUDED.Caption, BuildNumber = EXCLUDED.BuildNumber, Architecture = EXCLUDED.Architecture, Description = EXCLUDED.Description ;
INSERT INTO Hosts(Hostname) VALUES ('PM-PROADM022.pa.pref') ON CONFLICT(Hostname) DO UPDATE SET Hostname = EXCLUDED.Hostname ;
INSERT INTO Networking(Hostname, IP, Gateway, Description, Index, DHCP) VALUES ('PM-PROADM022.pa.pref', '192.168.12.125', '192.168.12.1', 'Intel(R) Ethernet Connection (7) I219-V', '1', 'True') ON CONFLICT(Hostname) DO UPDATE SET Hostname = EXCLUDED.Hostname, IP = EXCLUDED.IP, Gateway = EXCLUDED.Gateway, Description = EXCLUDED.Description, Index = EXCLUDED.Index, DHCP = EXCLUDED.DHCP ;
INSERT INTO Hosts(Hostname) VALUES ('PM-SAFADM010.pa.pref') ON CONFLICT(Hostname) DO UPDATE SET Hostname = EXCLUDED.Hostname ;
INSERT INTO CPU(Hostname, Name, Caption, NOC, NOLP)VALUES('PM-SAFADM010.pa.pref', '12th Gen Intel(R) Core(TM) i3-12100', 'Intel64 Family 6 Model 151 Stepping 5', '4', '8') ON CONFLICT(Hostname) DO UPDATE SET Hostname = EXCLUDED.Hostname, Name = EXCLUDED.Name, Caption = EXCLUDED.Caption, NOC = EXCLUDED.NOC, NOLP = EXCLUDED.NOLP ;
INSERT INTO Hosts(Hostname) VALUES ('PM-SAFADM010.pa.pref') ON CONFLICT(Hostname) DO UPDATE SET Hostname = EXCLUDED.Hostname ;
INSERT INTO OS(Hostname, Caption, BuildNumber, Architecture, Description) VALUES('PM-SAFADM010.pa.pref', 'Microsoft Windows 11 Pro', '22621', '64 bits', NULL) ON CONFLICT(Hostname) DO UPDATE SET Hostname = EXCLUDED.Hostname, Caption = EXCLUDED.Caption, BuildNumber = EXCLUDED.BuildNumber, Architecture = EXCLUDED.Architecture, Description = EXCLUDED.Description ;
INSERT INTO Hosts(Hostname) VALUES ('PM-SAFADM010.pa.pref') ON CONFLICT(Hostname) DO UPDATE SET Hostname = EXCLUDED.Hostname ;
INSERT INTO Networking(Hostname, IP, Gateway, Description, Index, DHCP) VALUES ('PM-SAFADM010.pa.pref', '192.168.253.207', '192.168.253.1', 'Realtek PCIe GbE Family Controller', '1', 'True') ON CONFLICT(Hostname) DO UPDATE SET Hostname = EXCLUDED.Hostname, IP = EXCLUDED.IP, Gateway = EXCLUDED.Gateway, Description = EXCLUDED.Description, Index = EXCLUDED.Index, DHCP = EXCLUDED.DHCP ;
INSERT INTO Hosts(Hostname) VALUES ('PM-SECED34051.pa.pref') ON CONFLICT(Hostname) DO UPDATE SET Hostname = EXCLUDED.Hostname ;
INSERT INTO CPU(Hostname, Name, Caption, NOC, NOLP)VALUES('PM-SECED34051.pa.pref', 'Intel(R) Core(TM) i3-10100 CPU @ 3.60GHz', 'Intel64 Family 6 Model 165 Stepping 3', '4', '8') ON CONFLICT(Hostname) DO UPDATE SET Hostname = EXCLUDED.Hostname, Name = EXCLUDED.Name, Caption = EXCLUDED.Caption, NOC = EXCLUDED.NOC, NOLP = EXCLUDED.NOLP ;
INSERT INTO Hosts(Hostname) VALUES ('PM-SECED34051.pa.pref') ON CONFLICT(Hostname) DO UPDATE SET Hostname = EXCLUDED.Hostname ;
INSERT INTO OS(Hostname, Caption, BuildNumber, Architecture, Description) VALUES('PM-SECED34051.pa.pref', 'Microsoft Windows 10 Pro', '19044', '64 bits', 'P-175538 A-116168468') ON CONFLICT(Hostname) DO UPDATE SET Hostname = EXCLUDED.Hostname, Caption = EXCLUDED.Caption, BuildNumber = EXCLUDED.BuildNumber, Architecture = EXCLUDED.Architecture, Description = EXCLUDED.Description ;
INSERT INTO Hosts(Hostname) VALUES ('PM-SECED34051.pa.pref') ON CONFLICT(Hostname) DO UPDATE SET Hostname = EXCLUDED.Hostname ;
INSERT INTO Networking(Hostname, IP, Gateway, Description, Index, DHCP) VALUES ('PM-SECED34051.pa.pref', '192.168.116.234', '192.168.116.1', 'Realtek PCIe GbE Family Controller', '1', 'True') ON CONFLICT(Hostname) DO UPDATE SET Hostname = EXCLUDED.Hostname, IP = EXCLUDED.IP, Gateway = EXCLUDED.Gateway, Description = EXCLUDED.Description, Index = EXCLUDED.Index, DHCP = EXCLUDED.DHCP ;
INSERT INTO Hosts(Hostname) VALUES ('PM-SAFADM003.pa.pref') ON CONFLICT(Hostname) DO UPDATE SET Hostname = EXCLUDED.Hostname ;
INSERT INTO CPU(Hostname, Name, Caption, NOC, NOLP)VALUES('PM-SAFADM003.pa.pref', 'Intel(R) Core(TM) i3-7100 CPU @ 3.90GHz', 'Intel64 Family 6 Model 158 Stepping 9', '2', '4') ON CONFLICT(Hostname) DO UPDATE SET Hostname = EXCLUDED.Hostname, Name = EXCLUDED.Name, Caption = EXCLUDED.Caption, NOC = EXCLUDED.NOC, NOLP = EXCLUDED.NOLP ;
INSERT INTO Hosts(Hostname) VALUES ('PM-SAFADM003.pa.pref') ON CONFLICT(Hostname) DO UPDATE SET Hostname = EXCLUDED.Hostname ;
INSERT INTO OS(Hostname, Caption, BuildNumber, Architecture, Description) VALUES('PM-SAFADM003.pa.pref', 'Microsoft Windows 10 Pro', '19042', '64 bits', NULL) ON CONFLICT(Hostname) DO UPDATE SET Hostname = EXCLUDED.Hostname, Caption = EXCLUDED.Caption, BuildNumber = EXCLUDED.BuildNumber, Architecture = EXCLUDED.Architecture, Description = EXCLUDED.Description ;
INSERT INTO Hosts(Hostname) VALUES ('PM-SAFADM003.pa.pref') ON CONFLICT(Hostname) DO UPDATE SET Hostname = EXCLUDED.Hostname ;
INSERT INTO Networking(Hostname, IP, Gateway, Description, Index, DHCP) VALUES ('PM-SAFADM003.pa.pref', '192.168.223.204', '192.168.223.1', 'Realtek PCIe GBE Family Controller', '1', 'True') ON CONFLICT(Hostname) DO UPDATE SET Hostname = EXCLUDED.Hostname, IP = EXCLUDED.IP, Gateway = EXCLUDED.Gateway, Description = EXCLUDED.Description, Index = EXCLUDED.Index, DHCP = EXCLUDED.DHCP ;
INSERT INTO Hosts(Hostname) VALUES ('PM-PROPRC002.pa.pref') ON CONFLICT(Hostname) DO UPDATE SET Hostname = EXCLUDED.Hostname ;
INSERT INTO CPU(Hostname, Name, Caption, NOC, NOLP)VALUES('PM-PROPRC002.pa.pref', 'Intel(R) Core(TM) i3-9100 CPU @ 3.60GHz', 'Intel64 Family 6 Model 158 Stepping 11', '4', '4') ON CONFLICT(Hostname) DO UPDATE SET Hostname = EXCLUDED.Hostname, Name = EXCLUDED.Name, Caption = EXCLUDED.Caption, NOC = EXCLUDED.NOC, NOLP = EXCLUDED.NOLP ;
INSERT INTO Hosts(Hostname) VALUES ('PM-PROPRC002.pa.pref') ON CONFLICT(Hostname) DO UPDATE SET Hostname = EXCLUDED.Hostname ;
INSERT INTO OS(Hostname, Caption, BuildNumber, Architecture, Description) VALUES('PM-PROPRC002.pa.pref', 'Microsoft Windows 10 Pro', '19043', '64 bits', 'Patrimonio 148090') ON CONFLICT(Hostname) DO UPDATE SET Hostname = EXCLUDED.Hostname, Caption = EXCLUDED.Caption, BuildNumber = EXCLUDED.BuildNumber, Architecture = EXCLUDED.Architecture, Description = EXCLUDED.Description ;
INSERT INTO Hosts(Hostname) VALUES ('PM-PROPRC002.pa.pref') ON CONFLICT(Hostname) DO UPDATE SET Hostname = EXCLUDED.Hostname ;
INSERT INTO Networking(Hostname, IP, Gateway, Description, Index, DHCP) VALUES ('PM-PROPRC002.pa.pref', '192.168.12.137', '192.168.12.1', 'Intel(R) Ethernet Connection (7) I219-V', '1', 'True') ON CONFLICT(Hostname) DO UPDATE SET Hostname = EXCLUDED.Hostname, IP = EXCLUDED.IP, Gateway = EXCLUDED.Gateway, Description = EXCLUDED.Description, Index = EXCLUDED.Index, DHCP = EXCLUDED.DHCP ;
INSERT INTO Hosts(Hostname) VALUES ('PM-SURADM080.pa.pref') ON CONFLICT(Hostname) DO UPDATE SET Hostname = EXCLUDED.Hostname ;
INSERT INTO CPU(Hostname, Name, Caption, NOC, NOLP)VALUES('PM-SURADM080.pa.pref', 'Intel(R) Core(TM) i3-10100 CPU @ 3.60GHz', 'Intel64 Family 6 Model 165 Stepping 3', '4', '8') ON CONFLICT(Hostname) DO UPDATE SET Hostname = EXCLUDED.Hostname, Name = EXCLUDED.Name, Caption = EXCLUDED.Caption, NOC = EXCLUDED.NOC, NOLP = EXCLUDED.NOLP ;
INSERT INTO Hosts(Hostname) VALUES ('PM-SURADM080.pa.pref') ON CONFLICT(Hostname) DO UPDATE SET Hostname = EXCLUDED.Hostname ;
INSERT INTO OS(Hostname, Caption, BuildNumber, Architecture, Description) VALUES('PM-SURADM080.pa.pref', 'Microsoft Windows 10 Pro', '19045', '64 bits', 'P-174575 A-910130472') ON CONFLICT(Hostname) DO UPDATE SET Hostname = EXCLUDED.Hostname, Caption = EXCLUDED.Caption, BuildNumber = EXCLUDED.BuildNumber, Architecture = EXCLUDED.Architecture, Description = EXCLUDED.Description ;
INSERT INTO Hosts(Hostname) VALUES ('PM-SURADM080.pa.pref') ON CONFLICT(Hostname) DO UPDATE SET Hostname = EXCLUDED.Hostname ;
INSERT INTO Networking(Hostname, IP, Gateway, Description, Index, DHCP) VALUES ('PM-SURADM080.pa.pref', '192.168.8.241', '192.168.8.1', 'Realtek PCIe GbE Family Controller', '1', 'True') ON CONFLICT(Hostname) DO UPDATE SET Hostname = EXCLUDED.Hostname, IP = EXCLUDED.IP, Gateway = EXCLUDED.Gateway, Description = EXCLUDED.Description, Index = EXCLUDED.Index, DHCP = EXCLUDED.DHCP ;
INSERT INTO Hosts(Hostname) VALUES ('PM-SECED20202.pa.pref') ON CONFLICT(Hostname) DO UPDATE SET Hostname = EXCLUDED.Hostname ;
INSERT INTO CPU(Hostname, Name, Caption, NOC, NOLP)VALUES('PM-SECED20202.pa.pref', 'Intel(R) Core(TM) i3-10100 CPU @ 3.60GHz', 'Intel64 Family 6 Model 165 Stepping 3', '4', '8') ON CONFLICT(Hostname) DO UPDATE SET Hostname = EXCLUDED.Hostname, Name = EXCLUDED.Name, Caption = EXCLUDED.Caption, NOC = EXCLUDED.NOC, NOLP = EXCLUDED.NOLP ;
INSERT INTO Hosts(Hostname) VALUES ('PM-SECED20202.pa.pref') ON CONFLICT(Hostname) DO UPDATE SET Hostname = EXCLUDED.Hostname ;
INSERT INTO OS(Hostname, Caption, BuildNumber, Architecture, Description) VALUES('PM-SECED20202.pa.pref', 'Microsoft Windows 10 Pro', '19045', '64 bits', 'P-174802 A-182454170') ON CONFLICT(Hostname) DO UPDATE SET Hostname = EXCLUDED.Hostname, Caption = EXCLUDED.Caption, BuildNumber = EXCLUDED.BuildNumber, Architecture = EXCLUDED.Architecture, Description = EXCLUDED.Description ;
INSERT INTO Hosts(Hostname) VALUES ('PM-SECED20202.pa.pref') ON CONFLICT(Hostname) DO UPDATE SET Hostname = EXCLUDED.Hostname ;
INSERT INTO Networking(Hostname, IP, Gateway, Description, Index, DHCP) VALUES ('PM-SECED20202.pa.pref', '192.168.15.64', '192.168.15.1', 'Realtek PCIe GbE Family Controller', '1', 'True') ON CONFLICT(Hostname) DO UPDATE SET Hostname = EXCLUDED.Hostname, IP = EXCLUDED.IP, Gateway = EXCLUDED.Gateway, Description = EXCLUDED.Description, Index = EXCLUDED.Index, DHCP = EXCLUDED.DHCP ;
INSERT INTO Hosts(Hostname) VALUES ('PM-SECADM001.pa.pref') ON CONFLICT(Hostname) DO UPDATE SET Hostname = EXCLUDED.Hostname ;
INSERT INTO CPU(Hostname, Name, Caption, NOC, NOLP)VALUES('PM-SECADM001.pa.pref', 'Intel(R) Core(TM) i5-3470 CPU @ 3.20GHz', 'x64 Family 6 Model 58 Stepping 9', '4', '4') ON CONFLICT(Hostname) DO UPDATE SET Hostname = EXCLUDED.Hostname, Name = EXCLUDED.Name, Caption = EXCLUDED.Caption, NOC = EXCLUDED.NOC, NOLP = EXCLUDED.NOLP ;
INSERT INTO Hosts(Hostname) VALUES ('PM-SECADM001.pa.pref') ON CONFLICT(Hostname) DO UPDATE SET Hostname = EXCLUDED.Hostname ;
INSERT INTO OS(Hostname, Caption, BuildNumber, Architecture, Description) VALUES('PM-SECADM001.pa.pref', 'Microsoft Windows 7 Professional ', '7600', '32-bit', NULL) ON CONFLICT(Hostname) DO UPDATE SET Hostname = EXCLUDED.Hostname, Caption = EXCLUDED.Caption, BuildNumber = EXCLUDED.BuildNumber, Architecture = EXCLUDED.Architecture, Description = EXCLUDED.Description ;
INSERT INTO Hosts(Hostname) VALUES ('PM-SECADM001.pa.pref') ON CONFLICT(Hostname) DO UPDATE SET Hostname = EXCLUDED.Hostname ;
INSERT INTO Networking(Hostname, IP, Gateway, Description, Index, DHCP) VALUES ('PM-SECADM001.pa.pref', '192.168.9.208', '192.168.9.1', 'Intel(R) 82579LM Gigabit Network Connection', '7', 'True') ON CONFLICT(Hostname) DO UPDATE SET Hostname = EXCLUDED.Hostname, IP = EXCLUDED.IP, Gateway = EXCLUDED.Gateway, Description = EXCLUDED.Description, Index = EXCLUDED.Index, DHCP = EXCLUDED.DHCP ;
INSERT INTO Hosts(Hostname) VALUES ('PM-SSAUS26024.pa.pref') ON CONFLICT(Hostname) DO UPDATE SET Hostname = EXCLUDED.Hostname ;
INSERT INTO CPU(Hostname, Name, Caption, NOC, NOLP)VALUES('PM-SSAUS26024.pa.pref', 'Intel(R) Core(TM) i3-9100 CPU @ 3.60GHz', 'Intel64 Family 6 Model 158 Stepping 11', '4', '4') ON CONFLICT(Hostname) DO UPDATE SET Hostname = EXCLUDED.Hostname, Name = EXCLUDED.Name, Caption = EXCLUDED.Caption, NOC = EXCLUDED.NOC, NOLP = EXCLUDED.NOLP ;
INSERT INTO Hosts(Hostname) VALUES ('PM-SSAUS26024.pa.pref') ON CONFLICT(Hostname) DO UPDATE SET Hostname = EXCLUDED.Hostname ;
INSERT INTO OS(Hostname, Caption, BuildNumber, Architecture, Description) VALUES('PM-SSAUS26024.pa.pref', 'Microsoft Windows 10 Pro', '19044', '64 bits', '150491') ON CONFLICT(Hostname) DO UPDATE SET Hostname = EXCLUDED.Hostname, Caption = EXCLUDED.Caption, BuildNumber = EXCLUDED.BuildNumber, Architecture = EXCLUDED.Architecture, Description = EXCLUDED.Description ;
INSERT INTO Hosts(Hostname) VALUES ('PM-SSAUS26024.pa.pref') ON CONFLICT(Hostname) DO UPDATE SET Hostname = EXCLUDED.Hostname ;
INSERT INTO Networking(Hostname, IP, Gateway, Description, Index, DHCP) VALUES ('PM-SSAUS26024.pa.pref', '192.168.102.100', '192.168.102.1', 'Intel(R) Ethernet Connection (7) I219-V', '1', 'True') ON CONFLICT(Hostname) DO UPDATE SET Hostname = EXCLUDED.Hostname, IP = EXCLUDED.IP, Gateway = EXCLUDED.Gateway, Description = EXCLUDED.Description, Index = EXCLUDED.Index, DHCP = EXCLUDED.DHCP ;
INSERT INTO Hosts(Hostname) VALUES ('PM-SSAUS06006.pa.pref') ON CONFLICT(Hostname) DO UPDATE SET Hostname = EXCLUDED.Hostname ;
INSERT INTO CPU(Hostname, Name, Caption, NOC, NOLP)VALUES('PM-SSAUS06006.pa.pref', 'AMD A10-9700 RADEON R7, 10 COMPUTE CORES 4C+6G ', 'AMD64 Family 21 Model 101 Stepping 1', '4', '4') ON CONFLICT(Hostname) DO UPDATE SET Hostname = EXCLUDED.Hostname, Name = EXCLUDED.Name, Caption = EXCLUDED.Caption, NOC = EXCLUDED.NOC, NOLP = EXCLUDED.NOLP ;
INSERT INTO Hosts(Hostname) VALUES ('PM-SSAUS06006.pa.pref') ON CONFLICT(Hostname) DO UPDATE SET Hostname = EXCLUDED.Hostname ;
INSERT INTO OS(Hostname, Caption, BuildNumber, Architecture, Description) VALUES('PM-SSAUS06006.pa.pref', 'Microsoft Windows 10 Pro', '19045', '64 bits', NULL) ON CONFLICT(Hostname) DO UPDATE SET Hostname = EXCLUDED.Hostname, Caption = EXCLUDED.Caption, BuildNumber = EXCLUDED.BuildNumber, Architecture = EXCLUDED.Architecture, Description = EXCLUDED.Description ;
INSERT INTO Hosts(Hostname) VALUES ('PM-SSAUS06006.pa.pref') ON CONFLICT(Hostname) DO UPDATE SET Hostname = EXCLUDED.Hostname ;
INSERT INTO Networking(Hostname, IP, Gateway, Description, Index, DHCP) VALUES ('PM-SSAUS06006.pa.pref', '192.168.170.210', '192.168.170.1', 'Realtek PCIe GBE Family Controller', '2', 'True') ON CONFLICT(Hostname) DO UPDATE SET Hostname = EXCLUDED.Hostname, IP = EXCLUDED.IP, Gateway = EXCLUDED.Gateway, Description = EXCLUDED.Description, Index = EXCLUDED.Index, DHCP = EXCLUDED.DHCP ;
INSERT INTO Hosts(Hostname) VALUES ('PM-STTADM028.pa.pref') ON CONFLICT(Hostname) DO UPDATE SET Hostname = EXCLUDED.Hostname ;
INSERT INTO CPU(Hostname, Name, Caption, NOC, NOLP)VALUES('PM-STTADM028.pa.pref', 'Intel(R) Core(TM) i3-10100 CPU @ 3.60GHz', 'Intel64 Family 6 Model 165 Stepping 3', '4', '8') ON CONFLICT(Hostname) DO UPDATE SET Hostname = EXCLUDED.Hostname, Name = EXCLUDED.Name, Caption = EXCLUDED.Caption, NOC = EXCLUDED.NOC, NOLP = EXCLUDED.NOLP ;
INSERT INTO Hosts(Hostname) VALUES ('PM-STTADM028.pa.pref') ON CONFLICT(Hostname) DO UPDATE SET Hostname = EXCLUDED.Hostname ;
INSERT INTO OS(Hostname, Caption, BuildNumber, Architecture, Description) VALUES('PM-STTADM028.pa.pref', 'Microsoft Windows 10 Pro', '19045', '64 bits', 'PM-STTADM028') ON CONFLICT(Hostname) DO UPDATE SET Hostname = EXCLUDED.Hostname, Caption = EXCLUDED.Caption, BuildNumber = EXCLUDED.BuildNumber, Architecture = EXCLUDED.Architecture, Description = EXCLUDED.Description ;
INSERT INTO Hosts(Hostname) VALUES ('PM-STTADM028.pa.pref') ON CONFLICT(Hostname) DO UPDATE SET Hostname = EXCLUDED.Hostname ;
INSERT INTO Networking(Hostname, IP, Gateway, Description, Index, DHCP) VALUES ('PM-STTADM028.pa.pref', '192.168.10.174', '192.168.10.1', 'Realtek PCIe GbE Family Controller', '1', 'True') ON CONFLICT(Hostname) DO UPDATE SET Hostname = EXCLUDED.Hostname, IP = EXCLUDED.IP, Gateway = EXCLUDED.Gateway, Description = EXCLUDED.Description, Index = EXCLUDED.Index, DHCP = EXCLUDED.DHCP ;
INSERT INTO Hosts(Hostname) VALUES ('PM-SEMETSSD01.pa.pref') ON CONFLICT(Hostname) DO UPDATE SET Hostname = EXCLUDED.Hostname ;
INSERT INTO CPU(Hostname, Name, Caption, NOC, NOLP)VALUES('PM-SEMETSSD01.pa.pref', 'Intel(R) Core(TM) i3-10100 CPU @ 3.60GHz', 'Intel64 Family 6 Model 165 Stepping 3', '4', '8') ON CONFLICT(Hostname) DO UPDATE SET Hostname = EXCLUDED.Hostname, Name = EXCLUDED.Name, Caption = EXCLUDED.Caption, NOC = EXCLUDED.NOC, NOLP = EXCLUDED.NOLP ;
INSERT INTO Hosts(Hostname) VALUES ('PM-SEMETSSD01.pa.pref') ON CONFLICT(Hostname) DO UPDATE SET Hostname = EXCLUDED.Hostname ;
INSERT INTO OS(Hostname, Caption, BuildNumber, Architecture, Description) VALUES('PM-SEMETSSD01.pa.pref', 'Microsoft Windows 10 Pro', '19045', '64 bits', 'P-174567 A-253433214') ON CONFLICT(Hostname) DO UPDATE SET Hostname = EXCLUDED.Hostname, Caption = EXCLUDED.Caption, BuildNumber = EXCLUDED.BuildNumber, Architecture = EXCLUDED.Architecture, Description = EXCLUDED.Description ;
INSERT INTO Hosts(Hostname) VALUES ('PM-SEMETSSD01.pa.pref') ON CONFLICT(Hostname) DO UPDATE SET Hostname = EXCLUDED.Hostname ;
INSERT INTO Networking(Hostname, IP, Gateway, Description, Index, DHCP) VALUES ('PM-SEMETSSD01.pa.pref', '192.168.10.166', '192.168.10.1', 'Realtek PCIe GbE Family Controller', '1', 'True') ON CONFLICT(Hostname) DO UPDATE SET Hostname = EXCLUDED.Hostname, IP = EXCLUDED.IP, Gateway = EXCLUDED.Gateway, Description = EXCLUDED.Description, Index = EXCLUDED.Index, DHCP = EXCLUDED.DHCP ;
INSERT INTO Hosts(Hostname) VALUES ('PM-SAFATE011.pa.pref') ON CONFLICT(Hostname) DO UPDATE SET Hostname = EXCLUDED.Hostname ;
INSERT INTO CPU(Hostname, Name, Caption, NOC, NOLP)VALUES('PM-SAFATE011.pa.pref', 'Intel(R) Core(TM) i3-7100 CPU @ 3.90GHz', 'Intel64 Family 6 Model 158 Stepping 9', '2', '4') ON CONFLICT(Hostname) DO UPDATE SET Hostname = EXCLUDED.Hostname, Name = EXCLUDED.Name, Caption = EXCLUDED.Caption, NOC = EXCLUDED.NOC, NOLP = EXCLUDED.NOLP ;
INSERT INTO Hosts(Hostname) VALUES ('PM-SAFATE011.pa.pref') ON CONFLICT(Hostname) DO UPDATE SET Hostname = EXCLUDED.Hostname ;
INSERT INTO OS(Hostname, Caption, BuildNumber, Architecture, Description) VALUES('PM-SAFATE011.pa.pref', 'Microsoft Windows 10 Pro', '19045', '64 bits', '123250') ON CONFLICT(Hostname) DO UPDATE SET Hostname = EXCLUDED.Hostname, Caption = EXCLUDED.Caption, BuildNumber = EXCLUDED.BuildNumber, Architecture = EXCLUDED.Architecture, Description = EXCLUDED.Description ;
INSERT INTO Hosts(Hostname) VALUES ('PM-SAFATE011.pa.pref') ON CONFLICT(Hostname) DO UPDATE SET Hostname = EXCLUDED.Hostname ;
INSERT INTO Networking(Hostname, IP, Gateway, Description, Index, DHCP) VALUES ('PM-SAFATE011.pa.pref', '192.168.253.184', '192.168.253.1', 'Realtek PCIe GBE Family Controller', '1', 'True') ON CONFLICT(Hostname) DO UPDATE SET Hostname = EXCLUDED.Hostname, IP = EXCLUDED.IP, Gateway = EXCLUDED.Gateway, Description = EXCLUDED.Description, Index = EXCLUDED.Index, DHCP = EXCLUDED.DHCP ;
INSERT INTO Hosts(Hostname) VALUES ('PM-SADADM030.pa.pref') ON CONFLICT(Hostname) DO UPDATE SET Hostname = EXCLUDED.Hostname ;
INSERT INTO CPU(Hostname, Name, Caption, NOC, NOLP)VALUES('PM-SADADM030.pa.pref', 'Intel(R) Core(TM) i3-10100 CPU @ 3.60GHz', 'Intel64 Family 6 Model 165 Stepping 3', '4', '8') ON CONFLICT(Hostname) DO UPDATE SET Hostname = EXCLUDED.Hostname, Name = EXCLUDED.Name, Caption = EXCLUDED.Caption, NOC = EXCLUDED.NOC, NOLP = EXCLUDED.NOLP ;
INSERT INTO Hosts(Hostname) VALUES ('PM-SADADM030.pa.pref') ON CONFLICT(Hostname) DO UPDATE SET Hostname = EXCLUDED.Hostname ;
INSERT INTO OS(Hostname, Caption, BuildNumber, Architecture, Description) VALUES('PM-SADADM030.pa.pref', 'Microsoft Windows 10 Pro', '19045', '64 bits', 'P-174797') ON CONFLICT(Hostname) DO UPDATE SET Hostname = EXCLUDED.Hostname, Caption = EXCLUDED.Caption, BuildNumber = EXCLUDED.BuildNumber, Architecture = EXCLUDED.Architecture, Description = EXCLUDED.Description ;
INSERT INTO Hosts(Hostname) VALUES ('PM-SADADM030.pa.pref') ON CONFLICT(Hostname) DO UPDATE SET Hostname = EXCLUDED.Hostname ;
INSERT INTO Networking(Hostname, IP, Gateway, Description, Index, DHCP) VALUES ('PM-SADADM030.pa.pref', '192.168.120.102', '192.168.120.1', 'Realtek PCIe GbE Family Controller', '1', 'False') ON CONFLICT(Hostname) DO UPDATE SET Hostname = EXCLUDED.Hostname, IP = EXCLUDED.IP, Gateway = EXCLUDED.Gateway, Description = EXCLUDED.Description, Index = EXCLUDED.Index, DHCP = EXCLUDED.DHCP ;
INSERT INTO Hosts(Hostname) VALUES ('PM-GABADM008.pa.pref') ON CONFLICT(Hostname) DO UPDATE SET Hostname = EXCLUDED.Hostname ;
INSERT INTO CPU(Hostname, Name, Caption, NOC, NOLP)VALUES('PM-GABADM008.pa.pref', NULL, NULL, NULL, NULL) ON CONFLICT(Hostname) DO UPDATE SET Hostname = EXCLUDED.Hostname, Name = EXCLUDED.Name, Caption = EXCLUDED.Caption, NOC = EXCLUDED.NOC, NOLP = EXCLUDED.NOLP ;
INSERT INTO Hosts(Hostname) VALUES ('PM-GABADM008.pa.pref') ON CONFLICT(Hostname) DO UPDATE SET Hostname = EXCLUDED.Hostname ;
INSERT INTO OS(Hostname, Caption, BuildNumber, Architecture, Description) VALUES('PM-GABADM008.pa.pref', NULL, NULL, NULL, NULL) ON CONFLICT(Hostname) DO UPDATE SET Hostname = EXCLUDED.Hostname, Caption = EXCLUDED.Caption, BuildNumber = EXCLUDED.BuildNumber, Architecture = EXCLUDED.Architecture, Description = EXCLUDED.Description ;
INSERT INTO Hosts(Hostname) VALUES ('PM-GABADM008.pa.pref') ON CONFLICT(Hostname) DO UPDATE SET Hostname = EXCLUDED.Hostname ;
INSERT INTO Networking(Hostname, IP, Gateway, Description, Index, DHCP) VALUES ('PM-GABADM008.pa.pref', NULL, NULL, NULL, NULL, NULL) ON CONFLICT(Hostname) DO UPDATE SET Hostname = EXCLUDED.Hostname, IP = EXCLUDED.IP, Gateway = EXCLUDED.Gateway, Description = EXCLUDED.Description, Index = EXCLUDED.Index, DHCP = EXCLUDED.DHCP ;
INSERT INTO Hosts(Hostname) VALUES ('PM-184487.pa.pref') ON CONFLICT(Hostname) DO UPDATE SET Hostname = EXCLUDED.Hostname ;
INSERT INTO CPU(Hostname, Name, Caption, NOC, NOLP)VALUES('PM-184487.pa.pref', '12th Gen Intel(R) Core(TM) i3-12100', 'Intel64 Family 6 Model 151 Stepping 5', '4', '8') ON CONFLICT(Hostname) DO UPDATE SET Hostname = EXCLUDED.Hostname, Name = EXCLUDED.Name, Caption = EXCLUDED.Caption, NOC = EXCLUDED.NOC, NOLP = EXCLUDED.NOLP ;
INSERT INTO Hosts(Hostname) VALUES ('PM-184487.pa.pref') ON CONFLICT(Hostname) DO UPDATE SET Hostname = EXCLUDED.Hostname ;
INSERT INTO OS(Hostname, Caption, BuildNumber, Architecture, Description) VALUES('PM-184487.pa.pref', 'Microsoft Windows 11 Pro', '22621', '64 bits', NULL) ON CONFLICT(Hostname) DO UPDATE SET Hostname = EXCLUDED.Hostname, Caption = EXCLUDED.Caption, BuildNumber = EXCLUDED.BuildNumber, Architecture = EXCLUDED.Architecture, Description = EXCLUDED.Description ;
INSERT INTO Hosts(Hostname) VALUES ('PM-184487.pa.pref') ON CONFLICT(Hostname) DO UPDATE SET Hostname = EXCLUDED.Hostname ;
INSERT INTO Networking(Hostname, IP, Gateway, Description, Index, DHCP) VALUES ('PM-184487.pa.pref', '192.168.32.156', '192.168.32.1', 'Realtek PCIe GbE Family Controller', '1', 'True') ON CONFLICT(Hostname) DO UPDATE SET Hostname = EXCLUDED.Hostname, IP = EXCLUDED.IP, Gateway = EXCLUDED.Gateway, Description = EXCLUDED.Description, Index = EXCLUDED.Index, DHCP = EXCLUDED.DHCP ;
INSERT INTO Hosts(Hostname) VALUES ('PM-STTADM054.pa.pref') ON CONFLICT(Hostname) DO UPDATE SET Hostname = EXCLUDED.Hostname ;
INSERT INTO CPU(Hostname, Name, Caption, NOC, NOLP)VALUES('PM-STTADM054.pa.pref', '12th Gen Intel(R) Core(TM) i3-12100', 'Intel64 Family 6 Model 151 Stepping 5', '4', '8') ON CONFLICT(Hostname) DO UPDATE SET Hostname = EXCLUDED.Hostname, Name = EXCLUDED.Name, Caption = EXCLUDED.Caption, NOC = EXCLUDED.NOC, NOLP = EXCLUDED.NOLP ;
INSERT INTO Hosts(Hostname) VALUES ('PM-STTADM054.pa.pref') ON CONFLICT(Hostname) DO UPDATE SET Hostname = EXCLUDED.Hostname ;
INSERT INTO OS(Hostname, Caption, BuildNumber, Architecture, Description) VALUES('PM-STTADM054.pa.pref', 'Microsoft Windows 11 Pro', '22621', '64 bits', NULL) ON CONFLICT(Hostname) DO UPDATE SET Hostname = EXCLUDED.Hostname, Caption = EXCLUDED.Caption, BuildNumber = EXCLUDED.BuildNumber, Architecture = EXCLUDED.Architecture, Description = EXCLUDED.Description ;
INSERT INTO Hosts(Hostname) VALUES ('PM-STTADM054.pa.pref') ON CONFLICT(Hostname) DO UPDATE SET Hostname = EXCLUDED.Hostname ;
INSERT INTO Networking(Hostname, IP, Gateway, Description, Index, DHCP) VALUES ('PM-STTADM054.pa.pref', '192.168.10.136', '192.168.10.1', 'Realtek PCIe GbE Family Controller', '1', 'True') ON CONFLICT(Hostname) DO UPDATE SET Hostname = EXCLUDED.Hostname, IP = EXCLUDED.IP, Gateway = EXCLUDED.Gateway, Description = EXCLUDED.Description, Index = EXCLUDED.Index, DHCP = EXCLUDED.DHCP ;
INSERT INTO Hosts(Hostname) VALUES ('PM-SAFATE008.pa.pref') ON CONFLICT(Hostname) DO UPDATE SET Hostname = EXCLUDED.Hostname ;
INSERT INTO CPU(Hostname, Name, Caption, NOC, NOLP)VALUES('PM-SAFATE008.pa.pref', 'Intel(R) Core(TM) i3-7100 CPU @ 3.90GHz', 'Intel64 Family 6 Model 158 Stepping 9', '2', '4') ON CONFLICT(Hostname) DO UPDATE SET Hostname = EXCLUDED.Hostname, Name = EXCLUDED.Name, Caption = EXCLUDED.Caption, NOC = EXCLUDED.NOC, NOLP = EXCLUDED.NOLP ;
INSERT INTO Hosts(Hostname) VALUES ('PM-SAFATE008.pa.pref') ON CONFLICT(Hostname) DO UPDATE SET Hostname = EXCLUDED.Hostname ;
INSERT INTO OS(Hostname, Caption, BuildNumber, Architecture, Description) VALUES('PM-SAFATE008.pa.pref', 'Microsoft Windows 10 Pro', '19045', '64 bits', '132140') ON CONFLICT(Hostname) DO UPDATE SET Hostname = EXCLUDED.Hostname, Caption = EXCLUDED.Caption, BuildNumber = EXCLUDED.BuildNumber, Architecture = EXCLUDED.Architecture, Description = EXCLUDED.Description ;
INSERT INTO Hosts(Hostname) VALUES ('PM-SAFATE008.pa.pref') ON CONFLICT(Hostname) DO UPDATE SET Hostname = EXCLUDED.Hostname ;
INSERT INTO Networking(Hostname, IP, Gateway, Description, Index, DHCP) VALUES ('PM-SAFATE008.pa.pref', '192.168.253.155', '192.168.253.1', 'Realtek PCIe GBE Family Controller', '1', 'True') ON CONFLICT(Hostname) DO UPDATE SET Hostname = EXCLUDED.Hostname, IP = EXCLUDED.IP, Gateway = EXCLUDED.Gateway, Description = EXCLUDED.Description, Index = EXCLUDED.Index, DHCP = EXCLUDED.DHCP ;
INSERT INTO Hosts(Hostname) VALUES ('PM-SECED06010.pa.pref') ON CONFLICT(Hostname) DO UPDATE SET Hostname = EXCLUDED.Hostname ;
INSERT INTO CPU(Hostname, Name, Caption, NOC, NOLP)VALUES('PM-SECED06010.pa.pref', 'Intel(R) Core(TM) i3-10100 CPU @ 3.60GHz', 'Intel64 Family 6 Model 165 Stepping 3', '4', '8') ON CONFLICT(Hostname) DO UPDATE SET Hostname = EXCLUDED.Hostname, Name = EXCLUDED.Name, Caption = EXCLUDED.Caption, NOC = EXCLUDED.NOC, NOLP = EXCLUDED.NOLP ;
INSERT INTO Hosts(Hostname) VALUES ('PM-SECED06010.pa.pref') ON CONFLICT(Hostname) DO UPDATE SET Hostname = EXCLUDED.Hostname ;
INSERT INTO OS(Hostname, Caption, BuildNumber, Architecture, Description) VALUES('PM-SECED06010.pa.pref', 'Microsoft Windows 10 Pro', '19045', '64 bits', 'P-174770 A-421414649') ON CONFLICT(Hostname) DO UPDATE SET Hostname = EXCLUDED.Hostname, Caption = EXCLUDED.Caption, BuildNumber = EXCLUDED.BuildNumber, Architecture = EXCLUDED.Architecture, Description = EXCLUDED.Description ;
INSERT INTO Hosts(Hostname) VALUES ('PM-SECED06010.pa.pref') ON CONFLICT(Hostname) DO UPDATE SET Hostname = EXCLUDED.Hostname ;
INSERT INTO Networking(Hostname, IP, Gateway, Description, Index, DHCP) VALUES ('PM-SECED06010.pa.pref', '192.168.175.71', '192.168.175.1', 'Realtek PCIe GbE Family Controller', '1', 'True') ON CONFLICT(Hostname) DO UPDATE SET Hostname = EXCLUDED.Hostname, IP = EXCLUDED.IP, Gateway = EXCLUDED.Gateway, Description = EXCLUDED.Description, Index = EXCLUDED.Index, DHCP = EXCLUDED.DHCP ;
INSERT INTO Hosts(Hostname) VALUES ('PM-SSAATD017.pa.pref') ON CONFLICT(Hostname) DO UPDATE SET Hostname = EXCLUDED.Hostname ;
INSERT INTO CPU(Hostname, Name, Caption, NOC, NOLP)VALUES('PM-SSAATD017.pa.pref', 'Intel(R) Core(TM) i3-2120 CPU @ 3.30GHz', 'Intel64 Family 6 Model 42 Stepping 7', '2', '4') ON CONFLICT(Hostname) DO UPDATE SET Hostname = EXCLUDED.Hostname, Name = EXCLUDED.Name, Caption = EXCLUDED.Caption, NOC = EXCLUDED.NOC, NOLP = EXCLUDED.NOLP ;
INSERT INTO Hosts(Hostname) VALUES ('PM-SSAATD017.pa.pref') ON CONFLICT(Hostname) DO UPDATE SET Hostname = EXCLUDED.Hostname ;
INSERT INTO OS(Hostname, Caption, BuildNumber, Architecture, Description) VALUES('PM-SSAATD017.pa.pref', 'Microsoft Windows 10 Pro', '19045', '64 bits', 'P-95597 A-838364316') ON CONFLICT(Hostname) DO UPDATE SET Hostname = EXCLUDED.Hostname, Caption = EXCLUDED.Caption, BuildNumber = EXCLUDED.BuildNumber, Architecture = EXCLUDED.Architecture, Description = EXCLUDED.Description ;
INSERT INTO Hosts(Hostname) VALUES ('PM-SSAATD017.pa.pref') ON CONFLICT(Hostname) DO UPDATE SET Hostname = EXCLUDED.Hostname ;
INSERT INTO Networking(Hostname, IP, Gateway, Description, Index, DHCP) VALUES ('PM-SSAATD017.pa.pref', '192.168.11.198', '192.168.11.1', 'Realtek PCIe GbE Family Controller', '1', 'True') ON CONFLICT(Hostname) DO UPDATE SET Hostname = EXCLUDED.Hostname, IP = EXCLUDED.IP, Gateway = EXCLUDED.Gateway, Description = EXCLUDED.Description, Index = EXCLUDED.Index, DHCP = EXCLUDED.DHCP ;
INSERT INTO Hosts(Hostname) VALUES ('PM-SSAHPMINI020.pa.pref') ON CONFLICT(Hostname) DO UPDATE SET Hostname = EXCLUDED.Hostname ;
INSERT INTO CPU(Hostname, Name, Caption, NOC, NOLP)VALUES('PM-SSAHPMINI020.pa.pref', 'AMD Ryzen 3 PRO 4350GE with Radeon Graphics', 'AMD64 Family 23 Model 96 Stepping 1', '4', '8') ON CONFLICT(Hostname) DO UPDATE SET Hostname = EXCLUDED.Hostname, Name = EXCLUDED.Name, Caption = EXCLUDED.Caption, NOC = EXCLUDED.NOC, NOLP = EXCLUDED.NOLP ;
INSERT INTO Hosts(Hostname) VALUES ('PM-SSAHPMINI020.pa.pref') ON CONFLICT(Hostname) DO UPDATE SET Hostname = EXCLUDED.Hostname ;
INSERT INTO OS(Hostname, Caption, BuildNumber, Architecture, Description) VALUES('PM-SSAHPMINI020.pa.pref', 'Microsoft Windows 10 Pro', '19045', '64 bits', 'P-169076 A-211869202') ON CONFLICT(Hostname) DO UPDATE SET Hostname = EXCLUDED.Hostname, Caption = EXCLUDED.Caption, BuildNumber = EXCLUDED.BuildNumber, Architecture = EXCLUDED.Architecture, Description = EXCLUDED.Description ;
INSERT INTO Hosts(Hostname) VALUES ('PM-SSAHPMINI020.pa.pref') ON CONFLICT(Hostname) DO UPDATE SET Hostname = EXCLUDED.Hostname ;
INSERT INTO Networking(Hostname, IP, Gateway, Description, Index, DHCP) VALUES ('PM-SSAHPMINI020.pa.pref', '192.168.136.126', '192.168.136.1', 'Realtek RTL8852AE WiFi 6 802.11ax PCIe Adapter', '1', 'True') ON CONFLICT(Hostname) DO UPDATE SET Hostname = EXCLUDED.Hostname, IP = EXCLUDED.IP, Gateway = EXCLUDED.Gateway, Description = EXCLUDED.Description, Index = EXCLUDED.Index, DHCP = EXCLUDED.DHCP ;
INSERT INTO Hosts(Hostname) VALUES ('PM-SSAUS09005.pa.pref') ON CONFLICT(Hostname) DO UPDATE SET Hostname = EXCLUDED.Hostname ;
INSERT INTO CPU(Hostname, Name, Caption, NOC, NOLP)VALUES('PM-SSAUS09005.pa.pref', 'AMD A10-9700 RADEON R7, 10 COMPUTE CORES 4C+6G ', 'AMD64 Family 21 Model 101 Stepping 1', '4', '4') ON CONFLICT(Hostname) DO UPDATE SET Hostname = EXCLUDED.Hostname, Name = EXCLUDED.Name, Caption = EXCLUDED.Caption, NOC = EXCLUDED.NOC, NOLP = EXCLUDED.NOLP ;
INSERT INTO Hosts(Hostname) VALUES ('PM-SSAUS09005.pa.pref') ON CONFLICT(Hostname) DO UPDATE SET Hostname = EXCLUDED.Hostname ;
INSERT INTO OS(Hostname, Caption, BuildNumber, Architecture, Description) VALUES('PM-SSAUS09005.pa.pref', 'Microsoft Windows 10 Pro', '19045', '64 bits', 'Patrimoinio 142322') ON CONFLICT(Hostname) DO UPDATE SET Hostname = EXCLUDED.Hostname, Caption = EXCLUDED.Caption, BuildNumber = EXCLUDED.BuildNumber, Architecture = EXCLUDED.Architecture, Description = EXCLUDED.Description ;
INSERT INTO Hosts(Hostname) VALUES ('PM-SSAUS09005.pa.pref') ON CONFLICT(Hostname) DO UPDATE SET Hostname = EXCLUDED.Hostname ;
INSERT INTO Networking(Hostname, IP, Gateway, Description, Index, DHCP) VALUES ('PM-SSAUS09005.pa.pref', '192.168.213.121', '192.168.213.1', 'Realtek PCIe GbE Family Controller', '2', 'True') ON CONFLICT(Hostname) DO UPDATE SET Hostname = EXCLUDED.Hostname, IP = EXCLUDED.IP, Gateway = EXCLUDED.Gateway, Description = EXCLUDED.Description, Index = EXCLUDED.Index, DHCP = EXCLUDED.DHCP ;
INSERT INTO Hosts(Hostname) VALUES ('PM-SPSCRA009.pa.pref') ON CONFLICT(Hostname) DO UPDATE SET Hostname = EXCLUDED.Hostname ;
INSERT INTO CPU(Hostname, Name, Caption, NOC, NOLP)VALUES('PM-SPSCRA009.pa.pref', 'Intel(R) Core(TM) i3-7100 CPU @ 3.90GHz', 'Intel64 Family 6 Model 158 Stepping 9', '2', '4') ON CONFLICT(Hostname) DO UPDATE SET Hostname = EXCLUDED.Hostname, Name = EXCLUDED.Name, Caption = EXCLUDED.Caption, NOC = EXCLUDED.NOC, NOLP = EXCLUDED.NOLP ;
INSERT INTO Hosts(Hostname) VALUES ('PM-SPSCRA009.pa.pref') ON CONFLICT(Hostname) DO UPDATE SET Hostname = EXCLUDED.Hostname ;
INSERT INTO OS(Hostname, Caption, BuildNumber, Architecture, Description) VALUES('PM-SPSCRA009.pa.pref', 'Microsoft Windows 10 Pro', '19045', '64 bits', 'Patrimonio 133572') ON CONFLICT(Hostname) DO UPDATE SET Hostname = EXCLUDED.Hostname, Caption = EXCLUDED.Caption, BuildNumber = EXCLUDED.BuildNumber, Architecture = EXCLUDED.Architecture, Description = EXCLUDED.Description ;
INSERT INTO Hosts(Hostname) VALUES ('PM-SPSCRA009.pa.pref') ON CONFLICT(Hostname) DO UPDATE SET Hostname = EXCLUDED.Hostname ;
INSERT INTO Networking(Hostname, IP, Gateway, Description, Index, DHCP) VALUES ('PM-SPSCRA009.pa.pref', '192.168.132.66', '192.168.132.1', 'Realtek PCIe GBE Family Controller', '1', 'True') ON CONFLICT(Hostname) DO UPDATE SET Hostname = EXCLUDED.Hostname, IP = EXCLUDED.IP, Gateway = EXCLUDED.Gateway, Description = EXCLUDED.Description, Index = EXCLUDED.Index, DHCP = EXCLUDED.DHCP ;
INSERT INTO Hosts(Hostname) VALUES ('PM-SSAU33006.pa.pref') ON CONFLICT(Hostname) DO UPDATE SET Hostname = EXCLUDED.Hostname ;
INSERT INTO CPU(Hostname, Name, Caption, NOC, NOLP)VALUES('PM-SSAU33006.pa.pref', 'Intel(R) Core(TM) i5-3470 CPU @ 3.20GHz', 'Intel64 Family 6 Model 58 Stepping 9', '4', '4') ON CONFLICT(Hostname) DO UPDATE SET Hostname = EXCLUDED.Hostname, Name = EXCLUDED.Name, Caption = EXCLUDED.Caption, NOC = EXCLUDED.NOC, NOLP = EXCLUDED.NOLP ;
INSERT INTO Hosts(Hostname) VALUES ('PM-SSAU33006.pa.pref') ON CONFLICT(Hostname) DO UPDATE SET Hostname = EXCLUDED.Hostname ;
INSERT INTO OS(Hostname, Caption, BuildNumber, Architecture, Description) VALUES('PM-SSAU33006.pa.pref', 'Microsoft Windows 10 Pro', '19044', '64 bits', NULL) ON CONFLICT(Hostname) DO UPDATE SET Hostname = EXCLUDED.Hostname, Caption = EXCLUDED.Caption, BuildNumber = EXCLUDED.BuildNumber, Architecture = EXCLUDED.Architecture, Description = EXCLUDED.Description ;
INSERT INTO Hosts(Hostname) VALUES ('PM-SSAU33006.pa.pref') ON CONFLICT(Hostname) DO UPDATE SET Hostname = EXCLUDED.Hostname ;
INSERT INTO Networking(Hostname, IP, Gateway, Description, Index, DHCP) VALUES ('PM-SSAU33006.pa.pref', '192.168.171.75', '192.168.171.1', 'Intel(R) 82579LM Gigabit Network Connection', '8', 'True') ON CONFLICT(Hostname) DO UPDATE SET Hostname = EXCLUDED.Hostname, IP = EXCLUDED.IP, Gateway = EXCLUDED.Gateway, Description = EXCLUDED.Description, Index = EXCLUDED.Index, DHCP = EXCLUDED.DHCP ;
INSERT INTO Hosts(Hostname) VALUES ('PM-183856.pa.pref') ON CONFLICT(Hostname) DO UPDATE SET Hostname = EXCLUDED.Hostname ;
INSERT INTO CPU(Hostname, Name, Caption, NOC, NOLP)VALUES('PM-183856.pa.pref', 'Intel(R) Core(TM) i5-3470 CPU @ 3.20GHz', 'Intel64 Family 6 Model 58 Stepping 9', '4', '4') ON CONFLICT(Hostname) DO UPDATE SET Hostname = EXCLUDED.Hostname, Name = EXCLUDED.Name, Caption = EXCLUDED.Caption, NOC = EXCLUDED.NOC, NOLP = EXCLUDED.NOLP ;
INSERT INTO Hosts(Hostname) VALUES ('PM-183856.pa.pref') ON CONFLICT(Hostname) DO UPDATE SET Hostname = EXCLUDED.Hostname ;
INSERT INTO OS(Hostname, Caption, BuildNumber, Architecture, Description) VALUES('PM-183856.pa.pref', 'Microsoft Windows 10 Pro', '19045', '64 bits', 'P-99874 A-251655538') ON CONFLICT(Hostname) DO UPDATE SET Hostname = EXCLUDED.Hostname, Caption = EXCLUDED.Caption, BuildNumber = EXCLUDED.BuildNumber, Architecture = EXCLUDED.Architecture, Description = EXCLUDED.Description ;
INSERT INTO Hosts(Hostname) VALUES ('PM-183856.pa.pref') ON CONFLICT(Hostname) DO UPDATE SET Hostname = EXCLUDED.Hostname ;
INSERT INTO Networking(Hostname, IP, Gateway, Description, Index, DHCP) VALUES ('PM-183856.pa.pref', '192.168.11.162', '192.168.11.1', 'Intel(R) 82579LM Gigabit Network Connection', '1', 'True') ON CONFLICT(Hostname) DO UPDATE SET Hostname = EXCLUDED.Hostname, IP = EXCLUDED.IP, Gateway = EXCLUDED.Gateway, Description = EXCLUDED.Description, Index = EXCLUDED.Index, DHCP = EXCLUDED.DHCP ;
INSERT INTO Hosts(Hostname) VALUES ('PM-SPSCRA022.pa.pref') ON CONFLICT(Hostname) DO UPDATE SET Hostname = EXCLUDED.Hostname ;
INSERT INTO CPU(Hostname, Name, Caption, NOC, NOLP)VALUES('PM-SPSCRA022.pa.pref', 'Intel(R) Core(TM) i3-7100 CPU @ 3.90GHz', 'Intel64 Family 6 Model 158 Stepping 9', '2', '4') ON CONFLICT(Hostname) DO UPDATE SET Hostname = EXCLUDED.Hostname, Name = EXCLUDED.Name, Caption = EXCLUDED.Caption, NOC = EXCLUDED.NOC, NOLP = EXCLUDED.NOLP ;
INSERT INTO Hosts(Hostname) VALUES ('PM-SPSCRA022.pa.pref') ON CONFLICT(Hostname) DO UPDATE SET Hostname = EXCLUDED.Hostname ;
INSERT INTO OS(Hostname, Caption, BuildNumber, Architecture, Description) VALUES('PM-SPSCRA022.pa.pref', 'Microsoft Windows 10 Pro', '19045', '64 bits', 'Patrimonio133582') ON CONFLICT(Hostname) DO UPDATE SET Hostname = EXCLUDED.Hostname, Caption = EXCLUDED.Caption, BuildNumber = EXCLUDED.BuildNumber, Architecture = EXCLUDED.Architecture, Description = EXCLUDED.Description ;
INSERT INTO Hosts(Hostname) VALUES ('PM-SPSCRA022.pa.pref') ON CONFLICT(Hostname) DO UPDATE SET Hostname = EXCLUDED.Hostname ;
INSERT INTO Networking(Hostname, IP, Gateway, Description, Index, DHCP) VALUES ('PM-SPSCRA022.pa.pref', '192.168.154.63', '192.168.154.1', 'Realtek PCIe GBE Family Controller', '1', 'True') ON CONFLICT(Hostname) DO UPDATE SET Hostname = EXCLUDED.Hostname, IP = EXCLUDED.IP, Gateway = EXCLUDED.Gateway, Description = EXCLUDED.Description, Index = EXCLUDED.Index, DHCP = EXCLUDED.DHCP ;
INSERT INTO Hosts(Hostname) VALUES ('PM-SSAUS18020.pa.pref') ON CONFLICT(Hostname) DO UPDATE SET Hostname = EXCLUDED.Hostname ;
INSERT INTO CPU(Hostname, Name, Caption, NOC, NOLP)VALUES('PM-SSAUS18020.pa.pref', 'Intel(R) Core(TM) i3-10100 CPU @ 3.60GHz', 'Intel64 Family 6 Model 165 Stepping 3', '4', '8') ON CONFLICT(Hostname) DO UPDATE SET Hostname = EXCLUDED.Hostname, Name = EXCLUDED.Name, Caption = EXCLUDED.Caption, NOC = EXCLUDED.NOC, NOLP = EXCLUDED.NOLP ;
INSERT INTO Hosts(Hostname) VALUES ('PM-SSAUS18020.pa.pref') ON CONFLICT(Hostname) DO UPDATE SET Hostname = EXCLUDED.Hostname ;
INSERT INTO OS(Hostname, Caption, BuildNumber, Architecture, Description) VALUES('PM-SSAUS18020.pa.pref', 'Microsoft Windows 10 Pro', '19044', '64 bits', 'P-175541 A-490851553') ON CONFLICT(Hostname) DO UPDATE SET Hostname = EXCLUDED.Hostname, Caption = EXCLUDED.Caption, BuildNumber = EXCLUDED.BuildNumber, Architecture = EXCLUDED.Architecture, Description = EXCLUDED.Description ;
INSERT INTO Hosts(Hostname) VALUES ('PM-SSAUS18020.pa.pref') ON CONFLICT(Hostname) DO UPDATE SET Hostname = EXCLUDED.Hostname ;
INSERT INTO Networking(Hostname, IP, Gateway, Description, Index, DHCP) VALUES ('PM-SSAUS18020.pa.pref', '192.168.41.223', '192.168.41.1', 'Realtek PCIe GbE Family Controller', '1', 'True') ON CONFLICT(Hostname) DO UPDATE SET Hostname = EXCLUDED.Hostname, IP = EXCLUDED.IP, Gateway = EXCLUDED.Gateway, Description = EXCLUDED.Description, Index = EXCLUDED.Index, DHCP = EXCLUDED.DHCP ;
INSERT INTO Hosts(Hostname) VALUES ('PM-NOTEINFO99.pa.pref') ON CONFLICT(Hostname) DO UPDATE SET Hostname = EXCLUDED.Hostname ;
INSERT INTO CPU(Hostname, Name, Caption, NOC, NOLP)VALUES('PM-NOTEINFO99.pa.pref', '11th Gen Intel(R) Core(TM) i5-1135G7 @ 2.40GHz', 'Intel64 Family 6 Model 140 Stepping 1', '4', '8') ON CONFLICT(Hostname) DO UPDATE SET Hostname = EXCLUDED.Hostname, Name = EXCLUDED.Name, Caption = EXCLUDED.Caption, NOC = EXCLUDED.NOC, NOLP = EXCLUDED.NOLP ;
INSERT INTO Hosts(Hostname) VALUES ('PM-NOTEINFO99.pa.pref') ON CONFLICT(Hostname) DO UPDATE SET Hostname = EXCLUDED.Hostname ;
INSERT INTO OS(Hostname, Caption, BuildNumber, Architecture, Description) VALUES('PM-NOTEINFO99.pa.pref', 'Microsoft Windows 11 Pro', '22621', '64 bits', NULL) ON CONFLICT(Hostname) DO UPDATE SET Hostname = EXCLUDED.Hostname, Caption = EXCLUDED.Caption, BuildNumber = EXCLUDED.BuildNumber, Architecture = EXCLUDED.Architecture, Description = EXCLUDED.Description ;
INSERT INTO Hosts(Hostname) VALUES ('PM-NOTEINFO99.pa.pref') ON CONFLICT(Hostname) DO UPDATE SET Hostname = EXCLUDED.Hostname ;
INSERT INTO Networking(Hostname, IP, Gateway, Description, Index, DHCP) VALUES ('PM-NOTEINFO99.pa.pref', '192.168.8.236', '192.168.8.1', 'Intel(R) Wireless-AC 9462', '1', 'True') ON CONFLICT(Hostname) DO UPDATE SET Hostname = EXCLUDED.Hostname, IP = EXCLUDED.IP, Gateway = EXCLUDED.Gateway, Description = EXCLUDED.Description, Index = EXCLUDED.Index, DHCP = EXCLUDED.DHCP ;
INSERT INTO Hosts(Hostname) VALUES ('PM-SAFTES02.pa.pref') ON CONFLICT(Hostname) DO UPDATE SET Hostname = EXCLUDED.Hostname ;
INSERT INTO CPU(Hostname, Name, Caption, NOC, NOLP)VALUES('PM-SAFTES02.pa.pref', '12th Gen Intel(R) Core(TM) i3-12100', 'Intel64 Family 6 Model 151 Stepping 5', '4', '8') ON CONFLICT(Hostname) DO UPDATE SET Hostname = EXCLUDED.Hostname, Name = EXCLUDED.Name, Caption = EXCLUDED.Caption, NOC = EXCLUDED.NOC, NOLP = EXCLUDED.NOLP ;
INSERT INTO Hosts(Hostname) VALUES ('PM-SAFTES02.pa.pref') ON CONFLICT(Hostname) DO UPDATE SET Hostname = EXCLUDED.Hostname ;
INSERT INTO OS(Hostname, Caption, BuildNumber, Architecture, Description) VALUES('PM-SAFTES02.pa.pref', 'Microsoft Windows 11 Pro', '22621', '64 bits', NULL) ON CONFLICT(Hostname) DO UPDATE SET Hostname = EXCLUDED.Hostname, Caption = EXCLUDED.Caption, BuildNumber = EXCLUDED.BuildNumber, Architecture = EXCLUDED.Architecture, Description = EXCLUDED.Description ;
INSERT INTO Hosts(Hostname) VALUES ('PM-SAFTES02.pa.pref') ON CONFLICT(Hostname) DO UPDATE SET Hostname = EXCLUDED.Hostname ;
INSERT INTO Networking(Hostname, IP, Gateway, Description, Index, DHCP) VALUES ('PM-SAFTES02.pa.pref', '192.168.253.168', '192.168.253.1', 'Realtek PCIe GbE Family Controller', '1', 'True') ON CONFLICT(Hostname) DO UPDATE SET Hostname = EXCLUDED.Hostname, IP = EXCLUDED.IP, Gateway = EXCLUDED.Gateway, Description = EXCLUDED.Description, Index = EXCLUDED.Index, DHCP = EXCLUDED.DHCP ;
INSERT INTO Hosts(Hostname) VALUES ('PM-SSAATB011.pa.pref') ON CONFLICT(Hostname) DO UPDATE SET Hostname = EXCLUDED.Hostname ;
INSERT INTO CPU(Hostname, Name, Caption, NOC, NOLP)VALUES('PM-SSAATB011.pa.pref', 'AMD Ryzen 3 PRO 4350GE with Radeon Graphics', 'AMD64 Family 23 Model 96 Stepping 1', '4', '8') ON CONFLICT(Hostname) DO UPDATE SET Hostname = EXCLUDED.Hostname, Name = EXCLUDED.Name, Caption = EXCLUDED.Caption, NOC = EXCLUDED.NOC, NOLP = EXCLUDED.NOLP ;
INSERT INTO Hosts(Hostname) VALUES ('PM-SSAATB011.pa.pref') ON CONFLICT(Hostname) DO UPDATE SET Hostname = EXCLUDED.Hostname ;
INSERT INTO OS(Hostname, Caption, BuildNumber, Architecture, Description) VALUES('PM-SSAATB011.pa.pref', 'Microsoft Windows 10 Pro', '19045', '64 bits', 'P-169103 A-167304874') ON CONFLICT(Hostname) DO UPDATE SET Hostname = EXCLUDED.Hostname, Caption = EXCLUDED.Caption, BuildNumber = EXCLUDED.BuildNumber, Architecture = EXCLUDED.Architecture, Description = EXCLUDED.Description ;
INSERT INTO Hosts(Hostname) VALUES ('PM-SSAATB011.pa.pref') ON CONFLICT(Hostname) DO UPDATE SET Hostname = EXCLUDED.Hostname ;
INSERT INTO Networking(Hostname, IP, Gateway, Description, Index, DHCP) VALUES ('PM-SSAATB011.pa.pref', '192.168.11.119', '192.168.11.1', 'Realtek PCIe GbE Family Controller', '1', 'True') ON CONFLICT(Hostname) DO UPDATE SET Hostname = EXCLUDED.Hostname, IP = EXCLUDED.IP, Gateway = EXCLUDED.Gateway, Description = EXCLUDED.Description, Index = EXCLUDED.Index, DHCP = EXCLUDED.DHCP ;
INSERT INTO Hosts(Hostname) VALUES ('PM-SECPED031.pa.pref') ON CONFLICT(Hostname) DO UPDATE SET Hostname = EXCLUDED.Hostname ;
INSERT INTO CPU(Hostname, Name, Caption, NOC, NOLP)VALUES('PM-SECPED031.pa.pref', 'AMD A10-9700 RADEON R7, 10 COMPUTE CORES 4C+6G ', 'AMD64 Family 21 Model 101 Stepping 1', '4', '4') ON CONFLICT(Hostname) DO UPDATE SET Hostname = EXCLUDED.Hostname, Name = EXCLUDED.Name, Caption = EXCLUDED.Caption, NOC = EXCLUDED.NOC, NOLP = EXCLUDED.NOLP ;
INSERT INTO Hosts(Hostname) VALUES ('PM-SECPED031.pa.pref') ON CONFLICT(Hostname) DO UPDATE SET Hostname = EXCLUDED.Hostname ;
INSERT INTO OS(Hostname, Caption, BuildNumber, Architecture, Description) VALUES('PM-SECPED031.pa.pref', 'Microsoft Windows 10 Pro', '19045', '64 bits', 'PM-SECPED031') ON CONFLICT(Hostname) DO UPDATE SET Hostname = EXCLUDED.Hostname, Caption = EXCLUDED.Caption, BuildNumber = EXCLUDED.BuildNumber, Architecture = EXCLUDED.Architecture, Description = EXCLUDED.Description ;
INSERT INTO Hosts(Hostname) VALUES ('PM-SECPED031.pa.pref') ON CONFLICT(Hostname) DO UPDATE SET Hostname = EXCLUDED.Hostname ;
INSERT INTO Networking(Hostname, IP, Gateway, Description, Index, DHCP) VALUES ('PM-SECPED031.pa.pref', '192.168.9.193', '192.168.9.1', 'Realtek PCIe GbE Family Controller #2', '13', 'True') ON CONFLICT(Hostname) DO UPDATE SET Hostname = EXCLUDED.Hostname, IP = EXCLUDED.IP, Gateway = EXCLUDED.Gateway, Description = EXCLUDED.Description, Index = EXCLUDED.Index, DHCP = EXCLUDED.DHCP ;
INSERT INTO Hosts(Hostname) VALUES ('PM-SSAUS20008.pa.pref') ON CONFLICT(Hostname) DO UPDATE SET Hostname = EXCLUDED.Hostname ;
INSERT INTO CPU(Hostname, Name, Caption, NOC, NOLP)VALUES('PM-SSAUS20008.pa.pref', 'Intel(R) Core(TM) i5-3470 CPU @ 3.20GHz', 'Intel64 Family 6 Model 58 Stepping 9', '4', '4') ON CONFLICT(Hostname) DO UPDATE SET Hostname = EXCLUDED.Hostname, Name = EXCLUDED.Name, Caption = EXCLUDED.Caption, NOC = EXCLUDED.NOC, NOLP = EXCLUDED.NOLP ;
INSERT INTO Hosts(Hostname) VALUES ('PM-SSAUS20008.pa.pref') ON CONFLICT(Hostname) DO UPDATE SET Hostname = EXCLUDED.Hostname ;
INSERT INTO OS(Hostname, Caption, BuildNumber, Architecture, Description) VALUES('PM-SSAUS20008.pa.pref', 'Microsoft Windows 10 Pro', '19045', '64 bits', 'Patrimônio 99888') ON CONFLICT(Hostname) DO UPDATE SET Hostname = EXCLUDED.Hostname, Caption = EXCLUDED.Caption, BuildNumber = EXCLUDED.BuildNumber, Architecture = EXCLUDED.Architecture, Description = EXCLUDED.Description ;
INSERT INTO Hosts(Hostname) VALUES ('PM-SSAUS20008.pa.pref') ON CONFLICT(Hostname) DO UPDATE SET Hostname = EXCLUDED.Hostname ;
INSERT INTO Networking(Hostname, IP, Gateway, Description, Index, DHCP) VALUES ('PM-SSAUS20008.pa.pref', '192.168.100.63', '192.168.100.1', 'Intel(R) 82579LM Gigabit Network Connection', '1', 'False') ON CONFLICT(Hostname) DO UPDATE SET Hostname = EXCLUDED.Hostname, IP = EXCLUDED.IP, Gateway = EXCLUDED.Gateway, Description = EXCLUDED.Description, Index = EXCLUDED.Index, DHCP = EXCLUDED.DHCP ;
INSERT INTO Hosts(Hostname) VALUES ('PM-SSAHPMINI056.pa.pref') ON CONFLICT(Hostname) DO UPDATE SET Hostname = EXCLUDED.Hostname ;
INSERT INTO CPU(Hostname, Name, Caption, NOC, NOLP)VALUES('PM-SSAHPMINI056.pa.pref', 'AMD Ryzen 3 PRO 4350GE with Radeon Graphics', 'AMD64 Family 23 Model 96 Stepping 1', '4', '8') ON CONFLICT(Hostname) DO UPDATE SET Hostname = EXCLUDED.Hostname, Name = EXCLUDED.Name, Caption = EXCLUDED.Caption, NOC = EXCLUDED.NOC, NOLP = EXCLUDED.NOLP ;
INSERT INTO Hosts(Hostname) VALUES ('PM-SSAHPMINI056.pa.pref') ON CONFLICT(Hostname) DO UPDATE SET Hostname = EXCLUDED.Hostname ;
INSERT INTO OS(Hostname, Caption, BuildNumber, Architecture, Description) VALUES('PM-SSAHPMINI056.pa.pref', 'Microsoft Windows 10 Pro', '19045', '64 bits', 'P-169090 A-985822886') ON CONFLICT(Hostname) DO UPDATE SET Hostname = EXCLUDED.Hostname, Caption = EXCLUDED.Caption, BuildNumber = EXCLUDED.BuildNumber, Architecture = EXCLUDED.Architecture, Description = EXCLUDED.Description ;
INSERT INTO Hosts(Hostname) VALUES ('PM-SSAHPMINI056.pa.pref') ON CONFLICT(Hostname) DO UPDATE SET Hostname = EXCLUDED.Hostname ;
INSERT INTO Networking(Hostname, IP, Gateway, Description, Index, DHCP) VALUES ('PM-SSAHPMINI056.pa.pref', '192.168.11.117', '192.168.11.1', 'Realtek PCIe GbE Family Controller', '1', 'True') ON CONFLICT(Hostname) DO UPDATE SET Hostname = EXCLUDED.Hostname, IP = EXCLUDED.IP, Gateway = EXCLUDED.Gateway, Description = EXCLUDED.Description, Index = EXCLUDED.Index, DHCP = EXCLUDED.DHCP ;
INSERT INTO Hosts(Hostname) VALUES ('PM-SSAHPMINI089.pa.pref') ON CONFLICT(Hostname) DO UPDATE SET Hostname = EXCLUDED.Hostname ;
INSERT INTO CPU(Hostname, Name, Caption, NOC, NOLP)VALUES('PM-SSAHPMINI089.pa.pref', 'AMD Ryzen 3 PRO 4350GE with Radeon Graphics', 'AMD64 Family 23 Model 96 Stepping 1', '4', '8') ON CONFLICT(Hostname) DO UPDATE SET Hostname = EXCLUDED.Hostname, Name = EXCLUDED.Name, Caption = EXCLUDED.Caption, NOC = EXCLUDED.NOC, NOLP = EXCLUDED.NOLP ;
INSERT INTO Hosts(Hostname) VALUES ('PM-SSAHPMINI089.pa.pref') ON CONFLICT(Hostname) DO UPDATE SET Hostname = EXCLUDED.Hostname ;
INSERT INTO OS(Hostname, Caption, BuildNumber, Architecture, Description) VALUES('PM-SSAHPMINI089.pa.pref', 'Microsoft Windows 10 Pro', '19045', '64 bits', 'P-169034 A-936585122') ON CONFLICT(Hostname) DO UPDATE SET Hostname = EXCLUDED.Hostname, Caption = EXCLUDED.Caption, BuildNumber = EXCLUDED.BuildNumber, Architecture = EXCLUDED.Architecture, Description = EXCLUDED.Description ;
INSERT INTO Hosts(Hostname) VALUES ('PM-SSAHPMINI089.pa.pref') ON CONFLICT(Hostname) DO UPDATE SET Hostname = EXCLUDED.Hostname ;
INSERT INTO Networking(Hostname, IP, Gateway, Description, Index, DHCP) VALUES ('PM-SSAHPMINI089.pa.pref', '192.168.147.124', '192.168.147.1', 'Realtek PCIe GbE Family Controller', '3', 'True') ON CONFLICT(Hostname) DO UPDATE SET Hostname = EXCLUDED.Hostname, IP = EXCLUDED.IP, Gateway = EXCLUDED.Gateway, Description = EXCLUDED.Description, Index = EXCLUDED.Index, DHCP = EXCLUDED.DHCP ;
INSERT INTO Hosts(Hostname) VALUES ('PM-SIOADM018.pa.pref') ON CONFLICT(Hostname) DO UPDATE SET Hostname = EXCLUDED.Hostname ;
INSERT INTO CPU(Hostname, Name, Caption, NOC, NOLP)VALUES('PM-SIOADM018.pa.pref', 'Intel(R) Core(TM) i5-3470 CPU @ 3.20GHz', 'Intel64 Family 6 Model 58 Stepping 9', '4', '4') ON CONFLICT(Hostname) DO UPDATE SET Hostname = EXCLUDED.Hostname, Name = EXCLUDED.Name, Caption = EXCLUDED.Caption, NOC = EXCLUDED.NOC, NOLP = EXCLUDED.NOLP ;
INSERT INTO Hosts(Hostname) VALUES ('PM-SIOADM018.pa.pref') ON CONFLICT(Hostname) DO UPDATE SET Hostname = EXCLUDED.Hostname ;
INSERT INTO OS(Hostname, Caption, BuildNumber, Architecture, Description) VALUES('PM-SIOADM018.pa.pref', 'Microsoft Windows 10 Pro', '19045', '64 bits', 'Patrimônio 102107') ON CONFLICT(Hostname) DO UPDATE SET Hostname = EXCLUDED.Hostname, Caption = EXCLUDED.Caption, BuildNumber = EXCLUDED.BuildNumber, Architecture = EXCLUDED.Architecture, Description = EXCLUDED.Description ;
INSERT INTO Hosts(Hostname) VALUES ('PM-SIOADM018.pa.pref') ON CONFLICT(Hostname) DO UPDATE SET Hostname = EXCLUDED.Hostname ;
INSERT INTO Networking(Hostname, IP, Gateway, Description, Index, DHCP) VALUES ('PM-SIOADM018.pa.pref', '192.168.230.247', '192.168.230.1', 'Intel(R) 82579LM Gigabit Network Connection', '9', 'True') ON CONFLICT(Hostname) DO UPDATE SET Hostname = EXCLUDED.Hostname, IP = EXCLUDED.IP, Gateway = EXCLUDED.Gateway, Description = EXCLUDED.Description, Index = EXCLUDED.Index, DHCP = EXCLUDED.DHCP ;
INSERT INTO Hosts(Hostname) VALUES ('PM-SUPFIN999.pa.pref') ON CONFLICT(Hostname) DO UPDATE SET Hostname = EXCLUDED.Hostname ;
INSERT INTO CPU(Hostname, Name, Caption, NOC, NOLP)VALUES('PM-SUPFIN999.pa.pref', '12th Gen Intel(R) Core(TM) i3-12100', 'Intel64 Family 6 Model 151 Stepping 5', '4', '8') ON CONFLICT(Hostname) DO UPDATE SET Hostname = EXCLUDED.Hostname, Name = EXCLUDED.Name, Caption = EXCLUDED.Caption, NOC = EXCLUDED.NOC, NOLP = EXCLUDED.NOLP ;
INSERT INTO Hosts(Hostname) VALUES ('PM-SUPFIN999.pa.pref') ON CONFLICT(Hostname) DO UPDATE SET Hostname = EXCLUDED.Hostname ;
INSERT INTO OS(Hostname, Caption, BuildNumber, Architecture, Description) VALUES('PM-SUPFIN999.pa.pref', 'Microsoft Windows 11 Pro', '22621', '64 bits', NULL) ON CONFLICT(Hostname) DO UPDATE SET Hostname = EXCLUDED.Hostname, Caption = EXCLUDED.Caption, BuildNumber = EXCLUDED.BuildNumber, Architecture = EXCLUDED.Architecture, Description = EXCLUDED.Description ;
INSERT INTO Hosts(Hostname) VALUES ('PM-SUPFIN999.pa.pref') ON CONFLICT(Hostname) DO UPDATE SET Hostname = EXCLUDED.Hostname ;
INSERT INTO Networking(Hostname, IP, Gateway, Description, Index, DHCP) VALUES ('PM-SUPFIN999.pa.pref', '192.168.253.131', '192.168.253.1', 'Realtek PCIe GbE Family Controller', '1', 'True') ON CONFLICT(Hostname) DO UPDATE SET Hostname = EXCLUDED.Hostname, IP = EXCLUDED.IP, Gateway = EXCLUDED.Gateway, Description = EXCLUDED.Description, Index = EXCLUDED.Index, DHCP = EXCLUDED.DHCP ;
INSERT INTO Hosts(Hostname) VALUES ('PM-SSAUS028.pa.pref') ON CONFLICT(Hostname) DO UPDATE SET Hostname = EXCLUDED.Hostname ;
INSERT INTO CPU(Hostname, Name, Caption, NOC, NOLP)VALUES('PM-SSAUS028.pa.pref', 'AMD A10-9700 RADEON R7, 10 COMPUTE CORES 4C+6G ', 'AMD64 Family 21 Model 101 Stepping 1', '4', '4') ON CONFLICT(Hostname) DO UPDATE SET Hostname = EXCLUDED.Hostname, Name = EXCLUDED.Name, Caption = EXCLUDED.Caption, NOC = EXCLUDED.NOC, NOLP = EXCLUDED.NOLP ;
INSERT INTO Hosts(Hostname) VALUES ('PM-SSAUS028.pa.pref') ON CONFLICT(Hostname) DO UPDATE SET Hostname = EXCLUDED.Hostname ;
INSERT INTO OS(Hostname, Caption, BuildNumber, Architecture, Description) VALUES('PM-SSAUS028.pa.pref', 'Microsoft Windows 10 Pro', '19045', '64 bits', NULL) ON CONFLICT(Hostname) DO UPDATE SET Hostname = EXCLUDED.Hostname, Caption = EXCLUDED.Caption, BuildNumber = EXCLUDED.BuildNumber, Architecture = EXCLUDED.Architecture, Description = EXCLUDED.Description ;
INSERT INTO Hosts(Hostname) VALUES ('PM-SSAUS028.pa.pref') ON CONFLICT(Hostname) DO UPDATE SET Hostname = EXCLUDED.Hostname ;
INSERT INTO Networking(Hostname, IP, Gateway, Description, Index, DHCP) VALUES ('PM-SSAUS028.pa.pref', '192.168.118.61', '192.168.118.1', 'TP-Link Wireless N PCI Express Adapter', '2', 'True') ON CONFLICT(Hostname) DO UPDATE SET Hostname = EXCLUDED.Hostname, IP = EXCLUDED.IP, Gateway = EXCLUDED.Gateway, Description = EXCLUDED.Description, Index = EXCLUDED.Index, DHCP = EXCLUDED.DHCP ;
INSERT INTO Hosts(Hostname) VALUES ('PM-SAFATE013.pa.pref') ON CONFLICT(Hostname) DO UPDATE SET Hostname = EXCLUDED.Hostname ;
INSERT INTO CPU(Hostname, Name, Caption, NOC, NOLP)VALUES('PM-SAFATE013.pa.pref', 'Intel(R) Core(TM) i3-7100 CPU @ 3.90GHz', 'Intel64 Family 6 Model 158 Stepping 9', '2', '4') ON CONFLICT(Hostname) DO UPDATE SET Hostname = EXCLUDED.Hostname, Name = EXCLUDED.Name, Caption = EXCLUDED.Caption, NOC = EXCLUDED.NOC, NOLP = EXCLUDED.NOLP ;
INSERT INTO Hosts(Hostname) VALUES ('PM-SAFATE013.pa.pref') ON CONFLICT(Hostname) DO UPDATE SET Hostname = EXCLUDED.Hostname ;
INSERT INTO OS(Hostname, Caption, BuildNumber, Architecture, Description) VALUES('PM-SAFATE013.pa.pref', 'Microsoft Windows 10 Pro', '19043', '64 bits', NULL) ON CONFLICT(Hostname) DO UPDATE SET Hostname = EXCLUDED.Hostname, Caption = EXCLUDED.Caption, BuildNumber = EXCLUDED.BuildNumber, Architecture = EXCLUDED.Architecture, Description = EXCLUDED.Description ;
INSERT INTO Hosts(Hostname) VALUES ('PM-SAFATE013.pa.pref') ON CONFLICT(Hostname) DO UPDATE SET Hostname = EXCLUDED.Hostname ;
INSERT INTO Networking(Hostname, IP, Gateway, Description, Index, DHCP) VALUES ('PM-SAFATE013.pa.pref', '192.168.253.130', '192.168.253.1', 'Realtek PCIe GBE Family Controller', '1', 'True') ON CONFLICT(Hostname) DO UPDATE SET Hostname = EXCLUDED.Hostname, IP = EXCLUDED.IP, Gateway = EXCLUDED.Gateway, Description = EXCLUDED.Description, Index = EXCLUDED.Index, DHCP = EXCLUDED.DHCP ;
INSERT INTO Hosts(Hostname) VALUES ('PM-SSAREG020.pa.pref') ON CONFLICT(Hostname) DO UPDATE SET Hostname = EXCLUDED.Hostname ;
INSERT INTO CPU(Hostname, Name, Caption, NOC, NOLP)VALUES('PM-SSAREG020.pa.pref', 'Intel(R) Core(TM) i5-3470 CPU @ 3.20GHz', 'Intel64 Family 6 Model 58 Stepping 9', '4', '4') ON CONFLICT(Hostname) DO UPDATE SET Hostname = EXCLUDED.Hostname, Name = EXCLUDED.Name, Caption = EXCLUDED.Caption, NOC = EXCLUDED.NOC, NOLP = EXCLUDED.NOLP ;
INSERT INTO Hosts(Hostname) VALUES ('PM-SSAREG020.pa.pref') ON CONFLICT(Hostname) DO UPDATE SET Hostname = EXCLUDED.Hostname ;
INSERT INTO OS(Hostname, Caption, BuildNumber, Architecture, Description) VALUES('PM-SSAREG020.pa.pref', 'Microsoft Windows 7 Professional ', '7601', '64-bit', 'Patrimônio 99983') ON CONFLICT(Hostname) DO UPDATE SET Hostname = EXCLUDED.Hostname, Caption = EXCLUDED.Caption, BuildNumber = EXCLUDED.BuildNumber, Architecture = EXCLUDED.Architecture, Description = EXCLUDED.Description ;
INSERT INTO Hosts(Hostname) VALUES ('PM-SSAREG020.pa.pref') ON CONFLICT(Hostname) DO UPDATE SET Hostname = EXCLUDED.Hostname ;
INSERT INTO Networking(Hostname, IP, Gateway, Description, Index, DHCP) VALUES ('PM-SSAREG020.pa.pref', '192.168.11.133', '192.168.11.1', 'Intel(R) 82579LM Gigabit Network Connection', '7', 'True') ON CONFLICT(Hostname) DO UPDATE SET Hostname = EXCLUDED.Hostname, IP = EXCLUDED.IP, Gateway = EXCLUDED.Gateway, Description = EXCLUDED.Description, Index = EXCLUDED.Index, DHCP = EXCLUDED.DHCP ;
INSERT INTO Hosts(Hostname) VALUES ('PM-SSAUS27005.pa.pref') ON CONFLICT(Hostname) DO UPDATE SET Hostname = EXCLUDED.Hostname ;
INSERT INTO CPU(Hostname, Name, Caption, NOC, NOLP)VALUES('PM-SSAUS27005.pa.pref', 'Intel(R) Core(TM) i5-3470 CPU @ 3.20GHz', 'Intel64 Family 6 Model 58 Stepping 9', '4', '4') ON CONFLICT(Hostname) DO UPDATE SET Hostname = EXCLUDED.Hostname, Name = EXCLUDED.Name, Caption = EXCLUDED.Caption, NOC = EXCLUDED.NOC, NOLP = EXCLUDED.NOLP ;
INSERT INTO Hosts(Hostname) VALUES ('PM-SSAUS27005.pa.pref') ON CONFLICT(Hostname) DO UPDATE SET Hostname = EXCLUDED.Hostname ;
INSERT INTO OS(Hostname, Caption, BuildNumber, Architecture, Description) VALUES('PM-SSAUS27005.pa.pref', 'Microsoft Windows 7 Professional ', '7601', '64-bit', '99896') ON CONFLICT(Hostname) DO UPDATE SET Hostname = EXCLUDED.Hostname, Caption = EXCLUDED.Caption, BuildNumber = EXCLUDED.BuildNumber, Architecture = EXCLUDED.Architecture, Description = EXCLUDED.Description ;
INSERT INTO Hosts(Hostname) VALUES ('PM-SSAUS27005.pa.pref') ON CONFLICT(Hostname) DO UPDATE SET Hostname = EXCLUDED.Hostname ;
INSERT INTO Networking(Hostname, IP, Gateway, Description, Index, DHCP) VALUES ('PM-SSAUS27005.pa.pref', '192.168.222.37', '192.168.222.1', 'Intel(R) 82579LM Gigabit Network Connection', '7', 'True') ON CONFLICT(Hostname) DO UPDATE SET Hostname = EXCLUDED.Hostname, IP = EXCLUDED.IP, Gateway = EXCLUDED.Gateway, Description = EXCLUDED.Description, Index = EXCLUDED.Index, DHCP = EXCLUDED.DHCP ;
INSERT INTO Hosts(Hostname) VALUES ('PM-SPSCRA039.pa.pref') ON CONFLICT(Hostname) DO UPDATE SET Hostname = EXCLUDED.Hostname ;
INSERT INTO CPU(Hostname, Name, Caption, NOC, NOLP)VALUES('PM-SPSCRA039.pa.pref', 'Intel(R) Core(TM) i3-9100 CPU @ 3.60GHz', 'Intel64 Family 6 Model 158 Stepping 11', '4', '4') ON CONFLICT(Hostname) DO UPDATE SET Hostname = EXCLUDED.Hostname, Name = EXCLUDED.Name, Caption = EXCLUDED.Caption, NOC = EXCLUDED.NOC, NOLP = EXCLUDED.NOLP ;
INSERT INTO Hosts(Hostname) VALUES ('PM-SPSCRA039.pa.pref') ON CONFLICT(Hostname) DO UPDATE SET Hostname = EXCLUDED.Hostname ;
INSERT INTO OS(Hostname, Caption, BuildNumber, Architecture, Description) VALUES('PM-SPSCRA039.pa.pref', 'Microsoft Windows 10 Pro', '19045', '64 bits', 'Patrimonio 150505') ON CONFLICT(Hostname) DO UPDATE SET Hostname = EXCLUDED.Hostname, Caption = EXCLUDED.Caption, BuildNumber = EXCLUDED.BuildNumber, Architecture = EXCLUDED.Architecture, Description = EXCLUDED.Description ;
INSERT INTO Hosts(Hostname) VALUES ('PM-SPSCRA039.pa.pref') ON CONFLICT(Hostname) DO UPDATE SET Hostname = EXCLUDED.Hostname ;
INSERT INTO Networking(Hostname, IP, Gateway, Description, Index, DHCP) VALUES ('PM-SPSCRA039.pa.pref', '192.168.154.60', '192.168.154.1', 'Intel(R) Ethernet Connection (7) I219-V', '1', 'True') ON CONFLICT(Hostname) DO UPDATE SET Hostname = EXCLUDED.Hostname, IP = EXCLUDED.IP, Gateway = EXCLUDED.Gateway, Description = EXCLUDED.Description, Index = EXCLUDED.Index, DHCP = EXCLUDED.DHCP ;
INSERT INTO Hosts(Hostname) VALUES ('PM-SECED36005.pa.pref') ON CONFLICT(Hostname) DO UPDATE SET Hostname = EXCLUDED.Hostname ;
INSERT INTO CPU(Hostname, Name, Caption, NOC, NOLP)VALUES('PM-SECED36005.pa.pref', 'Intel(R) Core(TM) i3-3220 CPU @ 3.30GHz', 'x64 Family 6 Model 58 Stepping 9', '2', '4') ON CONFLICT(Hostname) DO UPDATE SET Hostname = EXCLUDED.Hostname, Name = EXCLUDED.Name, Caption = EXCLUDED.Caption, NOC = EXCLUDED.NOC, NOLP = EXCLUDED.NOLP ;
INSERT INTO Hosts(Hostname) VALUES ('PM-SECED36005.pa.pref') ON CONFLICT(Hostname) DO UPDATE SET Hostname = EXCLUDED.Hostname ;
INSERT INTO OS(Hostname, Caption, BuildNumber, Architecture, Description) VALUES('PM-SECED36005.pa.pref', 'Microsoft Windows 7 Professional ', '7600', '32-bit', 'P-0 A-192730127') ON CONFLICT(Hostname) DO UPDATE SET Hostname = EXCLUDED.Hostname, Caption = EXCLUDED.Caption, BuildNumber = EXCLUDED.BuildNumber, Architecture = EXCLUDED.Architecture, Description = EXCLUDED.Description ;
INSERT INTO Hosts(Hostname) VALUES ('PM-SECED36005.pa.pref') ON CONFLICT(Hostname) DO UPDATE SET Hostname = EXCLUDED.Hostname ;
INSERT INTO Networking(Hostname, IP, Gateway, Description, Index, DHCP) VALUES ('PM-SECED36005.pa.pref', NULL, NULL, NULL, NULL, NULL) ON CONFLICT(Hostname) DO UPDATE SET Hostname = EXCLUDED.Hostname, IP = EXCLUDED.IP, Gateway = EXCLUDED.Gateway, Description = EXCLUDED.Description, Index = EXCLUDED.Index, DHCP = EXCLUDED.DHCP ;
INSERT INTO Hosts(Hostname) VALUES ('PM-184466.pa.pref') ON CONFLICT(Hostname) DO UPDATE SET Hostname = EXCLUDED.Hostname ;
INSERT INTO CPU(Hostname, Name, Caption, NOC, NOLP)VALUES('PM-184466.pa.pref', '12th Gen Intel(R) Core(TM) i3-12100', 'Intel64 Family 6 Model 151 Stepping 5', '4', '8') ON CONFLICT(Hostname) DO UPDATE SET Hostname = EXCLUDED.Hostname, Name = EXCLUDED.Name, Caption = EXCLUDED.Caption, NOC = EXCLUDED.NOC, NOLP = EXCLUDED.NOLP ;
INSERT INTO Hosts(Hostname) VALUES ('PM-184466.pa.pref') ON CONFLICT(Hostname) DO UPDATE SET Hostname = EXCLUDED.Hostname ;
INSERT INTO OS(Hostname, Caption, BuildNumber, Architecture, Description) VALUES('PM-184466.pa.pref', 'Microsoft Windows 11 Pro', '22621', '64 bits', NULL) ON CONFLICT(Hostname) DO UPDATE SET Hostname = EXCLUDED.Hostname, Caption = EXCLUDED.Caption, BuildNumber = EXCLUDED.BuildNumber, Architecture = EXCLUDED.Architecture, Description = EXCLUDED.Description ;
INSERT INTO Hosts(Hostname) VALUES ('PM-184466.pa.pref') ON CONFLICT(Hostname) DO UPDATE SET Hostname = EXCLUDED.Hostname ;
INSERT INTO Networking(Hostname, IP, Gateway, Description, Index, DHCP) VALUES ('PM-184466.pa.pref', '192.168.11.69', '192.168.11.1', 'Realtek PCIe GbE Family Controller', '1', 'True') ON CONFLICT(Hostname) DO UPDATE SET Hostname = EXCLUDED.Hostname, IP = EXCLUDED.IP, Gateway = EXCLUDED.Gateway, Description = EXCLUDED.Description, Index = EXCLUDED.Index, DHCP = EXCLUDED.DHCP ;
INSERT INTO Hosts(Hostname) VALUES ('PM-PROADM036.pa.pref') ON CONFLICT(Hostname) DO UPDATE SET Hostname = EXCLUDED.Hostname ;
INSERT INTO CPU(Hostname, Name, Caption, NOC, NOLP)VALUES('PM-PROADM036.pa.pref', 'Intel(R) Core(TM) i3-9100 CPU @ 3.60GHz', 'Intel64 Family 6 Model 158 Stepping 11', '4', '4') ON CONFLICT(Hostname) DO UPDATE SET Hostname = EXCLUDED.Hostname, Name = EXCLUDED.Name, Caption = EXCLUDED.Caption, NOC = EXCLUDED.NOC, NOLP = EXCLUDED.NOLP ;
INSERT INTO Hosts(Hostname) VALUES ('PM-PROADM036.pa.pref') ON CONFLICT(Hostname) DO UPDATE SET Hostname = EXCLUDED.Hostname ;
INSERT INTO OS(Hostname, Caption, BuildNumber, Architecture, Description) VALUES('PM-PROADM036.pa.pref', 'Microsoft Windows 10 Pro', '19043', '64 bits', 'Patrimonio 148094') ON CONFLICT(Hostname) DO UPDATE SET Hostname = EXCLUDED.Hostname, Caption = EXCLUDED.Caption, BuildNumber = EXCLUDED.BuildNumber, Architecture = EXCLUDED.Architecture, Description = EXCLUDED.Description ;
INSERT INTO Hosts(Hostname) VALUES ('PM-PROADM036.pa.pref') ON CONFLICT(Hostname) DO UPDATE SET Hostname = EXCLUDED.Hostname ;
INSERT INTO Networking(Hostname, IP, Gateway, Description, Index, DHCP) VALUES ('PM-PROADM036.pa.pref', '192.168.12.143', '192.168.12.1', 'Intel(R) Ethernet Connection (7) I219-V', '1', 'True') ON CONFLICT(Hostname) DO UPDATE SET Hostname = EXCLUDED.Hostname, IP = EXCLUDED.IP, Gateway = EXCLUDED.Gateway, Description = EXCLUDED.Description, Index = EXCLUDED.Index, DHCP = EXCLUDED.DHCP ;
INSERT INTO Hosts(Hostname) VALUES ('PM-SECED27007.pa.pref') ON CONFLICT(Hostname) DO UPDATE SET Hostname = EXCLUDED.Hostname ;
INSERT INTO CPU(Hostname, Name, Caption, NOC, NOLP)VALUES('PM-SECED27007.pa.pref', 'Pentium(R) Dual-Core  CPU      E6700  @ 3.20GHz', 'Intel64 Family 6 Model 23 Stepping 10', '2', '2') ON CONFLICT(Hostname) DO UPDATE SET Hostname = EXCLUDED.Hostname, Name = EXCLUDED.Name, Caption = EXCLUDED.Caption, NOC = EXCLUDED.NOC, NOLP = EXCLUDED.NOLP ;
INSERT INTO Hosts(Hostname) VALUES ('PM-SECED27007.pa.pref') ON CONFLICT(Hostname) DO UPDATE SET Hostname = EXCLUDED.Hostname ;
INSERT INTO OS(Hostname, Caption, BuildNumber, Architecture, Description) VALUES('PM-SECED27007.pa.pref', 'Microsoft Windows 7 Professional ', '7601', '64-bit', 'Patrimonio  s/p') ON CONFLICT(Hostname) DO UPDATE SET Hostname = EXCLUDED.Hostname, Caption = EXCLUDED.Caption, BuildNumber = EXCLUDED.BuildNumber, Architecture = EXCLUDED.Architecture, Description = EXCLUDED.Description ;
INSERT INTO Hosts(Hostname) VALUES ('PM-SECED27007.pa.pref') ON CONFLICT(Hostname) DO UPDATE SET Hostname = EXCLUDED.Hostname ;
INSERT INTO Networking(Hostname, IP, Gateway, Description, Index, DHCP) VALUES ('PM-SECED27007.pa.pref', '192.168.9.191', '192.168.9.1', 'Atheros AR8132 PCI-E Fast Ethernet Controller (NDIS 6.20)', '7', 'True') ON CONFLICT(Hostname) DO UPDATE SET Hostname = EXCLUDED.Hostname, IP = EXCLUDED.IP, Gateway = EXCLUDED.Gateway, Description = EXCLUDED.Description, Index = EXCLUDED.Index, DHCP = EXCLUDED.DHCP ;
INSERT INTO Hosts(Hostname) VALUES ('PM-SECED26012.pa.pref') ON CONFLICT(Hostname) DO UPDATE SET Hostname = EXCLUDED.Hostname ;
INSERT INTO CPU(Hostname, Name, Caption, NOC, NOLP)VALUES('PM-SECED26012.pa.pref', 'Intel(R) Core(TM) i3-10100 CPU @ 3.60GHz', 'Intel64 Family 6 Model 165 Stepping 3', '4', '8') ON CONFLICT(Hostname) DO UPDATE SET Hostname = EXCLUDED.Hostname, Name = EXCLUDED.Name, Caption = EXCLUDED.Caption, NOC = EXCLUDED.NOC, NOLP = EXCLUDED.NOLP ;
INSERT INTO Hosts(Hostname) VALUES ('PM-SECED26012.pa.pref') ON CONFLICT(Hostname) DO UPDATE SET Hostname = EXCLUDED.Hostname ;
INSERT INTO OS(Hostname, Caption, BuildNumber, Architecture, Description) VALUES('PM-SECED26012.pa.pref', 'Microsoft Windows 10 Pro', '19045', '64 bits', 'P-174813 A-174242352') ON CONFLICT(Hostname) DO UPDATE SET Hostname = EXCLUDED.Hostname, Caption = EXCLUDED.Caption, BuildNumber = EXCLUDED.BuildNumber, Architecture = EXCLUDED.Architecture, Description = EXCLUDED.Description ;
INSERT INTO Hosts(Hostname) VALUES ('PM-SECED26012.pa.pref') ON CONFLICT(Hostname) DO UPDATE SET Hostname = EXCLUDED.Hostname ;
INSERT INTO Networking(Hostname, IP, Gateway, Description, Index, DHCP) VALUES ('PM-SECED26012.pa.pref', '192.168.105.116', '192.168.105.1', 'Realtek PCIe GbE Family Controller', '1', 'True') ON CONFLICT(Hostname) DO UPDATE SET Hostname = EXCLUDED.Hostname, IP = EXCLUDED.IP, Gateway = EXCLUDED.Gateway, Description = EXCLUDED.Description, Index = EXCLUDED.Index, DHCP = EXCLUDED.DHCP ;
INSERT INTO Hosts(Hostname) VALUES ('PM-SSAUS18012.pa.pref') ON CONFLICT(Hostname) DO UPDATE SET Hostname = EXCLUDED.Hostname ;
INSERT INTO CPU(Hostname, Name, Caption, NOC, NOLP)VALUES('PM-SSAUS18012.pa.pref', 'AMD A10-9700 RADEON R7, 10 COMPUTE CORES 4C+6G ', 'AMD64 Family 21 Model 101 Stepping 1', '4', '4') ON CONFLICT(Hostname) DO UPDATE SET Hostname = EXCLUDED.Hostname, Name = EXCLUDED.Name, Caption = EXCLUDED.Caption, NOC = EXCLUDED.NOC, NOLP = EXCLUDED.NOLP ;
INSERT INTO Hosts(Hostname) VALUES ('PM-SSAUS18012.pa.pref') ON CONFLICT(Hostname) DO UPDATE SET Hostname = EXCLUDED.Hostname ;
INSERT INTO OS(Hostname, Caption, BuildNumber, Architecture, Description) VALUES('PM-SSAUS18012.pa.pref', 'Microsoft Windows 10 Pro', '19045', '64 bits', 'Patrimonio 144753') ON CONFLICT(Hostname) DO UPDATE SET Hostname = EXCLUDED.Hostname, Caption = EXCLUDED.Caption, BuildNumber = EXCLUDED.BuildNumber, Architecture = EXCLUDED.Architecture, Description = EXCLUDED.Description ;
INSERT INTO Hosts(Hostname) VALUES ('PM-SSAUS18012.pa.pref') ON CONFLICT(Hostname) DO UPDATE SET Hostname = EXCLUDED.Hostname ;
INSERT INTO Networking(Hostname, IP, Gateway, Description, Index, DHCP) VALUES ('PM-SSAUS18012.pa.pref', '192.168.41.215', '192.168.41.1', 'TP-Link Wireless N PCI Express Adapter', '2', 'True') ON CONFLICT(Hostname) DO UPDATE SET Hostname = EXCLUDED.Hostname, IP = EXCLUDED.IP, Gateway = EXCLUDED.Gateway, Description = EXCLUDED.Description, Index = EXCLUDED.Index, DHCP = EXCLUDED.DHCP ;
INSERT INTO Hosts(Hostname) VALUES ('PM-ASCADM015.pa.pref') ON CONFLICT(Hostname) DO UPDATE SET Hostname = EXCLUDED.Hostname ;
INSERT INTO CPU(Hostname, Name, Caption, NOC, NOLP)VALUES('PM-ASCADM015.pa.pref', '12th Gen Intel(R) Core(TM) i3-12100', 'Intel64 Family 6 Model 151 Stepping 5', '4', '8') ON CONFLICT(Hostname) DO UPDATE SET Hostname = EXCLUDED.Hostname, Name = EXCLUDED.Name, Caption = EXCLUDED.Caption, NOC = EXCLUDED.NOC, NOLP = EXCLUDED.NOLP ;
INSERT INTO Hosts(Hostname) VALUES ('PM-ASCADM015.pa.pref') ON CONFLICT(Hostname) DO UPDATE SET Hostname = EXCLUDED.Hostname ;
INSERT INTO OS(Hostname, Caption, BuildNumber, Architecture, Description) VALUES('PM-ASCADM015.pa.pref', 'Microsoft Windows 11 Pro', '22621', '64 bits', NULL) ON CONFLICT(Hostname) DO UPDATE SET Hostname = EXCLUDED.Hostname, Caption = EXCLUDED.Caption, BuildNumber = EXCLUDED.BuildNumber, Architecture = EXCLUDED.Architecture, Description = EXCLUDED.Description ;
INSERT INTO Hosts(Hostname) VALUES ('PM-ASCADM015.pa.pref') ON CONFLICT(Hostname) DO UPDATE SET Hostname = EXCLUDED.Hostname ;
INSERT INTO Networking(Hostname, IP, Gateway, Description, Index, DHCP) VALUES ('PM-ASCADM015.pa.pref', '192.168.8.177', '192.168.8.1', 'Realtek PCIe GbE Family Controller', '1', 'True') ON CONFLICT(Hostname) DO UPDATE SET Hostname = EXCLUDED.Hostname, IP = EXCLUDED.IP, Gateway = EXCLUDED.Gateway, Description = EXCLUDED.Description, Index = EXCLUDED.Index, DHCP = EXCLUDED.DHCP ;
INSERT INTO Hosts(Hostname) VALUES ('PM-SIOADM024.pa.pref') ON CONFLICT(Hostname) DO UPDATE SET Hostname = EXCLUDED.Hostname ;
INSERT INTO CPU(Hostname, Name, Caption, NOC, NOLP)VALUES('PM-SIOADM024.pa.pref', 'Intel(R) Core(TM) i7-7700 CPU @ 3.60GHz', 'Intel64 Family 6 Model 158 Stepping 9', '4', '8') ON CONFLICT(Hostname) DO UPDATE SET Hostname = EXCLUDED.Hostname, Name = EXCLUDED.Name, Caption = EXCLUDED.Caption, NOC = EXCLUDED.NOC, NOLP = EXCLUDED.NOLP ;
INSERT INTO Hosts(Hostname) VALUES ('PM-SIOADM024.pa.pref') ON CONFLICT(Hostname) DO UPDATE SET Hostname = EXCLUDED.Hostname ;
INSERT INTO OS(Hostname, Caption, BuildNumber, Architecture, Description) VALUES('PM-SIOADM024.pa.pref', 'Microsoft Windows 10 Pro', '19044', '64 bits', NULL) ON CONFLICT(Hostname) DO UPDATE SET Hostname = EXCLUDED.Hostname, Caption = EXCLUDED.Caption, BuildNumber = EXCLUDED.BuildNumber, Architecture = EXCLUDED.Architecture, Description = EXCLUDED.Description ;
INSERT INTO Hosts(Hostname) VALUES ('PM-SIOADM024.pa.pref') ON CONFLICT(Hostname) DO UPDATE SET Hostname = EXCLUDED.Hostname ;
INSERT INTO Networking(Hostname, IP, Gateway, Description, Index, DHCP) VALUES ('PM-SIOADM024.pa.pref', '192.168.10.253', '192.168.10.1', 'Realtek PCIe GBE Family Controller', '1', 'True') ON CONFLICT(Hostname) DO UPDATE SET Hostname = EXCLUDED.Hostname, IP = EXCLUDED.IP, Gateway = EXCLUDED.Gateway, Description = EXCLUDED.Description, Index = EXCLUDED.Index, DHCP = EXCLUDED.DHCP ;
INSERT INTO Hosts(Hostname) VALUES ('PM-SSAUS15007.pa.pref') ON CONFLICT(Hostname) DO UPDATE SET Hostname = EXCLUDED.Hostname ;
INSERT INTO CPU(Hostname, Name, Caption, NOC, NOLP)VALUES('PM-SSAUS15007.pa.pref', 'Intel(R) Core(TM) i3-7100 CPU @ 3.90GHz', 'Intel64 Family 6 Model 158 Stepping 9', '2', '4') ON CONFLICT(Hostname) DO UPDATE SET Hostname = EXCLUDED.Hostname, Name = EXCLUDED.Name, Caption = EXCLUDED.Caption, NOC = EXCLUDED.NOC, NOLP = EXCLUDED.NOLP ;
INSERT INTO Hosts(Hostname) VALUES ('PM-SSAUS15007.pa.pref') ON CONFLICT(Hostname) DO UPDATE SET Hostname = EXCLUDED.Hostname ;
INSERT INTO OS(Hostname, Caption, BuildNumber, Architecture, Description) VALUES('PM-SSAUS15007.pa.pref', 'Microsoft Windows 10 Pro', '19045', '64 bits', 'Patrimonio 128193') ON CONFLICT(Hostname) DO UPDATE SET Hostname = EXCLUDED.Hostname, Caption = EXCLUDED.Caption, BuildNumber = EXCLUDED.BuildNumber, Architecture = EXCLUDED.Architecture, Description = EXCLUDED.Description ;
INSERT INTO Hosts(Hostname) VALUES ('PM-SSAUS15007.pa.pref') ON CONFLICT(Hostname) DO UPDATE SET Hostname = EXCLUDED.Hostname ;
INSERT INTO Networking(Hostname, IP, Gateway, Description, Index, DHCP) VALUES ('PM-SSAUS15007.pa.pref', '192.168.186.133', '192.168.186.1', 'Realtek PCIe GBE Family Controller', '1', 'True') ON CONFLICT(Hostname) DO UPDATE SET Hostname = EXCLUDED.Hostname, IP = EXCLUDED.IP, Gateway = EXCLUDED.Gateway, Description = EXCLUDED.Description, Index = EXCLUDED.Index, DHCP = EXCLUDED.DHCP ;
INSERT INTO Hosts(Hostname) VALUES ('PM-SAPDAG001.pa.pref') ON CONFLICT(Hostname) DO UPDATE SET Hostname = EXCLUDED.Hostname ;
INSERT INTO CPU(Hostname, Name, Caption, NOC, NOLP)VALUES('PM-SAPDAG001.pa.pref', 'Intel(R) Core(TM) i3-7100 CPU @ 3.90GHz', 'Intel64 Family 6 Model 158 Stepping 9', '2', '4') ON CONFLICT(Hostname) DO UPDATE SET Hostname = EXCLUDED.Hostname, Name = EXCLUDED.Name, Caption = EXCLUDED.Caption, NOC = EXCLUDED.NOC, NOLP = EXCLUDED.NOLP ;
INSERT INTO Hosts(Hostname) VALUES ('PM-SAPDAG001.pa.pref') ON CONFLICT(Hostname) DO UPDATE SET Hostname = EXCLUDED.Hostname ;
INSERT INTO OS(Hostname, Caption, BuildNumber, Architecture, Description) VALUES('PM-SAPDAG001.pa.pref', 'Microsoft Windows 10 Pro', '19045', '64 bits', 'Patrimonio 133544') ON CONFLICT(Hostname) DO UPDATE SET Hostname = EXCLUDED.Hostname, Caption = EXCLUDED.Caption, BuildNumber = EXCLUDED.BuildNumber, Architecture = EXCLUDED.Architecture, Description = EXCLUDED.Description ;
INSERT INTO Hosts(Hostname) VALUES ('PM-SAPDAG001.pa.pref') ON CONFLICT(Hostname) DO UPDATE SET Hostname = EXCLUDED.Hostname ;
INSERT INTO Networking(Hostname, IP, Gateway, Description, Index, DHCP) VALUES ('PM-SAPDAG001.pa.pref', '192.168.146.85', '192.168.146.1', 'Realtek PCIe GBE Family Controller', '1', 'True') ON CONFLICT(Hostname) DO UPDATE SET Hostname = EXCLUDED.Hostname, IP = EXCLUDED.IP, Gateway = EXCLUDED.Gateway, Description = EXCLUDED.Description, Index = EXCLUDED.Index, DHCP = EXCLUDED.DHCP ;
INSERT INTO Hosts(Hostname) VALUES ('PM-SECED27026.pa.pref') ON CONFLICT(Hostname) DO UPDATE SET Hostname = EXCLUDED.Hostname ;
INSERT INTO CPU(Hostname, Name, Caption, NOC, NOLP)VALUES('PM-SECED27026.pa.pref', 'Intel(R) Core(TM) i3-10100 CPU @ 3.60GHz', 'Intel64 Family 6 Model 165 Stepping 3', '4', '8') ON CONFLICT(Hostname) DO UPDATE SET Hostname = EXCLUDED.Hostname, Name = EXCLUDED.Name, Caption = EXCLUDED.Caption, NOC = EXCLUDED.NOC, NOLP = EXCLUDED.NOLP ;
INSERT INTO Hosts(Hostname) VALUES ('PM-SECED27026.pa.pref') ON CONFLICT(Hostname) DO UPDATE SET Hostname = EXCLUDED.Hostname ;
INSERT INTO OS(Hostname, Caption, BuildNumber, Architecture, Description) VALUES('PM-SECED27026.pa.pref', 'Microsoft Windows 10 Pro', '19045', '64 bits', 'P-174719 A-419986216') ON CONFLICT(Hostname) DO UPDATE SET Hostname = EXCLUDED.Hostname, Caption = EXCLUDED.Caption, BuildNumber = EXCLUDED.BuildNumber, Architecture = EXCLUDED.Architecture, Description = EXCLUDED.Description ;
INSERT INTO Hosts(Hostname) VALUES ('PM-SECED27026.pa.pref') ON CONFLICT(Hostname) DO UPDATE SET Hostname = EXCLUDED.Hostname ;
INSERT INTO Networking(Hostname, IP, Gateway, Description, Index, DHCP) VALUES ('PM-SECED27026.pa.pref', '192.168.110.183', '192.168.110.1', '802.11n USB Wireless LAN Card', '10', 'True') ON CONFLICT(Hostname) DO UPDATE SET Hostname = EXCLUDED.Hostname, IP = EXCLUDED.IP, Gateway = EXCLUDED.Gateway, Description = EXCLUDED.Description, Index = EXCLUDED.Index, DHCP = EXCLUDED.DHCP ;
INSERT INTO Hosts(Hostname) VALUES ('PM-NTM020.pa.pref') ON CONFLICT(Hostname) DO UPDATE SET Hostname = EXCLUDED.Hostname ;
INSERT INTO CPU(Hostname, Name, Caption, NOC, NOLP)VALUES('PM-NTM020.pa.pref', 'Intel(R) Pentium(R) Gold G5420 CPU @ 3.80GHz', 'Intel64 Family 6 Model 158 Stepping 10', '2', '4') ON CONFLICT(Hostname) DO UPDATE SET Hostname = EXCLUDED.Hostname, Name = EXCLUDED.Name, Caption = EXCLUDED.Caption, NOC = EXCLUDED.NOC, NOLP = EXCLUDED.NOLP ;
INSERT INTO Hosts(Hostname) VALUES ('PM-NTM020.pa.pref') ON CONFLICT(Hostname) DO UPDATE SET Hostname = EXCLUDED.Hostname ;
INSERT INTO OS(Hostname, Caption, BuildNumber, Architecture, Description) VALUES('PM-NTM020.pa.pref', 'Microsoft Windows 10 Pro', '19045', '64 bits', NULL) ON CONFLICT(Hostname) DO UPDATE SET Hostname = EXCLUDED.Hostname, Caption = EXCLUDED.Caption, BuildNumber = EXCLUDED.BuildNumber, Architecture = EXCLUDED.Architecture, Description = EXCLUDED.Description ;
INSERT INTO Hosts(Hostname) VALUES ('PM-NTM020.pa.pref') ON CONFLICT(Hostname) DO UPDATE SET Hostname = EXCLUDED.Hostname ;
INSERT INTO Networking(Hostname, IP, Gateway, Description, Index, DHCP) VALUES ('PM-NTM020.pa.pref', '192.168.9.222', '192.168.9.1', 'Realtek PCIe GBE Family Controller', '1', 'True') ON CONFLICT(Hostname) DO UPDATE SET Hostname = EXCLUDED.Hostname, IP = EXCLUDED.IP, Gateway = EXCLUDED.Gateway, Description = EXCLUDED.Description, Index = EXCLUDED.Index, DHCP = EXCLUDED.DHCP ;
INSERT INTO Hosts(Hostname) VALUES ('PM-SSAUS21002.pa.pref') ON CONFLICT(Hostname) DO UPDATE SET Hostname = EXCLUDED.Hostname ;
INSERT INTO CPU(Hostname, Name, Caption, NOC, NOLP)VALUES('PM-SSAUS21002.pa.pref', 'Intel(R) Core(TM) i5-3470 CPU @ 3.20GHz', 'Intel64 Family 6 Model 58 Stepping 9', '4', '4') ON CONFLICT(Hostname) DO UPDATE SET Hostname = EXCLUDED.Hostname, Name = EXCLUDED.Name, Caption = EXCLUDED.Caption, NOC = EXCLUDED.NOC, NOLP = EXCLUDED.NOLP ;
INSERT INTO Hosts(Hostname) VALUES ('PM-SSAUS21002.pa.pref') ON CONFLICT(Hostname) DO UPDATE SET Hostname = EXCLUDED.Hostname ;
INSERT INTO OS(Hostname, Caption, BuildNumber, Architecture, Description) VALUES('PM-SSAUS21002.pa.pref', 'Microsoft Windows 7 Professional ', '7601', '64-bit', '99832') ON CONFLICT(Hostname) DO UPDATE SET Hostname = EXCLUDED.Hostname, Caption = EXCLUDED.Caption, BuildNumber = EXCLUDED.BuildNumber, Architecture = EXCLUDED.Architecture, Description = EXCLUDED.Description ;
INSERT INTO Hosts(Hostname) VALUES ('PM-SSAUS21002.pa.pref') ON CONFLICT(Hostname) DO UPDATE SET Hostname = EXCLUDED.Hostname ;
INSERT INTO Networking(Hostname, IP, Gateway, Description, Index, DHCP) VALUES ('PM-SSAUS21002.pa.pref', '192.168.123.192', '192.168.123.1', 'Intel(R) 82579LM Gigabit Network Connection', '7', 'True') ON CONFLICT(Hostname) DO UPDATE SET Hostname = EXCLUDED.Hostname, IP = EXCLUDED.IP, Gateway = EXCLUDED.Gateway, Description = EXCLUDED.Description, Index = EXCLUDED.Index, DHCP = EXCLUDED.DHCP ;
INSERT INTO Hosts(Hostname) VALUES ('SSAVGS020.pa.pref') ON CONFLICT(Hostname) DO UPDATE SET Hostname = EXCLUDED.Hostname ;
INSERT INTO CPU(Hostname, Name, Caption, NOC, NOLP)VALUES('SSAVGS020.pa.pref', 'Intel(R) Core(TM) i5-3470 CPU @ 3.20GHz', 'Intel64 Family 6 Model 58 Stepping 9', '4', '4') ON CONFLICT(Hostname) DO UPDATE SET Hostname = EXCLUDED.Hostname, Name = EXCLUDED.Name, Caption = EXCLUDED.Caption, NOC = EXCLUDED.NOC, NOLP = EXCLUDED.NOLP ;
INSERT INTO Hosts(Hostname) VALUES ('SSAVGS020.pa.pref') ON CONFLICT(Hostname) DO UPDATE SET Hostname = EXCLUDED.Hostname ;
INSERT INTO OS(Hostname, Caption, BuildNumber, Architecture, Description) VALUES('SSAVGS020.pa.pref', 'Microsoft Windows 7 Professional ', '7601', '64-bit', 'Patrimônio 99983') ON CONFLICT(Hostname) DO UPDATE SET Hostname = EXCLUDED.Hostname, Caption = EXCLUDED.Caption, BuildNumber = EXCLUDED.BuildNumber, Architecture = EXCLUDED.Architecture, Description = EXCLUDED.Description ;
INSERT INTO Hosts(Hostname) VALUES ('SSAVGS020.pa.pref') ON CONFLICT(Hostname) DO UPDATE SET Hostname = EXCLUDED.Hostname ;
INSERT INTO Networking(Hostname, IP, Gateway, Description, Index, DHCP) VALUES ('SSAVGS020.pa.pref', '192.168.11.133', '192.168.11.1', 'Intel(R) 82579LM Gigabit Network Connection', '7', 'True') ON CONFLICT(Hostname) DO UPDATE SET Hostname = EXCLUDED.Hostname, IP = EXCLUDED.IP, Gateway = EXCLUDED.Gateway, Description = EXCLUDED.Description, Index = EXCLUDED.Index, DHCP = EXCLUDED.DHCP ;
INSERT INTO Hosts(Hostname) VALUES ('PM-SECED23032.pa.pref') ON CONFLICT(Hostname) DO UPDATE SET Hostname = EXCLUDED.Hostname ;
INSERT INTO CPU(Hostname, Name, Caption, NOC, NOLP)VALUES('PM-SECED23032.pa.pref', 'Intel(R) Core(TM) i3-10100 CPU @ 3.60GHz', 'Intel64 Family 6 Model 165 Stepping 3', '4', '8') ON CONFLICT(Hostname) DO UPDATE SET Hostname = EXCLUDED.Hostname, Name = EXCLUDED.Name, Caption = EXCLUDED.Caption, NOC = EXCLUDED.NOC, NOLP = EXCLUDED.NOLP ;
INSERT INTO Hosts(Hostname) VALUES ('PM-SECED23032.pa.pref') ON CONFLICT(Hostname) DO UPDATE SET Hostname = EXCLUDED.Hostname ;
INSERT INTO OS(Hostname, Caption, BuildNumber, Architecture, Description) VALUES('PM-SECED23032.pa.pref', 'Microsoft Windows 11 Pro', '22621', '64 bits', 'P-174697 A-240885021') ON CONFLICT(Hostname) DO UPDATE SET Hostname = EXCLUDED.Hostname, Caption = EXCLUDED.Caption, BuildNumber = EXCLUDED.BuildNumber, Architecture = EXCLUDED.Architecture, Description = EXCLUDED.Description ;
INSERT INTO Hosts(Hostname) VALUES ('PM-SECED23032.pa.pref') ON CONFLICT(Hostname) DO UPDATE SET Hostname = EXCLUDED.Hostname ;
INSERT INTO Networking(Hostname, IP, Gateway, Description, Index, DHCP) VALUES ('PM-SECED23032.pa.pref', '192.168.80.68', '192.168.80.1', 'Realtek PCIe GbE Family Controller', '1', 'True') ON CONFLICT(Hostname) DO UPDATE SET Hostname = EXCLUDED.Hostname, IP = EXCLUDED.IP, Gateway = EXCLUDED.Gateway, Description = EXCLUDED.Description, Index = EXCLUDED.Index, DHCP = EXCLUDED.DHCP ;
INSERT INTO Hosts(Hostname) VALUES ('PM-SPMADM001.pa.pref') ON CONFLICT(Hostname) DO UPDATE SET Hostname = EXCLUDED.Hostname ;
INSERT INTO CPU(Hostname, Name, Caption, NOC, NOLP)VALUES('PM-SPMADM001.pa.pref', '12th Gen Intel(R) Core(TM) i3-12100', 'Intel64 Family 6 Model 151 Stepping 5', '4', '8') ON CONFLICT(Hostname) DO UPDATE SET Hostname = EXCLUDED.Hostname, Name = EXCLUDED.Name, Caption = EXCLUDED.Caption, NOC = EXCLUDED.NOC, NOLP = EXCLUDED.NOLP ;
INSERT INTO Hosts(Hostname) VALUES ('PM-SPMADM001.pa.pref') ON CONFLICT(Hostname) DO UPDATE SET Hostname = EXCLUDED.Hostname ;
INSERT INTO OS(Hostname, Caption, BuildNumber, Architecture, Description) VALUES('PM-SPMADM001.pa.pref', 'Microsoft Windows 11 Pro', '22621', '64 bits', NULL) ON CONFLICT(Hostname) DO UPDATE SET Hostname = EXCLUDED.Hostname, Caption = EXCLUDED.Caption, BuildNumber = EXCLUDED.BuildNumber, Architecture = EXCLUDED.Architecture, Description = EXCLUDED.Description ;
INSERT INTO Hosts(Hostname) VALUES ('PM-SPMADM001.pa.pref') ON CONFLICT(Hostname) DO UPDATE SET Hostname = EXCLUDED.Hostname ;
INSERT INTO Networking(Hostname, IP, Gateway, Description, Index, DHCP) VALUES ('PM-SPMADM001.pa.pref', '192.168.8.177', '192.168.8.1', 'Realtek PCIe GbE Family Controller', '1', 'True') ON CONFLICT(Hostname) DO UPDATE SET Hostname = EXCLUDED.Hostname, IP = EXCLUDED.IP, Gateway = EXCLUDED.Gateway, Description = EXCLUDED.Description, Index = EXCLUDED.Index, DHCP = EXCLUDED.DHCP ;
INSERT INTO Hosts(Hostname) VALUES ('PM-SECPED091.pa.pref') ON CONFLICT(Hostname) DO UPDATE SET Hostname = EXCLUDED.Hostname ;
INSERT INTO CPU(Hostname, Name, Caption, NOC, NOLP)VALUES('PM-SECPED091.pa.pref', 'Intel(R) Core(TM) i3-2120 CPU @ 3.30GHz', 'Intel64 Family 6 Model 42 Stepping 7', '2', '4') ON CONFLICT(Hostname) DO UPDATE SET Hostname = EXCLUDED.Hostname, Name = EXCLUDED.Name, Caption = EXCLUDED.Caption, NOC = EXCLUDED.NOC, NOLP = EXCLUDED.NOLP ;
INSERT INTO Hosts(Hostname) VALUES ('PM-SECPED091.pa.pref') ON CONFLICT(Hostname) DO UPDATE SET Hostname = EXCLUDED.Hostname ;
INSERT INTO OS(Hostname, Caption, BuildNumber, Architecture, Description) VALUES('PM-SECPED091.pa.pref', 'Microsoft Windows 7 Ultimate ', '7601', '64-bit', 'Patrimonio 95753') ON CONFLICT(Hostname) DO UPDATE SET Hostname = EXCLUDED.Hostname, Caption = EXCLUDED.Caption, BuildNumber = EXCLUDED.BuildNumber, Architecture = EXCLUDED.Architecture, Description = EXCLUDED.Description ;
INSERT INTO Hosts(Hostname) VALUES ('PM-SECPED091.pa.pref') ON CONFLICT(Hostname) DO UPDATE SET Hostname = EXCLUDED.Hostname ;
INSERT INTO Networking(Hostname, IP, Gateway, Description, Index, DHCP) VALUES ('PM-SECPED091.pa.pref', '192.168.9.167', '192.168.9.1', 'Realtek PCIe GBE Family Controller', '7', 'True') ON CONFLICT(Hostname) DO UPDATE SET Hostname = EXCLUDED.Hostname, IP = EXCLUDED.IP, Gateway = EXCLUDED.Gateway, Description = EXCLUDED.Description, Index = EXCLUDED.Index, DHCP = EXCLUDED.DHCP ;
INSERT INTO Hosts(Hostname) VALUES ('PM-SSAUS38024.pa.pref') ON CONFLICT(Hostname) DO UPDATE SET Hostname = EXCLUDED.Hostname ;
INSERT INTO CPU(Hostname, Name, Caption, NOC, NOLP)VALUES('PM-SSAUS38024.pa.pref', 'Intel(R) Core(TM) i3-10100 CPU @ 3.60GHz', 'Intel64 Family 6 Model 165 Stepping 3', '4', '8') ON CONFLICT(Hostname) DO UPDATE SET Hostname = EXCLUDED.Hostname, Name = EXCLUDED.Name, Caption = EXCLUDED.Caption, NOC = EXCLUDED.NOC, NOLP = EXCLUDED.NOLP ;
INSERT INTO Hosts(Hostname) VALUES ('PM-SSAUS38024.pa.pref') ON CONFLICT(Hostname) DO UPDATE SET Hostname = EXCLUDED.Hostname ;
INSERT INTO OS(Hostname, Caption, BuildNumber, Architecture, Description) VALUES('PM-SSAUS38024.pa.pref', 'Microsoft Windows 10 Pro', '19045', '64 bits', 'P-174590 A-270256940') ON CONFLICT(Hostname) DO UPDATE SET Hostname = EXCLUDED.Hostname, Caption = EXCLUDED.Caption, BuildNumber = EXCLUDED.BuildNumber, Architecture = EXCLUDED.Architecture, Description = EXCLUDED.Description ;
INSERT INTO Hosts(Hostname) VALUES ('PM-SSAUS38024.pa.pref') ON CONFLICT(Hostname) DO UPDATE SET Hostname = EXCLUDED.Hostname ;
INSERT INTO Networking(Hostname, IP, Gateway, Description, Index, DHCP) VALUES ('PM-SSAUS38024.pa.pref', '192.168.36.212', '192.168.36.1', 'Realtek PCIe GbE Family Controller', '1', 'True') ON CONFLICT(Hostname) DO UPDATE SET Hostname = EXCLUDED.Hostname, IP = EXCLUDED.IP, Gateway = EXCLUDED.Gateway, Description = EXCLUDED.Description, Index = EXCLUDED.Index, DHCP = EXCLUDED.DHCP ;
INSERT INTO Hosts(Hostname) VALUES ('PM-SIOADM003.pa.pref') ON CONFLICT(Hostname) DO UPDATE SET Hostname = EXCLUDED.Hostname ;
INSERT INTO CPU(Hostname, Name, Caption, NOC, NOLP)VALUES('PM-SIOADM003.pa.pref', 'Intel(R) Core(TM) i7-7700 CPU @ 3.60GHz', 'Intel64 Family 6 Model 158 Stepping 9', '4', '8') ON CONFLICT(Hostname) DO UPDATE SET Hostname = EXCLUDED.Hostname, Name = EXCLUDED.Name, Caption = EXCLUDED.Caption, NOC = EXCLUDED.NOC, NOLP = EXCLUDED.NOLP ;
INSERT INTO Hosts(Hostname) VALUES ('PM-SIOADM003.pa.pref') ON CONFLICT(Hostname) DO UPDATE SET Hostname = EXCLUDED.Hostname ;
INSERT INTO OS(Hostname, Caption, BuildNumber, Architecture, Description) VALUES('PM-SIOADM003.pa.pref', 'Microsoft Windows 10 Pro', '19045', '64 bits', '133511') ON CONFLICT(Hostname) DO UPDATE SET Hostname = EXCLUDED.Hostname, Caption = EXCLUDED.Caption, BuildNumber = EXCLUDED.BuildNumber, Architecture = EXCLUDED.Architecture, Description = EXCLUDED.Description ;
INSERT INTO Hosts(Hostname) VALUES ('PM-SIOADM003.pa.pref') ON CONFLICT(Hostname) DO UPDATE SET Hostname = EXCLUDED.Hostname ;
INSERT INTO Networking(Hostname, IP, Gateway, Description, Index, DHCP) VALUES ('PM-SIOADM003.pa.pref', '192.168.223.114', '192.168.223.1', 'Realtek PCIe GBE Family Controller', '1', 'True') ON CONFLICT(Hostname) DO UPDATE SET Hostname = EXCLUDED.Hostname, IP = EXCLUDED.IP, Gateway = EXCLUDED.Gateway, Description = EXCLUDED.Description, Index = EXCLUDED.Index, DHCP = EXCLUDED.DHCP ;
INSERT INTO Hosts(Hostname) VALUES ('PM-SSAHPMINI052.pa.pref') ON CONFLICT(Hostname) DO UPDATE SET Hostname = EXCLUDED.Hostname ;
INSERT INTO CPU(Hostname, Name, Caption, NOC, NOLP)VALUES('PM-SSAHPMINI052.pa.pref', 'AMD Ryzen 3 PRO 4350GE with Radeon Graphics', 'AMD64 Family 23 Model 96 Stepping 1', '4', '8') ON CONFLICT(Hostname) DO UPDATE SET Hostname = EXCLUDED.Hostname, Name = EXCLUDED.Name, Caption = EXCLUDED.Caption, NOC = EXCLUDED.NOC, NOLP = EXCLUDED.NOLP ;
INSERT INTO Hosts(Hostname) VALUES ('PM-SSAHPMINI052.pa.pref') ON CONFLICT(Hostname) DO UPDATE SET Hostname = EXCLUDED.Hostname ;
INSERT INTO OS(Hostname, Caption, BuildNumber, Architecture, Description) VALUES('PM-SSAHPMINI052.pa.pref', 'Microsoft Windows 10 Pro', '19045', '64 bits', 'P-169107 A-513703478') ON CONFLICT(Hostname) DO UPDATE SET Hostname = EXCLUDED.Hostname, Caption = EXCLUDED.Caption, BuildNumber = EXCLUDED.BuildNumber, Architecture = EXCLUDED.Architecture, Description = EXCLUDED.Description ;
INSERT INTO Hosts(Hostname) VALUES ('PM-SSAHPMINI052.pa.pref') ON CONFLICT(Hostname) DO UPDATE SET Hostname = EXCLUDED.Hostname ;
INSERT INTO Networking(Hostname, IP, Gateway, Description, Index, DHCP) VALUES ('PM-SSAHPMINI052.pa.pref', '192.168.150.150', '192.168.150.1', 'Realtek RTL8852AE WiFi 6 802.11ax PCIe Adapter', '2', 'True') ON CONFLICT(Hostname) DO UPDATE SET Hostname = EXCLUDED.Hostname, IP = EXCLUDED.IP, Gateway = EXCLUDED.Gateway, Description = EXCLUDED.Description, Index = EXCLUDED.Index, DHCP = EXCLUDED.DHCP ;
INSERT INTO Hosts(Hostname) VALUES ('PM-SSAUS38033.pa.pref') ON CONFLICT(Hostname) DO UPDATE SET Hostname = EXCLUDED.Hostname ;
INSERT INTO CPU(Hostname, Name, Caption, NOC, NOLP)VALUES('PM-SSAUS38033.pa.pref', 'AMD Ryzen 3 PRO 4350GE with Radeon Graphics', 'AMD64 Family 23 Model 96 Stepping 1', '4', '8') ON CONFLICT(Hostname) DO UPDATE SET Hostname = EXCLUDED.Hostname, Name = EXCLUDED.Name, Caption = EXCLUDED.Caption, NOC = EXCLUDED.NOC, NOLP = EXCLUDED.NOLP ;
INSERT INTO Hosts(Hostname) VALUES ('PM-SSAUS38033.pa.pref') ON CONFLICT(Hostname) DO UPDATE SET Hostname = EXCLUDED.Hostname ;
INSERT INTO OS(Hostname, Caption, BuildNumber, Architecture, Description) VALUES('PM-SSAUS38033.pa.pref', 'Microsoft Windows 10 Pro', '19045', '64 bits', 'P-169088 A-220983690') ON CONFLICT(Hostname) DO UPDATE SET Hostname = EXCLUDED.Hostname, Caption = EXCLUDED.Caption, BuildNumber = EXCLUDED.BuildNumber, Architecture = EXCLUDED.Architecture, Description = EXCLUDED.Description ;
INSERT INTO Hosts(Hostname) VALUES ('PM-SSAUS38033.pa.pref') ON CONFLICT(Hostname) DO UPDATE SET Hostname = EXCLUDED.Hostname ;
INSERT INTO Networking(Hostname, IP, Gateway, Description, Index, DHCP) VALUES ('PM-SSAUS38033.pa.pref', '192.168.36.244', '192.168.36.1', 'Realtek PCIe GbE Family Controller', '1', 'True') ON CONFLICT(Hostname) DO UPDATE SET Hostname = EXCLUDED.Hostname, IP = EXCLUDED.IP, Gateway = EXCLUDED.Gateway, Description = EXCLUDED.Description, Index = EXCLUDED.Index, DHCP = EXCLUDED.DHCP ;
INSERT INTO Hosts(Hostname) VALUES ('PM-SSAUS21011.pa.pref') ON CONFLICT(Hostname) DO UPDATE SET Hostname = EXCLUDED.Hostname ;
INSERT INTO CPU(Hostname, Name, Caption, NOC, NOLP)VALUES('PM-SSAUS21011.pa.pref', 'AMD A10-9700 RADEON R7, 10 COMPUTE CORES 4C+6G ', 'AMD64 Family 21 Model 101 Stepping 1', '4', '4') ON CONFLICT(Hostname) DO UPDATE SET Hostname = EXCLUDED.Hostname, Name = EXCLUDED.Name, Caption = EXCLUDED.Caption, NOC = EXCLUDED.NOC, NOLP = EXCLUDED.NOLP ;
INSERT INTO Hosts(Hostname) VALUES ('PM-SSAUS21011.pa.pref') ON CONFLICT(Hostname) DO UPDATE SET Hostname = EXCLUDED.Hostname ;
INSERT INTO OS(Hostname, Caption, BuildNumber, Architecture, Description) VALUES('PM-SSAUS21011.pa.pref', 'Microsoft Windows 10 Pro', '19045', '64 bits', 'Patrimonio 142654') ON CONFLICT(Hostname) DO UPDATE SET Hostname = EXCLUDED.Hostname, Caption = EXCLUDED.Caption, BuildNumber = EXCLUDED.BuildNumber, Architecture = EXCLUDED.Architecture, Description = EXCLUDED.Description ;
INSERT INTO Hosts(Hostname) VALUES ('PM-SSAUS21011.pa.pref') ON CONFLICT(Hostname) DO UPDATE SET Hostname = EXCLUDED.Hostname ;
INSERT INTO Networking(Hostname, IP, Gateway, Description, Index, DHCP) VALUES ('PM-SSAUS21011.pa.pref', '192.168.123.56', '192.168.123.1', 'Realtek PCIe GbE Family Controller', '2', 'True') ON CONFLICT(Hostname) DO UPDATE SET Hostname = EXCLUDED.Hostname, IP = EXCLUDED.IP, Gateway = EXCLUDED.Gateway, Description = EXCLUDED.Description, Index = EXCLUDED.Index, DHCP = EXCLUDED.DHCP ;
INSERT INTO Hosts(Hostname) VALUES ('PM-SPSCTU6.pa.pref') ON CONFLICT(Hostname) DO UPDATE SET Hostname = EXCLUDED.Hostname ;
INSERT INTO CPU(Hostname, Name, Caption, NOC, NOLP)VALUES('PM-SPSCTU6.pa.pref', 'Intel(R) Core(TM) i3-10100T CPU @ 3.00GHz', 'Intel64 Family 6 Model 165 Stepping 3', '4', '8') ON CONFLICT(Hostname) DO UPDATE SET Hostname = EXCLUDED.Hostname, Name = EXCLUDED.Name, Caption = EXCLUDED.Caption, NOC = EXCLUDED.NOC, NOLP = EXCLUDED.NOLP ;
INSERT INTO Hosts(Hostname) VALUES ('PM-SPSCTU6.pa.pref') ON CONFLICT(Hostname) DO UPDATE SET Hostname = EXCLUDED.Hostname ;
INSERT INTO OS(Hostname, Caption, BuildNumber, Architecture, Description) VALUES('PM-SPSCTU6.pa.pref', 'Microsoft Windows 10 Pro', '19045', '64 bits', NULL) ON CONFLICT(Hostname) DO UPDATE SET Hostname = EXCLUDED.Hostname, Caption = EXCLUDED.Caption, BuildNumber = EXCLUDED.BuildNumber, Architecture = EXCLUDED.Architecture, Description = EXCLUDED.Description ;
INSERT INTO Hosts(Hostname) VALUES ('PM-SPSCTU6.pa.pref') ON CONFLICT(Hostname) DO UPDATE SET Hostname = EXCLUDED.Hostname ;
INSERT INTO Networking(Hostname, IP, Gateway, Description, Index, DHCP) VALUES ('PM-SPSCTU6.pa.pref', '192.168.31.99', '192.168.31.1', 'Intel(R) Dual Band Wireless-AC 3168', '15', 'True') ON CONFLICT(Hostname) DO UPDATE SET Hostname = EXCLUDED.Hostname, IP = EXCLUDED.IP, Gateway = EXCLUDED.Gateway, Description = EXCLUDED.Description, Index = EXCLUDED.Index, DHCP = EXCLUDED.DHCP ;
INSERT INTO Hosts(Hostname) VALUES ('PM-SPMGAM002.pa.pref') ON CONFLICT(Hostname) DO UPDATE SET Hostname = EXCLUDED.Hostname ;
INSERT INTO CPU(Hostname, Name, Caption, NOC, NOLP)VALUES('PM-SPMGAM002.pa.pref', 'Intel(R) Core(TM) i7-7700 CPU @ 3.60GHz', 'Intel64 Family 6 Model 158 Stepping 9', '4', '8') ON CONFLICT(Hostname) DO UPDATE SET Hostname = EXCLUDED.Hostname, Name = EXCLUDED.Name, Caption = EXCLUDED.Caption, NOC = EXCLUDED.NOC, NOLP = EXCLUDED.NOLP ;
INSERT INTO Hosts(Hostname) VALUES ('PM-SPMGAM002.pa.pref') ON CONFLICT(Hostname) DO UPDATE SET Hostname = EXCLUDED.Hostname ;
INSERT INTO OS(Hostname, Caption, BuildNumber, Architecture, Description) VALUES('PM-SPMGAM002.pa.pref', 'Microsoft Windows 10 Pro', '19045', '64 bits', NULL) ON CONFLICT(Hostname) DO UPDATE SET Hostname = EXCLUDED.Hostname, Caption = EXCLUDED.Caption, BuildNumber = EXCLUDED.BuildNumber, Architecture = EXCLUDED.Architecture, Description = EXCLUDED.Description ;
INSERT INTO Hosts(Hostname) VALUES ('PM-SPMGAM002.pa.pref') ON CONFLICT(Hostname) DO UPDATE SET Hostname = EXCLUDED.Hostname ;
INSERT INTO Networking(Hostname, IP, Gateway, Description, Index, DHCP) VALUES ('PM-SPMGAM002.pa.pref', '192.168.223.206', '192.168.223.1', 'Realtek PCIe GBE Family Controller', '1', 'True') ON CONFLICT(Hostname) DO UPDATE SET Hostname = EXCLUDED.Hostname, IP = EXCLUDED.IP, Gateway = EXCLUDED.Gateway, Description = EXCLUDED.Description, Index = EXCLUDED.Index, DHCP = EXCLUDED.DHCP ;
INSERT INTO Hosts(Hostname) VALUES ('PM-SPSCRE009.pa.pref') ON CONFLICT(Hostname) DO UPDATE SET Hostname = EXCLUDED.Hostname ;
INSERT INTO CPU(Hostname, Name, Caption, NOC, NOLP)VALUES('PM-SPSCRE009.pa.pref', 'Intel(R) Core(TM) i3-7100 CPU @ 3.90GHz', 'Intel64 Family 6 Model 158 Stepping 9', '2', '4') ON CONFLICT(Hostname) DO UPDATE SET Hostname = EXCLUDED.Hostname, Name = EXCLUDED.Name, Caption = EXCLUDED.Caption, NOC = EXCLUDED.NOC, NOLP = EXCLUDED.NOLP ;
INSERT INTO Hosts(Hostname) VALUES ('PM-SPSCRE009.pa.pref') ON CONFLICT(Hostname) DO UPDATE SET Hostname = EXCLUDED.Hostname ;
INSERT INTO OS(Hostname, Caption, BuildNumber, Architecture, Description) VALUES('PM-SPSCRE009.pa.pref', 'Microsoft Windows 10 Pro', '19045', '64 bits', 'Patrimonio 133575') ON CONFLICT(Hostname) DO UPDATE SET Hostname = EXCLUDED.Hostname, Caption = EXCLUDED.Caption, BuildNumber = EXCLUDED.BuildNumber, Architecture = EXCLUDED.Architecture, Description = EXCLUDED.Description ;
INSERT INTO Hosts(Hostname) VALUES ('PM-SPSCRE009.pa.pref') ON CONFLICT(Hostname) DO UPDATE SET Hostname = EXCLUDED.Hostname ;
INSERT INTO Networking(Hostname, IP, Gateway, Description, Index, DHCP) VALUES ('PM-SPSCRE009.pa.pref', '192.168.24.140', '192.168.24.1', 'Realtek PCIe GBE Family Controller', '1', 'True') ON CONFLICT(Hostname) DO UPDATE SET Hostname = EXCLUDED.Hostname, IP = EXCLUDED.IP, Gateway = EXCLUDED.Gateway, Description = EXCLUDED.Description, Index = EXCLUDED.Index, DHCP = EXCLUDED.DHCP ;
INSERT INTO Hosts(Hostname) VALUES ('PM-SSAUS17008.pa.pref') ON CONFLICT(Hostname) DO UPDATE SET Hostname = EXCLUDED.Hostname ;
INSERT INTO CPU(Hostname, Name, Caption, NOC, NOLP)VALUES('PM-SSAUS17008.pa.pref', 'Intel(R) Core(TM) i5-3470 CPU @ 3.20GHz', 'Intel64 Family 6 Model 58 Stepping 9', '4', '4') ON CONFLICT(Hostname) DO UPDATE SET Hostname = EXCLUDED.Hostname, Name = EXCLUDED.Name, Caption = EXCLUDED.Caption, NOC = EXCLUDED.NOC, NOLP = EXCLUDED.NOLP ;
INSERT INTO Hosts(Hostname) VALUES ('PM-SSAUS17008.pa.pref') ON CONFLICT(Hostname) DO UPDATE SET Hostname = EXCLUDED.Hostname ;
INSERT INTO OS(Hostname, Caption, BuildNumber, Architecture, Description) VALUES('PM-SSAUS17008.pa.pref', 'Microsoft Windows 7 Professional ', '7601', '64-bit', 'Patrimonio 92707') ON CONFLICT(Hostname) DO UPDATE SET Hostname = EXCLUDED.Hostname, Caption = EXCLUDED.Caption, BuildNumber = EXCLUDED.BuildNumber, Architecture = EXCLUDED.Architecture, Description = EXCLUDED.Description ;
INSERT INTO Hosts(Hostname) VALUES ('PM-SSAUS17008.pa.pref') ON CONFLICT(Hostname) DO UPDATE SET Hostname = EXCLUDED.Hostname ;
INSERT INTO Networking(Hostname, IP, Gateway, Description, Index, DHCP) VALUES ('PM-SSAUS17008.pa.pref', '192.168.21.234', '192.168.21.1', 'Intel(R) 82579LM Gigabit Network Connection', '11', 'True') ON CONFLICT(Hostname) DO UPDATE SET Hostname = EXCLUDED.Hostname, IP = EXCLUDED.IP, Gateway = EXCLUDED.Gateway, Description = EXCLUDED.Description, Index = EXCLUDED.Index, DHCP = EXCLUDED.DHCP ;
INSERT INTO Hosts(Hostname) VALUES ('PM-SSAUS19007.pa.pref') ON CONFLICT(Hostname) DO UPDATE SET Hostname = EXCLUDED.Hostname ;
INSERT INTO CPU(Hostname, Name, Caption, NOC, NOLP)VALUES('PM-SSAUS19007.pa.pref', 'Intel(R) Core(TM) i3-7100 CPU @ 3.90GHz', 'Intel64 Family 6 Model 158 Stepping 9', '2', '4') ON CONFLICT(Hostname) DO UPDATE SET Hostname = EXCLUDED.Hostname, Name = EXCLUDED.Name, Caption = EXCLUDED.Caption, NOC = EXCLUDED.NOC, NOLP = EXCLUDED.NOLP ;
INSERT INTO Hosts(Hostname) VALUES ('PM-SSAUS19007.pa.pref') ON CONFLICT(Hostname) DO UPDATE SET Hostname = EXCLUDED.Hostname ;
INSERT INTO OS(Hostname, Caption, BuildNumber, Architecture, Description) VALUES('PM-SSAUS19007.pa.pref', 'Microsoft Windows 10 Pro', '19045', '64 bits', 'Patrimonio 128187') ON CONFLICT(Hostname) DO UPDATE SET Hostname = EXCLUDED.Hostname, Caption = EXCLUDED.Caption, BuildNumber = EXCLUDED.BuildNumber, Architecture = EXCLUDED.Architecture, Description = EXCLUDED.Description ;
INSERT INTO Hosts(Hostname) VALUES ('PM-SSAUS19007.pa.pref') ON CONFLICT(Hostname) DO UPDATE SET Hostname = EXCLUDED.Hostname ;
INSERT INTO Networking(Hostname, IP, Gateway, Description, Index, DHCP) VALUES ('PM-SSAUS19007.pa.pref', '192.168.150.125', '192.168.150.1', 'Realtek PCIe GBE Family Controller', '1', 'True') ON CONFLICT(Hostname) DO UPDATE SET Hostname = EXCLUDED.Hostname, IP = EXCLUDED.IP, Gateway = EXCLUDED.Gateway, Description = EXCLUDED.Description, Index = EXCLUDED.Index, DHCP = EXCLUDED.DHCP ;
INSERT INTO Hosts(Hostname) VALUES ('PM-SPSCRA034.pa.pref') ON CONFLICT(Hostname) DO UPDATE SET Hostname = EXCLUDED.Hostname ;
INSERT INTO CPU(Hostname, Name, Caption, NOC, NOLP)VALUES('PM-SPSCRA034.pa.pref', 'Pentium(R) Dual-Core  CPU      E5200  @ 2.50GHz', 'Intel64 Family 6 Model 23 Stepping 10', '2', '2') ON CONFLICT(Hostname) DO UPDATE SET Hostname = EXCLUDED.Hostname, Name = EXCLUDED.Name, Caption = EXCLUDED.Caption, NOC = EXCLUDED.NOC, NOLP = EXCLUDED.NOLP ;
INSERT INTO Hosts(Hostname) VALUES ('PM-SPSCRA034.pa.pref') ON CONFLICT(Hostname) DO UPDATE SET Hostname = EXCLUDED.Hostname ;
INSERT INTO OS(Hostname, Caption, BuildNumber, Architecture, Description) VALUES('PM-SPSCRA034.pa.pref', 'Microsoft Windows 10 Pro', '19045', '64 bits', NULL) ON CONFLICT(Hostname) DO UPDATE SET Hostname = EXCLUDED.Hostname, Caption = EXCLUDED.Caption, BuildNumber = EXCLUDED.BuildNumber, Architecture = EXCLUDED.Architecture, Description = EXCLUDED.Description ;
INSERT INTO Hosts(Hostname) VALUES ('PM-SPSCRA034.pa.pref') ON CONFLICT(Hostname) DO UPDATE SET Hostname = EXCLUDED.Hostname ;
INSERT INTO Networking(Hostname, IP, Gateway, Description, Index, DHCP) VALUES ('PM-SPSCRA034.pa.pref', '192.168.72.51', '192.168.72.1', 'Broadcom NetLink (TM) Gigabit Ethernet', '1', 'True') ON CONFLICT(Hostname) DO UPDATE SET Hostname = EXCLUDED.Hostname, IP = EXCLUDED.IP, Gateway = EXCLUDED.Gateway, Description = EXCLUDED.Description, Index = EXCLUDED.Index, DHCP = EXCLUDED.DHCP ;
INSERT INTO Hosts(Hostname) VALUES ('PM-SSAUS06005.pa.pref') ON CONFLICT(Hostname) DO UPDATE SET Hostname = EXCLUDED.Hostname ;
INSERT INTO CPU(Hostname, Name, Caption, NOC, NOLP)VALUES('PM-SSAUS06005.pa.pref', 'Intel(R) Core(TM) i3-7100 CPU @ 3.90GHz', 'Intel64 Family 6 Model 158 Stepping 9', '2', '4') ON CONFLICT(Hostname) DO UPDATE SET Hostname = EXCLUDED.Hostname, Name = EXCLUDED.Name, Caption = EXCLUDED.Caption, NOC = EXCLUDED.NOC, NOLP = EXCLUDED.NOLP ;
INSERT INTO Hosts(Hostname) VALUES ('PM-SSAUS06005.pa.pref') ON CONFLICT(Hostname) DO UPDATE SET Hostname = EXCLUDED.Hostname ;
INSERT INTO OS(Hostname, Caption, BuildNumber, Architecture, Description) VALUES('PM-SSAUS06005.pa.pref', 'Microsoft Windows 10 Pro', '19045', '64 bits', 'Patrimônio 128192') ON CONFLICT(Hostname) DO UPDATE SET Hostname = EXCLUDED.Hostname, Caption = EXCLUDED.Caption, BuildNumber = EXCLUDED.BuildNumber, Architecture = EXCLUDED.Architecture, Description = EXCLUDED.Description ;
INSERT INTO Hosts(Hostname) VALUES ('PM-SSAUS06005.pa.pref') ON CONFLICT(Hostname) DO UPDATE SET Hostname = EXCLUDED.Hostname ;
INSERT INTO Networking(Hostname, IP, Gateway, Description, Index, DHCP) VALUES ('PM-SSAUS06005.pa.pref', '192.168.170.227', '192.168.170.1', 'Realtek PCIe GBE Family Controller', '1', 'True') ON CONFLICT(Hostname) DO UPDATE SET Hostname = EXCLUDED.Hostname, IP = EXCLUDED.IP, Gateway = EXCLUDED.Gateway, Description = EXCLUDED.Description, Index = EXCLUDED.Index, DHCP = EXCLUDED.DHCP ;
INSERT INTO Hosts(Hostname) VALUES ('PM-PROADM002.pa.pref') ON CONFLICT(Hostname) DO UPDATE SET Hostname = EXCLUDED.Hostname ;
INSERT INTO CPU(Hostname, Name, Caption, NOC, NOLP)VALUES('PM-PROADM002.pa.pref', 'Intel(R) Core(TM) i3-9100 CPU @ 3.60GHz', 'Intel64 Family 6 Model 158 Stepping 11', '4', '4') ON CONFLICT(Hostname) DO UPDATE SET Hostname = EXCLUDED.Hostname, Name = EXCLUDED.Name, Caption = EXCLUDED.Caption, NOC = EXCLUDED.NOC, NOLP = EXCLUDED.NOLP ;
INSERT INTO Hosts(Hostname) VALUES ('PM-PROADM002.pa.pref') ON CONFLICT(Hostname) DO UPDATE SET Hostname = EXCLUDED.Hostname ;
INSERT INTO OS(Hostname, Caption, BuildNumber, Architecture, Description) VALUES('PM-PROADM002.pa.pref', 'Microsoft Windows 10 Pro', '19045', '64 bits', 'Patrimonio 148109') ON CONFLICT(Hostname) DO UPDATE SET Hostname = EXCLUDED.Hostname, Caption = EXCLUDED.Caption, BuildNumber = EXCLUDED.BuildNumber, Architecture = EXCLUDED.Architecture, Description = EXCLUDED.Description ;
INSERT INTO Hosts(Hostname) VALUES ('PM-PROADM002.pa.pref') ON CONFLICT(Hostname) DO UPDATE SET Hostname = EXCLUDED.Hostname ;
INSERT INTO Networking(Hostname, IP, Gateway, Description, Index, DHCP) VALUES ('PM-PROADM002.pa.pref', '192.168.12.152', '192.168.12.1', 'Intel(R) Ethernet Connection (7) I219-V', '1', 'True') ON CONFLICT(Hostname) DO UPDATE SET Hostname = EXCLUDED.Hostname, IP = EXCLUDED.IP, Gateway = EXCLUDED.Gateway, Description = EXCLUDED.Description, Index = EXCLUDED.Index, DHCP = EXCLUDED.DHCP ;
INSERT INTO Hosts(Hostname) VALUES ('PM-INFO247.pa.pref') ON CONFLICT(Hostname) DO UPDATE SET Hostname = EXCLUDED.Hostname ;
INSERT INTO CPU(Hostname, Name, Caption, NOC, NOLP)VALUES('PM-INFO247.pa.pref', 'Intel(R) Core(TM) i3-10100 CPU @ 3.60GHz', 'Intel64 Family 6 Model 165 Stepping 3', '4', '8') ON CONFLICT(Hostname) DO UPDATE SET Hostname = EXCLUDED.Hostname, Name = EXCLUDED.Name, Caption = EXCLUDED.Caption, NOC = EXCLUDED.NOC, NOLP = EXCLUDED.NOLP ;
INSERT INTO Hosts(Hostname) VALUES ('PM-INFO247.pa.pref') ON CONFLICT(Hostname) DO UPDATE SET Hostname = EXCLUDED.Hostname ;
INSERT INTO OS(Hostname, Caption, BuildNumber, Architecture, Description) VALUES('PM-INFO247.pa.pref', 'Microsoft Windows 10 Pro', '19045', '64 bits', 'P-174579 A-492993807') ON CONFLICT(Hostname) DO UPDATE SET Hostname = EXCLUDED.Hostname, Caption = EXCLUDED.Caption, BuildNumber = EXCLUDED.BuildNumber, Architecture = EXCLUDED.Architecture, Description = EXCLUDED.Description ;
INSERT INTO Hosts(Hostname) VALUES ('PM-INFO247.pa.pref') ON CONFLICT(Hostname) DO UPDATE SET Hostname = EXCLUDED.Hostname ;
INSERT INTO Networking(Hostname, IP, Gateway, Description, Index, DHCP) VALUES ('PM-INFO247.pa.pref', '192.168.165.204', '192.168.165.1', 'Realtek PCIe GbE Family Controller', '1', 'True') ON CONFLICT(Hostname) DO UPDATE SET Hostname = EXCLUDED.Hostname, IP = EXCLUDED.IP, Gateway = EXCLUDED.Gateway, Description = EXCLUDED.Description, Index = EXCLUDED.Index, DHCP = EXCLUDED.DHCP ;
INSERT INTO Hosts(Hostname) VALUES ('PM-INFO029.pa.pref') ON CONFLICT(Hostname) DO UPDATE SET Hostname = EXCLUDED.Hostname ;
INSERT INTO CPU(Hostname, Name, Caption, NOC, NOLP)VALUES('PM-INFO029.pa.pref', 'Intel(R) Core(TM) i3-10100 CPU @ 3.60GHz', 'Intel64 Family 6 Model 165 Stepping 3', '4', '8') ON CONFLICT(Hostname) DO UPDATE SET Hostname = EXCLUDED.Hostname, Name = EXCLUDED.Name, Caption = EXCLUDED.Caption, NOC = EXCLUDED.NOC, NOLP = EXCLUDED.NOLP ;
INSERT INTO Hosts(Hostname) VALUES ('PM-INFO029.pa.pref') ON CONFLICT(Hostname) DO UPDATE SET Hostname = EXCLUDED.Hostname ;
INSERT INTO OS(Hostname, Caption, BuildNumber, Architecture, Description) VALUES('PM-INFO029.pa.pref', 'Microsoft Windows 10 Pro', '19045', '64 bits', 'P-174758 A-507643772') ON CONFLICT(Hostname) DO UPDATE SET Hostname = EXCLUDED.Hostname, Caption = EXCLUDED.Caption, BuildNumber = EXCLUDED.BuildNumber, Architecture = EXCLUDED.Architecture, Description = EXCLUDED.Description ;
INSERT INTO Hosts(Hostname) VALUES ('PM-INFO029.pa.pref') ON CONFLICT(Hostname) DO UPDATE SET Hostname = EXCLUDED.Hostname ;
INSERT INTO Networking(Hostname, IP, Gateway, Description, Index, DHCP) VALUES ('PM-INFO029.pa.pref', '192.168.17.173', '192.168.17.1', 'Realtek PCIe GbE Family Controller', '1', 'True') ON CONFLICT(Hostname) DO UPDATE SET Hostname = EXCLUDED.Hostname, IP = EXCLUDED.IP, Gateway = EXCLUDED.Gateway, Description = EXCLUDED.Description, Index = EXCLUDED.Index, DHCP = EXCLUDED.DHCP ;
INSERT INTO Hosts(Hostname) VALUES ('PM-SSAUS38012.pa.pref') ON CONFLICT(Hostname) DO UPDATE SET Hostname = EXCLUDED.Hostname ;
INSERT INTO CPU(Hostname, Name, Caption, NOC, NOLP)VALUES('PM-SSAUS38012.pa.pref', 'Intel(R) Core(TM) i3-2120 CPU @ 3.30GHz', 'Intel64 Family 6 Model 42 Stepping 7', '2', '4') ON CONFLICT(Hostname) DO UPDATE SET Hostname = EXCLUDED.Hostname, Name = EXCLUDED.Name, Caption = EXCLUDED.Caption, NOC = EXCLUDED.NOC, NOLP = EXCLUDED.NOLP ;
INSERT INTO Hosts(Hostname) VALUES ('PM-SSAUS38012.pa.pref') ON CONFLICT(Hostname) DO UPDATE SET Hostname = EXCLUDED.Hostname ;
INSERT INTO OS(Hostname, Caption, BuildNumber, Architecture, Description) VALUES('PM-SSAUS38012.pa.pref', 'Microsoft Windows 7 Professional ', '7601', '64-bit', 'Patrimônio 109853') ON CONFLICT(Hostname) DO UPDATE SET Hostname = EXCLUDED.Hostname, Caption = EXCLUDED.Caption, BuildNumber = EXCLUDED.BuildNumber, Architecture = EXCLUDED.Architecture, Description = EXCLUDED.Description ;
INSERT INTO Hosts(Hostname) VALUES ('PM-SSAUS38012.pa.pref') ON CONFLICT(Hostname) DO UPDATE SET Hostname = EXCLUDED.Hostname ;
INSERT INTO Networking(Hostname, IP, Gateway, Description, Index, DHCP) VALUES ('PM-SSAUS38012.pa.pref', '192.168.36.67', '192.168.36.1', 'Realtek PCIe GBE Family Controller', '7', 'True') ON CONFLICT(Hostname) DO UPDATE SET Hostname = EXCLUDED.Hostname, IP = EXCLUDED.IP, Gateway = EXCLUDED.Gateway, Description = EXCLUDED.Description, Index = EXCLUDED.Index, DHCP = EXCLUDED.DHCP ;
INSERT INTO Hosts(Hostname) VALUES ('PM-INFO0178.pa.pref') ON CONFLICT(Hostname) DO UPDATE SET Hostname = EXCLUDED.Hostname ;
INSERT INTO CPU(Hostname, Name, Caption, NOC, NOLP)VALUES('PM-INFO0178.pa.pref', 'Intel(R) Core(TM) i3-10100 CPU @ 3.60GHz', 'Intel64 Family 6 Model 165 Stepping 3', '4', '8') ON CONFLICT(Hostname) DO UPDATE SET Hostname = EXCLUDED.Hostname, Name = EXCLUDED.Name, Caption = EXCLUDED.Caption, NOC = EXCLUDED.NOC, NOLP = EXCLUDED.NOLP ;
INSERT INTO Hosts(Hostname) VALUES ('PM-INFO0178.pa.pref') ON CONFLICT(Hostname) DO UPDATE SET Hostname = EXCLUDED.Hostname ;
INSERT INTO OS(Hostname, Caption, BuildNumber, Architecture, Description) VALUES('PM-INFO0178.pa.pref', 'Microsoft Windows 10 Pro', '19044', '64 bits', 'P-174442  ANY-653662817') ON CONFLICT(Hostname) DO UPDATE SET Hostname = EXCLUDED.Hostname, Caption = EXCLUDED.Caption, BuildNumber = EXCLUDED.BuildNumber, Architecture = EXCLUDED.Architecture, Description = EXCLUDED.Description ;
INSERT INTO Hosts(Hostname) VALUES ('PM-INFO0178.pa.pref') ON CONFLICT(Hostname) DO UPDATE SET Hostname = EXCLUDED.Hostname ;
INSERT INTO Networking(Hostname, IP, Gateway, Description, Index, DHCP) VALUES ('PM-INFO0178.pa.pref', '192.168.122.141', '192.168.122.1', 'Realtek PCIe GbE Family Controller', '1', 'True') ON CONFLICT(Hostname) DO UPDATE SET Hostname = EXCLUDED.Hostname, IP = EXCLUDED.IP, Gateway = EXCLUDED.Gateway, Description = EXCLUDED.Description, Index = EXCLUDED.Index, DHCP = EXCLUDED.DHCP ;
INSERT INTO Hosts(Hostname) VALUES ('PM-GABASS003.pa.pref') ON CONFLICT(Hostname) DO UPDATE SET Hostname = EXCLUDED.Hostname ;
INSERT INTO CPU(Hostname, Name, Caption, NOC, NOLP)VALUES('PM-GABASS003.pa.pref', 'Intel(R) Core(TM) i3-10100 CPU @ 3.60GHz', 'Intel64 Family 6 Model 165 Stepping 3', '4', '8') ON CONFLICT(Hostname) DO UPDATE SET Hostname = EXCLUDED.Hostname, Name = EXCLUDED.Name, Caption = EXCLUDED.Caption, NOC = EXCLUDED.NOC, NOLP = EXCLUDED.NOLP ;
INSERT INTO Hosts(Hostname) VALUES ('PM-GABASS003.pa.pref') ON CONFLICT(Hostname) DO UPDATE SET Hostname = EXCLUDED.Hostname ;
INSERT INTO OS(Hostname, Caption, BuildNumber, Architecture, Description) VALUES('PM-GABASS003.pa.pref', 'Microsoft Windows 10 Pro', '19045', '64 bits', 'P-174781 A-716051916') ON CONFLICT(Hostname) DO UPDATE SET Hostname = EXCLUDED.Hostname, Caption = EXCLUDED.Caption, BuildNumber = EXCLUDED.BuildNumber, Architecture = EXCLUDED.Architecture, Description = EXCLUDED.Description ;
INSERT INTO Hosts(Hostname) VALUES ('PM-GABASS003.pa.pref') ON CONFLICT(Hostname) DO UPDATE SET Hostname = EXCLUDED.Hostname ;
INSERT INTO Networking(Hostname, IP, Gateway, Description, Index, DHCP) VALUES ('PM-GABASS003.pa.pref', '192.168.8.191', '192.168.8.1', 'Realtek PCIe GbE Family Controller', '1', 'True') ON CONFLICT(Hostname) DO UPDATE SET Hostname = EXCLUDED.Hostname, IP = EXCLUDED.IP, Gateway = EXCLUDED.Gateway, Description = EXCLUDED.Description, Index = EXCLUDED.Index, DHCP = EXCLUDED.DHCP ;
INSERT INTO Hosts(Hostname) VALUES ('PM-184482.pa.pref') ON CONFLICT(Hostname) DO UPDATE SET Hostname = EXCLUDED.Hostname ;
INSERT INTO CPU(Hostname, Name, Caption, NOC, NOLP)VALUES('PM-184482.pa.pref', '12th Gen Intel(R) Core(TM) i3-12100', 'Intel64 Family 6 Model 151 Stepping 5', '4', '8') ON CONFLICT(Hostname) DO UPDATE SET Hostname = EXCLUDED.Hostname, Name = EXCLUDED.Name, Caption = EXCLUDED.Caption, NOC = EXCLUDED.NOC, NOLP = EXCLUDED.NOLP ;
INSERT INTO Hosts(Hostname) VALUES ('PM-184482.pa.pref') ON CONFLICT(Hostname) DO UPDATE SET Hostname = EXCLUDED.Hostname ;
INSERT INTO OS(Hostname, Caption, BuildNumber, Architecture, Description) VALUES('PM-184482.pa.pref', 'Microsoft Windows 11 Pro', '22621', '64 bits', '184482') ON CONFLICT(Hostname) DO UPDATE SET Hostname = EXCLUDED.Hostname, Caption = EXCLUDED.Caption, BuildNumber = EXCLUDED.BuildNumber, Architecture = EXCLUDED.Architecture, Description = EXCLUDED.Description ;
INSERT INTO Hosts(Hostname) VALUES ('PM-184482.pa.pref') ON CONFLICT(Hostname) DO UPDATE SET Hostname = EXCLUDED.Hostname ;
INSERT INTO Networking(Hostname, IP, Gateway, Description, Index, DHCP) VALUES ('PM-184482.pa.pref', '192.168.176.72', '192.168.176.1', 'Realtek PCIe GbE Family Controller', '1', 'True') ON CONFLICT(Hostname) DO UPDATE SET Hostname = EXCLUDED.Hostname, IP = EXCLUDED.IP, Gateway = EXCLUDED.Gateway, Description = EXCLUDED.Description, Index = EXCLUDED.Index, DHCP = EXCLUDED.DHCP ;
INSERT INTO Hosts(Hostname) VALUES ('PM-SAPADM010.pa.pref') ON CONFLICT(Hostname) DO UPDATE SET Hostname = EXCLUDED.Hostname ;
INSERT INTO CPU(Hostname, Name, Caption, NOC, NOLP)VALUES('PM-SAPADM010.pa.pref', 'Intel(R) Core(TM)2 Duo CPU     E7500  @ 2.93GHz', 'Intel64 Family 6 Model 23 Stepping 10', '2', '2') ON CONFLICT(Hostname) DO UPDATE SET Hostname = EXCLUDED.Hostname, Name = EXCLUDED.Name, Caption = EXCLUDED.Caption, NOC = EXCLUDED.NOC, NOLP = EXCLUDED.NOLP ;
INSERT INTO Hosts(Hostname) VALUES ('PM-SAPADM010.pa.pref') ON CONFLICT(Hostname) DO UPDATE SET Hostname = EXCLUDED.Hostname ;
INSERT INTO OS(Hostname, Caption, BuildNumber, Architecture, Description) VALUES('PM-SAPADM010.pa.pref', 'Microsoft Windows 7 Professional ', '7601', '64-bit', 'P-89391') ON CONFLICT(Hostname) DO UPDATE SET Hostname = EXCLUDED.Hostname, Caption = EXCLUDED.Caption, BuildNumber = EXCLUDED.BuildNumber, Architecture = EXCLUDED.Architecture, Description = EXCLUDED.Description ;
INSERT INTO Hosts(Hostname) VALUES ('PM-SAPADM010.pa.pref') ON CONFLICT(Hostname) DO UPDATE SET Hostname = EXCLUDED.Hostname ;
INSERT INTO Networking(Hostname, IP, Gateway, Description, Index, DHCP) VALUES ('PM-SAPADM010.pa.pref', '192.168.20.85', '192.168.20.1', 'Intel(R) 82567V-4 Gigabit Network Connection', '7', 'True') ON CONFLICT(Hostname) DO UPDATE SET Hostname = EXCLUDED.Hostname, IP = EXCLUDED.IP, Gateway = EXCLUDED.Gateway, Description = EXCLUDED.Description, Index = EXCLUDED.Index, DHCP = EXCLUDED.DHCP ;
INSERT INTO Hosts(Hostname) VALUES ('PM-SECED05009.pa.pref') ON CONFLICT(Hostname) DO UPDATE SET Hostname = EXCLUDED.Hostname ;
INSERT INTO CPU(Hostname, Name, Caption, NOC, NOLP)VALUES('PM-SECED05009.pa.pref', 'Intel(R) Core(TM) i3-10100 CPU @ 3.60GHz', 'Intel64 Family 6 Model 165 Stepping 3', '4', '8') ON CONFLICT(Hostname) DO UPDATE SET Hostname = EXCLUDED.Hostname, Name = EXCLUDED.Name, Caption = EXCLUDED.Caption, NOC = EXCLUDED.NOC, NOLP = EXCLUDED.NOLP ;
INSERT INTO Hosts(Hostname) VALUES ('PM-SECED05009.pa.pref') ON CONFLICT(Hostname) DO UPDATE SET Hostname = EXCLUDED.Hostname ;
INSERT INTO OS(Hostname, Caption, BuildNumber, Architecture, Description) VALUES('PM-SECED05009.pa.pref', 'Microsoft Windows 10 Pro', '19045', '64 bits', 'P-174811 A-109723415') ON CONFLICT(Hostname) DO UPDATE SET Hostname = EXCLUDED.Hostname, Caption = EXCLUDED.Caption, BuildNumber = EXCLUDED.BuildNumber, Architecture = EXCLUDED.Architecture, Description = EXCLUDED.Description ;
INSERT INTO Hosts(Hostname) VALUES ('PM-SECED05009.pa.pref') ON CONFLICT(Hostname) DO UPDATE SET Hostname = EXCLUDED.Hostname ;
INSERT INTO Networking(Hostname, IP, Gateway, Description, Index, DHCP) VALUES ('PM-SECED05009.pa.pref', '192.168.121.71', '192.168.121.1', 'Realtek PCIe GbE Family Controller', '1', 'True') ON CONFLICT(Hostname) DO UPDATE SET Hostname = EXCLUDED.Hostname, IP = EXCLUDED.IP, Gateway = EXCLUDED.Gateway, Description = EXCLUDED.Description, Index = EXCLUDED.Index, DHCP = EXCLUDED.DHCP ;
INSERT INTO Hosts(Hostname) VALUES ('PM-SSAUS1704.pa.pref') ON CONFLICT(Hostname) DO UPDATE SET Hostname = EXCLUDED.Hostname ;
INSERT INTO CPU(Hostname, Name, Caption, NOC, NOLP)VALUES('PM-SSAUS1704.pa.pref', 'Intel(R) Core(TM) i3-10100 CPU @ 3.60GHz', 'Intel64 Family 6 Model 165 Stepping 3', '4', '8') ON CONFLICT(Hostname) DO UPDATE SET Hostname = EXCLUDED.Hostname, Name = EXCLUDED.Name, Caption = EXCLUDED.Caption, NOC = EXCLUDED.NOC, NOLP = EXCLUDED.NOLP ;
INSERT INTO Hosts(Hostname) VALUES ('PM-SSAUS1704.pa.pref') ON CONFLICT(Hostname) DO UPDATE SET Hostname = EXCLUDED.Hostname ;
INSERT INTO OS(Hostname, Caption, BuildNumber, Architecture, Description) VALUES('PM-SSAUS1704.pa.pref', 'Microsoft Windows 10 Pro', '19044', '64 bits', 'P/175537/ANY 425 851 124') ON CONFLICT(Hostname) DO UPDATE SET Hostname = EXCLUDED.Hostname, Caption = EXCLUDED.Caption, BuildNumber = EXCLUDED.BuildNumber, Architecture = EXCLUDED.Architecture, Description = EXCLUDED.Description ;
INSERT INTO Hosts(Hostname) VALUES ('PM-SSAUS1704.pa.pref') ON CONFLICT(Hostname) DO UPDATE SET Hostname = EXCLUDED.Hostname ;
INSERT INTO Networking(Hostname, IP, Gateway, Description, Index, DHCP) VALUES ('PM-SSAUS1704.pa.pref', '192.168.21.175', '192.168.21.1', 'Realtek PCIe GbE Family Controller', '1', 'True') ON CONFLICT(Hostname) DO UPDATE SET Hostname = EXCLUDED.Hostname, IP = EXCLUDED.IP, Gateway = EXCLUDED.Gateway, Description = EXCLUDED.Description, Index = EXCLUDED.Index, DHCP = EXCLUDED.DHCP ;
INSERT INTO Hosts(Hostname) VALUES ('PM-SSAUS14016.pa.pref') ON CONFLICT(Hostname) DO UPDATE SET Hostname = EXCLUDED.Hostname ;
INSERT INTO CPU(Hostname, Name, Caption, NOC, NOLP)VALUES('PM-SSAUS14016.pa.pref', 'Intel(R) Core(TM) i3-7100 CPU @ 3.90GHz', 'Intel64 Family 6 Model 158 Stepping 9', '2', '4') ON CONFLICT(Hostname) DO UPDATE SET Hostname = EXCLUDED.Hostname, Name = EXCLUDED.Name, Caption = EXCLUDED.Caption, NOC = EXCLUDED.NOC, NOLP = EXCLUDED.NOLP ;
INSERT INTO Hosts(Hostname) VALUES ('PM-SSAUS14016.pa.pref') ON CONFLICT(Hostname) DO UPDATE SET Hostname = EXCLUDED.Hostname ;
INSERT INTO OS(Hostname, Caption, BuildNumber, Architecture, Description) VALUES('PM-SSAUS14016.pa.pref', 'Microsoft Windows 10 Pro', '19045', '64 bits', 'Patrimônio 128181') ON CONFLICT(Hostname) DO UPDATE SET Hostname = EXCLUDED.Hostname, Caption = EXCLUDED.Caption, BuildNumber = EXCLUDED.BuildNumber, Architecture = EXCLUDED.Architecture, Description = EXCLUDED.Description ;
INSERT INTO Hosts(Hostname) VALUES ('PM-SSAUS14016.pa.pref') ON CONFLICT(Hostname) DO UPDATE SET Hostname = EXCLUDED.Hostname ;
INSERT INTO Networking(Hostname, IP, Gateway, Description, Index, DHCP) VALUES ('PM-SSAUS14016.pa.pref', '192.168.136.93', '192.168.136.1', 'Realtek PCIe GbE Family Controller', '1', 'True') ON CONFLICT(Hostname) DO UPDATE SET Hostname = EXCLUDED.Hostname, IP = EXCLUDED.IP, Gateway = EXCLUDED.Gateway, Description = EXCLUDED.Description, Index = EXCLUDED.Index, DHCP = EXCLUDED.DHCP ;
INSERT INTO Hosts(Hostname) VALUES ('PM-SECED31037.pa.pref') ON CONFLICT(Hostname) DO UPDATE SET Hostname = EXCLUDED.Hostname ;
INSERT INTO CPU(Hostname, Name, Caption, NOC, NOLP)VALUES('PM-SECED31037.pa.pref', 'Intel(R) Core(TM) i3-10100 CPU @ 3.60GHz', 'Intel64 Family 6 Model 165 Stepping 3', '4', '8') ON CONFLICT(Hostname) DO UPDATE SET Hostname = EXCLUDED.Hostname, Name = EXCLUDED.Name, Caption = EXCLUDED.Caption, NOC = EXCLUDED.NOC, NOLP = EXCLUDED.NOLP ;
INSERT INTO Hosts(Hostname) VALUES ('PM-SECED31037.pa.pref') ON CONFLICT(Hostname) DO UPDATE SET Hostname = EXCLUDED.Hostname ;
INSERT INTO OS(Hostname, Caption, BuildNumber, Architecture, Description) VALUES('PM-SECED31037.pa.pref', 'Microsoft Windows 10 Pro', '19045', '64 bits', 'P-174774 A-203570194') ON CONFLICT(Hostname) DO UPDATE SET Hostname = EXCLUDED.Hostname, Caption = EXCLUDED.Caption, BuildNumber = EXCLUDED.BuildNumber, Architecture = EXCLUDED.Architecture, Description = EXCLUDED.Description ;
INSERT INTO Hosts(Hostname) VALUES ('PM-SECED31037.pa.pref') ON CONFLICT(Hostname) DO UPDATE SET Hostname = EXCLUDED.Hostname ;
INSERT INTO Networking(Hostname, IP, Gateway, Description, Index, DHCP) VALUES ('PM-SECED31037.pa.pref', '192.168.108.234', '192.168.108.1', 'Realtek PCIe GbE Family Controller', '1', 'True') ON CONFLICT(Hostname) DO UPDATE SET Hostname = EXCLUDED.Hostname, IP = EXCLUDED.IP, Gateway = EXCLUDED.Gateway, Description = EXCLUDED.Description, Index = EXCLUDED.Index, DHCP = EXCLUDED.DHCP ;
INSERT INTO Hosts(Hostname) VALUES ('PM-INFO0171.pa.pref') ON CONFLICT(Hostname) DO UPDATE SET Hostname = EXCLUDED.Hostname ;
INSERT INTO CPU(Hostname, Name, Caption, NOC, NOLP)VALUES('PM-INFO0171.pa.pref', 'Intel(R) Core(TM) i3-10100 CPU @ 3.60GHz', 'Intel64 Family 6 Model 165 Stepping 3', '4', '8') ON CONFLICT(Hostname) DO UPDATE SET Hostname = EXCLUDED.Hostname, Name = EXCLUDED.Name, Caption = EXCLUDED.Caption, NOC = EXCLUDED.NOC, NOLP = EXCLUDED.NOLP ;
INSERT INTO Hosts(Hostname) VALUES ('PM-INFO0171.pa.pref') ON CONFLICT(Hostname) DO UPDATE SET Hostname = EXCLUDED.Hostname ;
INSERT INTO OS(Hostname, Caption, BuildNumber, Architecture, Description) VALUES('PM-INFO0171.pa.pref', 'Microsoft Windows 10 Pro', '19045', '64 bits', 'P-174498 A-820052938') ON CONFLICT(Hostname) DO UPDATE SET Hostname = EXCLUDED.Hostname, Caption = EXCLUDED.Caption, BuildNumber = EXCLUDED.BuildNumber, Architecture = EXCLUDED.Architecture, Description = EXCLUDED.Description ;
INSERT INTO Hosts(Hostname) VALUES ('PM-INFO0171.pa.pref') ON CONFLICT(Hostname) DO UPDATE SET Hostname = EXCLUDED.Hostname ;
INSERT INTO Networking(Hostname, IP, Gateway, Description, Index, DHCP) VALUES ('PM-INFO0171.pa.pref', '192.168.10.163', '192.168.10.1', 'Realtek PCIe GbE Family Controller', '1', 'True') ON CONFLICT(Hostname) DO UPDATE SET Hostname = EXCLUDED.Hostname, IP = EXCLUDED.IP, Gateway = EXCLUDED.Gateway, Description = EXCLUDED.Description, Index = EXCLUDED.Index, DHCP = EXCLUDED.DHCP ;
INSERT INTO Hosts(Hostname) VALUES ('PM-SPSHAB008.pa.pref') ON CONFLICT(Hostname) DO UPDATE SET Hostname = EXCLUDED.Hostname ;
INSERT INTO CPU(Hostname, Name, Caption, NOC, NOLP)VALUES('PM-SPSHAB008.pa.pref', 'Intel(R) Core(TM)2 Duo CPU     E7500  @ 2.93GHz', 'Intel64 Family 6 Model 23 Stepping 10', '2', '2') ON CONFLICT(Hostname) DO UPDATE SET Hostname = EXCLUDED.Hostname, Name = EXCLUDED.Name, Caption = EXCLUDED.Caption, NOC = EXCLUDED.NOC, NOLP = EXCLUDED.NOLP ;
INSERT INTO Hosts(Hostname) VALUES ('PM-SPSHAB008.pa.pref') ON CONFLICT(Hostname) DO UPDATE SET Hostname = EXCLUDED.Hostname ;
INSERT INTO OS(Hostname, Caption, BuildNumber, Architecture, Description) VALUES('PM-SPSHAB008.pa.pref', 'Microsoft Windows 7 Professional ', '7601', '64-bit', 'Patrimonio 89327') ON CONFLICT(Hostname) DO UPDATE SET Hostname = EXCLUDED.Hostname, Caption = EXCLUDED.Caption, BuildNumber = EXCLUDED.BuildNumber, Architecture = EXCLUDED.Architecture, Description = EXCLUDED.Description ;
INSERT INTO Hosts(Hostname) VALUES ('PM-SPSHAB008.pa.pref') ON CONFLICT(Hostname) DO UPDATE SET Hostname = EXCLUDED.Hostname ;
INSERT INTO Networking(Hostname, IP, Gateway, Description, Index, DHCP) VALUES ('PM-SPSHAB008.pa.pref', '192.168.16.106', '192.168.16.1', 'Intel(R) 82567V-4 Gigabit Network Connection', '7', 'True') ON CONFLICT(Hostname) DO UPDATE SET Hostname = EXCLUDED.Hostname, IP = EXCLUDED.IP, Gateway = EXCLUDED.Gateway, Description = EXCLUDED.Description, Index = EXCLUDED.Index, DHCP = EXCLUDED.DHCP ;
INSERT INTO Hosts(Hostname) VALUES ('PM-SAFGPA002.pa.pref') ON CONFLICT(Hostname) DO UPDATE SET Hostname = EXCLUDED.Hostname ;
INSERT INTO CPU(Hostname, Name, Caption, NOC, NOLP)VALUES('PM-SAFGPA002.pa.pref', 'Intel(R) Core(TM) i7-7700 CPU @ 3.60GHz', 'Intel64 Family 6 Model 158 Stepping 9', '4', '8') ON CONFLICT(Hostname) DO UPDATE SET Hostname = EXCLUDED.Hostname, Name = EXCLUDED.Name, Caption = EXCLUDED.Caption, NOC = EXCLUDED.NOC, NOLP = EXCLUDED.NOLP ;
INSERT INTO Hosts(Hostname) VALUES ('PM-SAFGPA002.pa.pref') ON CONFLICT(Hostname) DO UPDATE SET Hostname = EXCLUDED.Hostname ;
INSERT INTO OS(Hostname, Caption, BuildNumber, Architecture, Description) VALUES('PM-SAFGPA002.pa.pref', 'Microsoft Windows 10 Pro', '19045', '64 bits', '132468') ON CONFLICT(Hostname) DO UPDATE SET Hostname = EXCLUDED.Hostname, Caption = EXCLUDED.Caption, BuildNumber = EXCLUDED.BuildNumber, Architecture = EXCLUDED.Architecture, Description = EXCLUDED.Description ;
INSERT INTO Hosts(Hostname) VALUES ('PM-SAFGPA002.pa.pref') ON CONFLICT(Hostname) DO UPDATE SET Hostname = EXCLUDED.Hostname ;
INSERT INTO Networking(Hostname, IP, Gateway, Description, Index, DHCP) VALUES ('PM-SAFGPA002.pa.pref', '192.168.120.202', '192.168.120.1', 'Realtek PCIe GBE Family Controller', '1', 'True') ON CONFLICT(Hostname) DO UPDATE SET Hostname = EXCLUDED.Hostname, IP = EXCLUDED.IP, Gateway = EXCLUDED.Gateway, Description = EXCLUDED.Description, Index = EXCLUDED.Index, DHCP = EXCLUDED.DHCP ;
INSERT INTO Hosts(Hostname) VALUES ('pm-gabjsm006.pa.pref') ON CONFLICT(Hostname) DO UPDATE SET Hostname = EXCLUDED.Hostname ;
INSERT INTO CPU(Hostname, Name, Caption, NOC, NOLP)VALUES('pm-gabjsm006.pa.pref', 'Intel(R) Core(TM) i3-10100 CPU @ 3.60GHz', 'Intel64 Family 6 Model 165 Stepping 3', '4', '8') ON CONFLICT(Hostname) DO UPDATE SET Hostname = EXCLUDED.Hostname, Name = EXCLUDED.Name, Caption = EXCLUDED.Caption, NOC = EXCLUDED.NOC, NOLP = EXCLUDED.NOLP ;
INSERT INTO Hosts(Hostname) VALUES ('pm-gabjsm006.pa.pref') ON CONFLICT(Hostname) DO UPDATE SET Hostname = EXCLUDED.Hostname ;
INSERT INTO OS(Hostname, Caption, BuildNumber, Architecture, Description) VALUES('pm-gabjsm006.pa.pref', 'Microsoft Windows 10 Pro', '19045', '64 bits', 'P-174755 A-440778163') ON CONFLICT(Hostname) DO UPDATE SET Hostname = EXCLUDED.Hostname, Caption = EXCLUDED.Caption, BuildNumber = EXCLUDED.BuildNumber, Architecture = EXCLUDED.Architecture, Description = EXCLUDED.Description ;
INSERT INTO Hosts(Hostname) VALUES ('pm-gabjsm006.pa.pref') ON CONFLICT(Hostname) DO UPDATE SET Hostname = EXCLUDED.Hostname ;
INSERT INTO Networking(Hostname, IP, Gateway, Description, Index, DHCP) VALUES ('pm-gabjsm006.pa.pref', '192.168.17.174', '192.168.17.1', 'Realtek PCIe GbE Family Controller', '1', 'True') ON CONFLICT(Hostname) DO UPDATE SET Hostname = EXCLUDED.Hostname, IP = EXCLUDED.IP, Gateway = EXCLUDED.Gateway, Description = EXCLUDED.Description, Index = EXCLUDED.Index, DHCP = EXCLUDED.DHCP ;
INSERT INTO Hosts(Hostname) VALUES ('PM-SPSCMP002.pa.pref') ON CONFLICT(Hostname) DO UPDATE SET Hostname = EXCLUDED.Hostname ;
INSERT INTO CPU(Hostname, Name, Caption, NOC, NOLP)VALUES('PM-SPSCMP002.pa.pref', 'Intel(R) Core(TM)2 Duo CPU     E7500  @ 2.93GHz', 'Intel64 Family 6 Model 23 Stepping 10', '2', '2') ON CONFLICT(Hostname) DO UPDATE SET Hostname = EXCLUDED.Hostname, Name = EXCLUDED.Name, Caption = EXCLUDED.Caption, NOC = EXCLUDED.NOC, NOLP = EXCLUDED.NOLP ;
INSERT INTO Hosts(Hostname) VALUES ('PM-SPSCMP002.pa.pref') ON CONFLICT(Hostname) DO UPDATE SET Hostname = EXCLUDED.Hostname ;
INSERT INTO OS(Hostname, Caption, BuildNumber, Architecture, Description) VALUES('PM-SPSCMP002.pa.pref', 'Microsoft Windows 7 Professional ', '7601', '64-bit', 'PM-SPSCMP002') ON CONFLICT(Hostname) DO UPDATE SET Hostname = EXCLUDED.Hostname, Caption = EXCLUDED.Caption, BuildNumber = EXCLUDED.BuildNumber, Architecture = EXCLUDED.Architecture, Description = EXCLUDED.Description ;
INSERT INTO Hosts(Hostname) VALUES ('PM-SPSCMP002.pa.pref') ON CONFLICT(Hostname) DO UPDATE SET Hostname = EXCLUDED.Hostname ;
INSERT INTO Networking(Hostname, IP, Gateway, Description, Index, DHCP) VALUES ('PM-SPSCMP002.pa.pref', '192.168.131.54', '192.168.131.1', 'Intel(R) 82567V-4 Gigabit Network Connection', '7', 'True') ON CONFLICT(Hostname) DO UPDATE SET Hostname = EXCLUDED.Hostname, IP = EXCLUDED.IP, Gateway = EXCLUDED.Gateway, Description = EXCLUDED.Description, Index = EXCLUDED.Index, DHCP = EXCLUDED.DHCP ;
INSERT INTO Hosts(Hostname) VALUES ('PM-INFO0189.pa.pref') ON CONFLICT(Hostname) DO UPDATE SET Hostname = EXCLUDED.Hostname ;
INSERT INTO CPU(Hostname, Name, Caption, NOC, NOLP)VALUES('PM-INFO0189.pa.pref', 'Intel(R) Core(TM) i3-10100 CPU @ 3.60GHz', 'Intel64 Family 6 Model 165 Stepping 3', '4', '8') ON CONFLICT(Hostname) DO UPDATE SET Hostname = EXCLUDED.Hostname, Name = EXCLUDED.Name, Caption = EXCLUDED.Caption, NOC = EXCLUDED.NOC, NOLP = EXCLUDED.NOLP ;
INSERT INTO Hosts(Hostname) VALUES ('PM-INFO0189.pa.pref') ON CONFLICT(Hostname) DO UPDATE SET Hostname = EXCLUDED.Hostname ;
INSERT INTO OS(Hostname, Caption, BuildNumber, Architecture, Description) VALUES('PM-INFO0189.pa.pref', 'Microsoft Windows 10 Pro', '19045', '64 bits', 'P\\ 174594 A-\\759550779') ON CONFLICT(Hostname) DO UPDATE SET Hostname = EXCLUDED.Hostname, Caption = EXCLUDED.Caption, BuildNumber = EXCLUDED.BuildNumber, Architecture = EXCLUDED.Architecture, Description = EXCLUDED.Description ;
INSERT INTO Hosts(Hostname) VALUES ('PM-INFO0189.pa.pref') ON CONFLICT(Hostname) DO UPDATE SET Hostname = EXCLUDED.Hostname ;
INSERT INTO Networking(Hostname, IP, Gateway, Description, Index, DHCP) VALUES ('PM-INFO0189.pa.pref', '192.168.148.54', '192.168.148.1', 'Realtek PCIe GbE Family Controller', '1', 'True') ON CONFLICT(Hostname) DO UPDATE SET Hostname = EXCLUDED.Hostname, IP = EXCLUDED.IP, Gateway = EXCLUDED.Gateway, Description = EXCLUDED.Description, Index = EXCLUDED.Index, DHCP = EXCLUDED.DHCP ;
INSERT INTO Hosts(Hostname) VALUES ('PM-STTADM027.pa.pref') ON CONFLICT(Hostname) DO UPDATE SET Hostname = EXCLUDED.Hostname ;
INSERT INTO CPU(Hostname, Name, Caption, NOC, NOLP)VALUES('PM-STTADM027.pa.pref', 'Intel(R) Core(TM) i3-7100 CPU @ 3.90GHz', 'Intel64 Family 6 Model 158 Stepping 9', '2', '4') ON CONFLICT(Hostname) DO UPDATE SET Hostname = EXCLUDED.Hostname, Name = EXCLUDED.Name, Caption = EXCLUDED.Caption, NOC = EXCLUDED.NOC, NOLP = EXCLUDED.NOLP ;
INSERT INTO Hosts(Hostname) VALUES ('PM-STTADM027.pa.pref') ON CONFLICT(Hostname) DO UPDATE SET Hostname = EXCLUDED.Hostname ;
INSERT INTO OS(Hostname, Caption, BuildNumber, Architecture, Description) VALUES('PM-STTADM027.pa.pref', 'Microsoft Windows 10 Pro', '19045', '64 bits', 'P-132194 A-889170644') ON CONFLICT(Hostname) DO UPDATE SET Hostname = EXCLUDED.Hostname, Caption = EXCLUDED.Caption, BuildNumber = EXCLUDED.BuildNumber, Architecture = EXCLUDED.Architecture, Description = EXCLUDED.Description ;
INSERT INTO Hosts(Hostname) VALUES ('PM-STTADM027.pa.pref') ON CONFLICT(Hostname) DO UPDATE SET Hostname = EXCLUDED.Hostname ;
INSERT INTO Networking(Hostname, IP, Gateway, Description, Index, DHCP) VALUES ('PM-STTADM027.pa.pref', '192.168.10.186', '192.168.10.1', 'Realtek PCIe GBE Family Controller', '1', 'True') ON CONFLICT(Hostname) DO UPDATE SET Hostname = EXCLUDED.Hostname, IP = EXCLUDED.IP, Gateway = EXCLUDED.Gateway, Description = EXCLUDED.Description, Index = EXCLUDED.Index, DHCP = EXCLUDED.DHCP ;
INSERT INTO Hosts(Hostname) VALUES ('PM-SPMFPO004.pa.pref') ON CONFLICT(Hostname) DO UPDATE SET Hostname = EXCLUDED.Hostname ;
INSERT INTO CPU(Hostname, Name, Caption, NOC, NOLP)VALUES('PM-SPMFPO004.pa.pref', 'Intel(R) Core(TM) i3-7100 CPU @ 3.90GHz', 'Intel64 Family 6 Model 158 Stepping 9', '2', '4') ON CONFLICT(Hostname) DO UPDATE SET Hostname = EXCLUDED.Hostname, Name = EXCLUDED.Name, Caption = EXCLUDED.Caption, NOC = EXCLUDED.NOC, NOLP = EXCLUDED.NOLP ;
INSERT INTO Hosts(Hostname) VALUES ('PM-SPMFPO004.pa.pref') ON CONFLICT(Hostname) DO UPDATE SET Hostname = EXCLUDED.Hostname ;
INSERT INTO OS(Hostname, Caption, BuildNumber, Architecture, Description) VALUES('PM-SPMFPO004.pa.pref', 'Microsoft Windows 10 Pro', '19045', '64 bits', '132175') ON CONFLICT(Hostname) DO UPDATE SET Hostname = EXCLUDED.Hostname, Caption = EXCLUDED.Caption, BuildNumber = EXCLUDED.BuildNumber, Architecture = EXCLUDED.Architecture, Description = EXCLUDED.Description ;
INSERT INTO Hosts(Hostname) VALUES ('PM-SPMFPO004.pa.pref') ON CONFLICT(Hostname) DO UPDATE SET Hostname = EXCLUDED.Hostname ;
INSERT INTO Networking(Hostname, IP, Gateway, Description, Index, DHCP) VALUES ('PM-SPMFPO004.pa.pref', '192.168.223.219', '192.168.223.1', 'Realtek PCIe GbE Family Controller', '1', 'True') ON CONFLICT(Hostname) DO UPDATE SET Hostname = EXCLUDED.Hostname, IP = EXCLUDED.IP, Gateway = EXCLUDED.Gateway, Description = EXCLUDED.Description, Index = EXCLUDED.Index, DHCP = EXCLUDED.DHCP ;
INSERT INTO Hosts(Hostname) VALUES ('PM-SDESLM001.pa.pref') ON CONFLICT(Hostname) DO UPDATE SET Hostname = EXCLUDED.Hostname ;
INSERT INTO CPU(Hostname, Name, Caption, NOC, NOLP)VALUES('PM-SDESLM001.pa.pref', '12th Gen Intel(R) Core(TM) i3-12100', 'Intel64 Family 6 Model 151 Stepping 5', '4', '8') ON CONFLICT(Hostname) DO UPDATE SET Hostname = EXCLUDED.Hostname, Name = EXCLUDED.Name, Caption = EXCLUDED.Caption, NOC = EXCLUDED.NOC, NOLP = EXCLUDED.NOLP ;
INSERT INTO Hosts(Hostname) VALUES ('PM-SDESLM001.pa.pref') ON CONFLICT(Hostname) DO UPDATE SET Hostname = EXCLUDED.Hostname ;
INSERT INTO OS(Hostname, Caption, BuildNumber, Architecture, Description) VALUES('PM-SDESLM001.pa.pref', 'Microsoft Windows 11 Pro', '22621', '64 bits', 'PM-SDESLM001') ON CONFLICT(Hostname) DO UPDATE SET Hostname = EXCLUDED.Hostname, Caption = EXCLUDED.Caption, BuildNumber = EXCLUDED.BuildNumber, Architecture = EXCLUDED.Architecture, Description = EXCLUDED.Description ;
INSERT INTO Hosts(Hostname) VALUES ('PM-SDESLM001.pa.pref') ON CONFLICT(Hostname) DO UPDATE SET Hostname = EXCLUDED.Hostname ;
INSERT INTO Networking(Hostname, IP, Gateway, Description, Index, DHCP) VALUES ('PM-SDESLM001.pa.pref', '192.168.8.171', '192.168.8.1', 'Realtek PCIe GbE Family Controller', '1', 'True') ON CONFLICT(Hostname) DO UPDATE SET Hostname = EXCLUDED.Hostname, IP = EXCLUDED.IP, Gateway = EXCLUDED.Gateway, Description = EXCLUDED.Description, Index = EXCLUDED.Index, DHCP = EXCLUDED.DHCP ;
INSERT INTO Hosts(Hostname) VALUES ('PM-183512.pa.pref') ON CONFLICT(Hostname) DO UPDATE SET Hostname = EXCLUDED.Hostname ;
INSERT INTO CPU(Hostname, Name, Caption, NOC, NOLP)VALUES('PM-183512.pa.pref', 'Intel(R) Core(TM) i3-2120 CPU @ 3.30GHz', 'Intel64 Family 6 Model 42 Stepping 7', '2', '4') ON CONFLICT(Hostname) DO UPDATE SET Hostname = EXCLUDED.Hostname, Name = EXCLUDED.Name, Caption = EXCLUDED.Caption, NOC = EXCLUDED.NOC, NOLP = EXCLUDED.NOLP ;
INSERT INTO Hosts(Hostname) VALUES ('PM-183512.pa.pref') ON CONFLICT(Hostname) DO UPDATE SET Hostname = EXCLUDED.Hostname ;
INSERT INTO OS(Hostname, Caption, BuildNumber, Architecture, Description) VALUES('PM-183512.pa.pref', 'Microsoft Windows 10 Pro', '19045', '64 bits', NULL) ON CONFLICT(Hostname) DO UPDATE SET Hostname = EXCLUDED.Hostname, Caption = EXCLUDED.Caption, BuildNumber = EXCLUDED.BuildNumber, Architecture = EXCLUDED.Architecture, Description = EXCLUDED.Description ;
INSERT INTO Hosts(Hostname) VALUES ('PM-183512.pa.pref') ON CONFLICT(Hostname) DO UPDATE SET Hostname = EXCLUDED.Hostname ;
INSERT INTO Networking(Hostname, IP, Gateway, Description, Index, DHCP) VALUES ('PM-183512.pa.pref', '192.168.219.12', '192.168.219.1', 'Realtek PCIe GbE Family Controller', '1', 'True') ON CONFLICT(Hostname) DO UPDATE SET Hostname = EXCLUDED.Hostname, IP = EXCLUDED.IP, Gateway = EXCLUDED.Gateway, Description = EXCLUDED.Description, Index = EXCLUDED.Index, DHCP = EXCLUDED.DHCP ;
INSERT INTO Hosts(Hostname) VALUES ('PM-SSAATD012.pa.pref') ON CONFLICT(Hostname) DO UPDATE SET Hostname = EXCLUDED.Hostname ;
INSERT INTO CPU(Hostname, Name, Caption, NOC, NOLP)VALUES('PM-SSAATD012.pa.pref', 'Intel(R) Core(TM) i3-3220 CPU @ 3.30GHz', 'Intel64 Family 6 Model 58 Stepping 9', '2', '4') ON CONFLICT(Hostname) DO UPDATE SET Hostname = EXCLUDED.Hostname, Name = EXCLUDED.Name, Caption = EXCLUDED.Caption, NOC = EXCLUDED.NOC, NOLP = EXCLUDED.NOLP ;
INSERT INTO Hosts(Hostname) VALUES ('PM-SSAATD012.pa.pref') ON CONFLICT(Hostname) DO UPDATE SET Hostname = EXCLUDED.Hostname ;
INSERT INTO OS(Hostname, Caption, BuildNumber, Architecture, Description) VALUES('PM-SSAATD012.pa.pref', 'Microsoft Windows 10 Pro', '19045', '64 bits', 'P-99509 A-605492466') ON CONFLICT(Hostname) DO UPDATE SET Hostname = EXCLUDED.Hostname, Caption = EXCLUDED.Caption, BuildNumber = EXCLUDED.BuildNumber, Architecture = EXCLUDED.Architecture, Description = EXCLUDED.Description ;
INSERT INTO Hosts(Hostname) VALUES ('PM-SSAATD012.pa.pref') ON CONFLICT(Hostname) DO UPDATE SET Hostname = EXCLUDED.Hostname ;
INSERT INTO Networking(Hostname, IP, Gateway, Description, Index, DHCP) VALUES ('PM-SSAATD012.pa.pref', '192.168.11.57', '192.168.11.1', 'Realtek PCIe GbE Family Controller', '1', 'True') ON CONFLICT(Hostname) DO UPDATE SET Hostname = EXCLUDED.Hostname, IP = EXCLUDED.IP, Gateway = EXCLUDED.Gateway, Description = EXCLUDED.Description, Index = EXCLUDED.Index, DHCP = EXCLUDED.DHCP ;
INSERT INTO Hosts(Hostname) VALUES ('PM-SECPED022.pa.pref') ON CONFLICT(Hostname) DO UPDATE SET Hostname = EXCLUDED.Hostname ;
INSERT INTO CPU(Hostname, Name, Caption, NOC, NOLP)VALUES('PM-SECPED022.pa.pref', 'Intel(R) Core(TM)2 Duo CPU     E4500  @ 2.20GHz', 'Intel64 Family 6 Model 15 Stepping 13', '2', '2') ON CONFLICT(Hostname) DO UPDATE SET Hostname = EXCLUDED.Hostname, Name = EXCLUDED.Name, Caption = EXCLUDED.Caption, NOC = EXCLUDED.NOC, NOLP = EXCLUDED.NOLP ;
INSERT INTO Hosts(Hostname) VALUES ('PM-SECPED022.pa.pref') ON CONFLICT(Hostname) DO UPDATE SET Hostname = EXCLUDED.Hostname ;
INSERT INTO OS(Hostname, Caption, BuildNumber, Architecture, Description) VALUES('PM-SECPED022.pa.pref', 'Microsoft Windows 10 Pro', '19045', '64 bits', 'P-89003 A-116688359') ON CONFLICT(Hostname) DO UPDATE SET Hostname = EXCLUDED.Hostname, Caption = EXCLUDED.Caption, BuildNumber = EXCLUDED.BuildNumber, Architecture = EXCLUDED.Architecture, Description = EXCLUDED.Description ;
INSERT INTO Hosts(Hostname) VALUES ('PM-SECPED022.pa.pref') ON CONFLICT(Hostname) DO UPDATE SET Hostname = EXCLUDED.Hostname ;
INSERT INTO Networking(Hostname, IP, Gateway, Description, Index, DHCP) VALUES ('PM-SECPED022.pa.pref', '192.168.39.95', '192.168.39.1', 'Realtek PCIe FE Family Controller', '1', 'True') ON CONFLICT(Hostname) DO UPDATE SET Hostname = EXCLUDED.Hostname, IP = EXCLUDED.IP, Gateway = EXCLUDED.Gateway, Description = EXCLUDED.Description, Index = EXCLUDED.Index, DHCP = EXCLUDED.DHCP ;
INSERT INTO Hosts(Hostname) VALUES ('PM-SSAUS07012.pa.pref') ON CONFLICT(Hostname) DO UPDATE SET Hostname = EXCLUDED.Hostname ;
INSERT INTO CPU(Hostname, Name, Caption, NOC, NOLP)VALUES('PM-SSAUS07012.pa.pref', 'Intel(R) Core(TM) i3-10100 CPU @ 3.60GHz', 'Intel64 Family 6 Model 165 Stepping 3', '4', '8') ON CONFLICT(Hostname) DO UPDATE SET Hostname = EXCLUDED.Hostname, Name = EXCLUDED.Name, Caption = EXCLUDED.Caption, NOC = EXCLUDED.NOC, NOLP = EXCLUDED.NOLP ;
INSERT INTO Hosts(Hostname) VALUES ('PM-SSAUS07012.pa.pref') ON CONFLICT(Hostname) DO UPDATE SET Hostname = EXCLUDED.Hostname ;
INSERT INTO OS(Hostname, Caption, BuildNumber, Architecture, Description) VALUES('PM-SSAUS07012.pa.pref', 'Microsoft Windows 10 Pro', '19045', '64 bits', 'P-174571 A-741725730') ON CONFLICT(Hostname) DO UPDATE SET Hostname = EXCLUDED.Hostname, Caption = EXCLUDED.Caption, BuildNumber = EXCLUDED.BuildNumber, Architecture = EXCLUDED.Architecture, Description = EXCLUDED.Description ;
INSERT INTO Hosts(Hostname) VALUES ('PM-SSAUS07012.pa.pref') ON CONFLICT(Hostname) DO UPDATE SET Hostname = EXCLUDED.Hostname ;
INSERT INTO Networking(Hostname, IP, Gateway, Description, Index, DHCP) VALUES ('PM-SSAUS07012.pa.pref', '192.168.196.247', '192.168.196.1', 'Realtek PCIe GbE Family Controller', '1', 'True') ON CONFLICT(Hostname) DO UPDATE SET Hostname = EXCLUDED.Hostname, IP = EXCLUDED.IP, Gateway = EXCLUDED.Gateway, Description = EXCLUDED.Description, Index = EXCLUDED.Index, DHCP = EXCLUDED.DHCP ;
INSERT INTO Hosts(Hostname) VALUES ('PM-SECED24010.pa.pref') ON CONFLICT(Hostname) DO UPDATE SET Hostname = EXCLUDED.Hostname ;
INSERT INTO CPU(Hostname, Name, Caption, NOC, NOLP)VALUES('PM-SECED24010.pa.pref', 'Intel(R) Core(TM)2 Duo CPU     E8400  @ 3.00GHz', 'Intel64 Family 6 Model 23 Stepping 10', '2', '2') ON CONFLICT(Hostname) DO UPDATE SET Hostname = EXCLUDED.Hostname, Name = EXCLUDED.Name, Caption = EXCLUDED.Caption, NOC = EXCLUDED.NOC, NOLP = EXCLUDED.NOLP ;
INSERT INTO Hosts(Hostname) VALUES ('PM-SECED24010.pa.pref') ON CONFLICT(Hostname) DO UPDATE SET Hostname = EXCLUDED.Hostname ;
INSERT INTO OS(Hostname, Caption, BuildNumber, Architecture, Description) VALUES('PM-SECED24010.pa.pref', 'Microsoft Windows 7 Professional ', '7601', '64-bit', NULL) ON CONFLICT(Hostname) DO UPDATE SET Hostname = EXCLUDED.Hostname, Caption = EXCLUDED.Caption, BuildNumber = EXCLUDED.BuildNumber, Architecture = EXCLUDED.Architecture, Description = EXCLUDED.Description ;
INSERT INTO Hosts(Hostname) VALUES ('PM-SECED24010.pa.pref') ON CONFLICT(Hostname) DO UPDATE SET Hostname = EXCLUDED.Hostname ;
INSERT INTO Networking(Hostname, IP, Gateway, Description, Index, DHCP) VALUES ('PM-SECED24010.pa.pref', '192.168.85.149', '192.168.85.1', 'Intel(R) 82567LM-3 Gigabit Network Connection', '7', 'True') ON CONFLICT(Hostname) DO UPDATE SET Hostname = EXCLUDED.Hostname, IP = EXCLUDED.IP, Gateway = EXCLUDED.Gateway, Description = EXCLUDED.Description, Index = EXCLUDED.Index, DHCP = EXCLUDED.DHCP ;
INSERT INTO Hosts(Hostname) VALUES ('PM-86020.pa.pref') ON CONFLICT(Hostname) DO UPDATE SET Hostname = EXCLUDED.Hostname ;
INSERT INTO CPU(Hostname, Name, Caption, NOC, NOLP)VALUES('PM-86020.pa.pref', 'AMD Athlon(tm) Dual Core Processor 5000B', 'AMD64 Family 15 Model 107 Stepping 2', '2', '2') ON CONFLICT(Hostname) DO UPDATE SET Hostname = EXCLUDED.Hostname, Name = EXCLUDED.Name, Caption = EXCLUDED.Caption, NOC = EXCLUDED.NOC, NOLP = EXCLUDED.NOLP ;
INSERT INTO Hosts(Hostname) VALUES ('PM-86020.pa.pref') ON CONFLICT(Hostname) DO UPDATE SET Hostname = EXCLUDED.Hostname ;
INSERT INTO OS(Hostname, Caption, BuildNumber, Architecture, Description) VALUES('PM-86020.pa.pref', 'Microsoft Windows 7 Professional ', '7601', '64-bit', 'P-86020 A-887 680 557') ON CONFLICT(Hostname) DO UPDATE SET Hostname = EXCLUDED.Hostname, Caption = EXCLUDED.Caption, BuildNumber = EXCLUDED.BuildNumber, Architecture = EXCLUDED.Architecture, Description = EXCLUDED.Description ;
INSERT INTO Hosts(Hostname) VALUES ('PM-86020.pa.pref') ON CONFLICT(Hostname) DO UPDATE SET Hostname = EXCLUDED.Hostname ;
INSERT INTO Networking(Hostname, IP, Gateway, Description, Index, DHCP) VALUES ('PM-86020.pa.pref', '192.168.72.67', '192.168.72.1', 'Broadcom NetXtreme Gigabit Ethernet', '7', 'True') ON CONFLICT(Hostname) DO UPDATE SET Hostname = EXCLUDED.Hostname, IP = EXCLUDED.IP, Gateway = EXCLUDED.Gateway, Description = EXCLUDED.Description, Index = EXCLUDED.Index, DHCP = EXCLUDED.DHCP ;
INSERT INTO Hosts(Hostname) VALUES ('PM-SSAHPMINI015.pa.pref') ON CONFLICT(Hostname) DO UPDATE SET Hostname = EXCLUDED.Hostname ;
INSERT INTO CPU(Hostname, Name, Caption, NOC, NOLP)VALUES('PM-SSAHPMINI015.pa.pref', 'AMD Ryzen 3 PRO 4350GE with Radeon Graphics', 'AMD64 Family 23 Model 96 Stepping 1', '4', '8') ON CONFLICT(Hostname) DO UPDATE SET Hostname = EXCLUDED.Hostname, Name = EXCLUDED.Name, Caption = EXCLUDED.Caption, NOC = EXCLUDED.NOC, NOLP = EXCLUDED.NOLP ;
INSERT INTO Hosts(Hostname) VALUES ('PM-SSAHPMINI015.pa.pref') ON CONFLICT(Hostname) DO UPDATE SET Hostname = EXCLUDED.Hostname ;
INSERT INTO OS(Hostname, Caption, BuildNumber, Architecture, Description) VALUES('PM-SSAHPMINI015.pa.pref', 'Microsoft Windows 10 Pro', '19045', '64 bits', 'P-169045 A-262 487 618') ON CONFLICT(Hostname) DO UPDATE SET Hostname = EXCLUDED.Hostname, Caption = EXCLUDED.Caption, BuildNumber = EXCLUDED.BuildNumber, Architecture = EXCLUDED.Architecture, Description = EXCLUDED.Description ;
INSERT INTO Hosts(Hostname) VALUES ('PM-SSAHPMINI015.pa.pref') ON CONFLICT(Hostname) DO UPDATE SET Hostname = EXCLUDED.Hostname ;
INSERT INTO Networking(Hostname, IP, Gateway, Description, Index, DHCP) VALUES ('PM-SSAHPMINI015.pa.pref', '192.168.112.191', '192.168.112.1', 'Realtek PCIe GbE Family Controller', '1', 'True') ON CONFLICT(Hostname) DO UPDATE SET Hostname = EXCLUDED.Hostname, IP = EXCLUDED.IP, Gateway = EXCLUDED.Gateway, Description = EXCLUDED.Description, Index = EXCLUDED.Index, DHCP = EXCLUDED.DHCP ;
INSERT INTO Hosts(Hostname) VALUES ('PAT-169075.pa.pref') ON CONFLICT(Hostname) DO UPDATE SET Hostname = EXCLUDED.Hostname ;
INSERT INTO CPU(Hostname, Name, Caption, NOC, NOLP)VALUES('PAT-169075.pa.pref', 'AMD Ryzen 3 PRO 4350GE with Radeon Graphics', 'AMD64 Family 23 Model 96 Stepping 1', '4', '8') ON CONFLICT(Hostname) DO UPDATE SET Hostname = EXCLUDED.Hostname, Name = EXCLUDED.Name, Caption = EXCLUDED.Caption, NOC = EXCLUDED.NOC, NOLP = EXCLUDED.NOLP ;
INSERT INTO Hosts(Hostname) VALUES ('PAT-169075.pa.pref') ON CONFLICT(Hostname) DO UPDATE SET Hostname = EXCLUDED.Hostname ;
INSERT INTO OS(Hostname, Caption, BuildNumber, Architecture, Description) VALUES('PAT-169075.pa.pref', 'Microsoft Windows 10 Pro', '19044', '64 bits', 'P-169075 A-179087185') ON CONFLICT(Hostname) DO UPDATE SET Hostname = EXCLUDED.Hostname, Caption = EXCLUDED.Caption, BuildNumber = EXCLUDED.BuildNumber, Architecture = EXCLUDED.Architecture, Description = EXCLUDED.Description ;
INSERT INTO Hosts(Hostname) VALUES ('PAT-169075.pa.pref') ON CONFLICT(Hostname) DO UPDATE SET Hostname = EXCLUDED.Hostname ;
INSERT INTO Networking(Hostname, IP, Gateway, Description, Index, DHCP) VALUES ('PAT-169075.pa.pref', '192.168.102.134', '192.168.102.1', 'Realtek RTL8852AE WiFi 6 802.11ax PCIe Adapter', '2', 'True') ON CONFLICT(Hostname) DO UPDATE SET Hostname = EXCLUDED.Hostname, IP = EXCLUDED.IP, Gateway = EXCLUDED.Gateway, Description = EXCLUDED.Description, Index = EXCLUDED.Index, DHCP = EXCLUDED.DHCP ;
INSERT INTO Hosts(Hostname) VALUES ('PM-SPMGAM005.pa.pref') ON CONFLICT(Hostname) DO UPDATE SET Hostname = EXCLUDED.Hostname ;
INSERT INTO CPU(Hostname, Name, Caption, NOC, NOLP)VALUES('PM-SPMGAM005.pa.pref', 'Intel(R) Core(TM) i3-7100 CPU @ 3.90GHz', 'Intel64 Family 6 Model 158 Stepping 9', '2', '4') ON CONFLICT(Hostname) DO UPDATE SET Hostname = EXCLUDED.Hostname, Name = EXCLUDED.Name, Caption = EXCLUDED.Caption, NOC = EXCLUDED.NOC, NOLP = EXCLUDED.NOLP ;
INSERT INTO Hosts(Hostname) VALUES ('PM-SPMGAM005.pa.pref') ON CONFLICT(Hostname) DO UPDATE SET Hostname = EXCLUDED.Hostname ;
INSERT INTO OS(Hostname, Caption, BuildNumber, Architecture, Description) VALUES('PM-SPMGAM005.pa.pref', 'Microsoft Windows 10 Pro', '19045', '64 bits', '132145') ON CONFLICT(Hostname) DO UPDATE SET Hostname = EXCLUDED.Hostname, Caption = EXCLUDED.Caption, BuildNumber = EXCLUDED.BuildNumber, Architecture = EXCLUDED.Architecture, Description = EXCLUDED.Description ;
INSERT INTO Hosts(Hostname) VALUES ('PM-SPMGAM005.pa.pref') ON CONFLICT(Hostname) DO UPDATE SET Hostname = EXCLUDED.Hostname ;
INSERT INTO Networking(Hostname, IP, Gateway, Description, Index, DHCP) VALUES ('PM-SPMGAM005.pa.pref', '192.168.223.238', '192.168.223.1', 'Realtek PCIe GBE Family Controller', '2', 'True') ON CONFLICT(Hostname) DO UPDATE SET Hostname = EXCLUDED.Hostname, IP = EXCLUDED.IP, Gateway = EXCLUDED.Gateway, Description = EXCLUDED.Description, Index = EXCLUDED.Index, DHCP = EXCLUDED.DHCP ;
INSERT INTO Hosts(Hostname) VALUES ('PM-SUCBBT003.pa.pref') ON CONFLICT(Hostname) DO UPDATE SET Hostname = EXCLUDED.Hostname ;
INSERT INTO CPU(Hostname, Name, Caption, NOC, NOLP)VALUES('PM-SUCBBT003.pa.pref', 'Intel(R) Core(TM) i3-3220 CPU @ 3.30GHz', 'Intel64 Family 6 Model 58 Stepping 9', '2', '4') ON CONFLICT(Hostname) DO UPDATE SET Hostname = EXCLUDED.Hostname, Name = EXCLUDED.Name, Caption = EXCLUDED.Caption, NOC = EXCLUDED.NOC, NOLP = EXCLUDED.NOLP ;
INSERT INTO Hosts(Hostname) VALUES ('PM-SUCBBT003.pa.pref') ON CONFLICT(Hostname) DO UPDATE SET Hostname = EXCLUDED.Hostname ;
INSERT INTO OS(Hostname, Caption, BuildNumber, Architecture, Description) VALUES('PM-SUCBBT003.pa.pref', 'Microsoft Windows 10 Pro', '19045', '64 bits', 'SEM PATRIMONIO') ON CONFLICT(Hostname) DO UPDATE SET Hostname = EXCLUDED.Hostname, Caption = EXCLUDED.Caption, BuildNumber = EXCLUDED.BuildNumber, Architecture = EXCLUDED.Architecture, Description = EXCLUDED.Description ;
INSERT INTO Hosts(Hostname) VALUES ('PM-SUCBBT003.pa.pref') ON CONFLICT(Hostname) DO UPDATE SET Hostname = EXCLUDED.Hostname ;
INSERT INTO Networking(Hostname, IP, Gateway, Description, Index, DHCP) VALUES ('PM-SUCBBT003.pa.pref', '192.168.30.164', '192.168.30.1', 'Realtek PCIe GbE Family Controller', '1', 'True') ON CONFLICT(Hostname) DO UPDATE SET Hostname = EXCLUDED.Hostname, IP = EXCLUDED.IP, Gateway = EXCLUDED.Gateway, Description = EXCLUDED.Description, Index = EXCLUDED.Index, DHCP = EXCLUDED.DHCP ;
INSERT INTO Hosts(Hostname) VALUES ('PM-SIOLUR013.pa.pref') ON CONFLICT(Hostname) DO UPDATE SET Hostname = EXCLUDED.Hostname ;
INSERT INTO CPU(Hostname, Name, Caption, NOC, NOLP)VALUES('PM-SIOLUR013.pa.pref', '12th Gen Intel(R) Core(TM) i3-12100', 'Intel64 Family 6 Model 151 Stepping 5', '4', '8') ON CONFLICT(Hostname) DO UPDATE SET Hostname = EXCLUDED.Hostname, Name = EXCLUDED.Name, Caption = EXCLUDED.Caption, NOC = EXCLUDED.NOC, NOLP = EXCLUDED.NOLP ;
INSERT INTO Hosts(Hostname) VALUES ('PM-SIOLUR013.pa.pref') ON CONFLICT(Hostname) DO UPDATE SET Hostname = EXCLUDED.Hostname ;
INSERT INTO OS(Hostname, Caption, BuildNumber, Architecture, Description) VALUES('PM-SIOLUR013.pa.pref', 'Microsoft Windows 11 Pro', '22621', '64 bits', 'PM-SIOLUR013') ON CONFLICT(Hostname) DO UPDATE SET Hostname = EXCLUDED.Hostname, Caption = EXCLUDED.Caption, BuildNumber = EXCLUDED.BuildNumber, Architecture = EXCLUDED.Architecture, Description = EXCLUDED.Description ;
INSERT INTO Hosts(Hostname) VALUES ('PM-SIOLUR013.pa.pref') ON CONFLICT(Hostname) DO UPDATE SET Hostname = EXCLUDED.Hostname ;
INSERT INTO Networking(Hostname, IP, Gateway, Description, Index, DHCP) VALUES ('PM-SIOLUR013.pa.pref', '192.168.10.241', '192.168.10.1', 'Realtek PCIe GbE Family Controller', '1', 'True') ON CONFLICT(Hostname) DO UPDATE SET Hostname = EXCLUDED.Hostname, IP = EXCLUDED.IP, Gateway = EXCLUDED.Gateway, Description = EXCLUDED.Description, Index = EXCLUDED.Index, DHCP = EXCLUDED.DHCP ;
INSERT INTO Hosts(Hostname) VALUES ('PM-SSADPGF018.pa.pref') ON CONFLICT(Hostname) DO UPDATE SET Hostname = EXCLUDED.Hostname ;
INSERT INTO CPU(Hostname, Name, Caption, NOC, NOLP)VALUES('PM-SSADPGF018.pa.pref', '12th Gen Intel(R) Core(TM) i3-12100', 'Intel64 Family 6 Model 151 Stepping 5', '4', '8') ON CONFLICT(Hostname) DO UPDATE SET Hostname = EXCLUDED.Hostname, Name = EXCLUDED.Name, Caption = EXCLUDED.Caption, NOC = EXCLUDED.NOC, NOLP = EXCLUDED.NOLP ;
INSERT INTO Hosts(Hostname) VALUES ('PM-SSADPGF018.pa.pref') ON CONFLICT(Hostname) DO UPDATE SET Hostname = EXCLUDED.Hostname ;
INSERT INTO OS(Hostname, Caption, BuildNumber, Architecture, Description) VALUES('PM-SSADPGF018.pa.pref', 'Microsoft Windows 11 Pro', '22621', '64 bits', 'DPGF S/P') ON CONFLICT(Hostname) DO UPDATE SET Hostname = EXCLUDED.Hostname, Caption = EXCLUDED.Caption, BuildNumber = EXCLUDED.BuildNumber, Architecture = EXCLUDED.Architecture, Description = EXCLUDED.Description ;
INSERT INTO Hosts(Hostname) VALUES ('PM-SSADPGF018.pa.pref') ON CONFLICT(Hostname) DO UPDATE SET Hostname = EXCLUDED.Hostname ;
INSERT INTO Networking(Hostname, IP, Gateway, Description, Index, DHCP) VALUES ('PM-SSADPGF018.pa.pref', '192.168.11.58', '192.168.11.1', 'Realtek PCIe GbE Family Controller', '1', 'True') ON CONFLICT(Hostname) DO UPDATE SET Hostname = EXCLUDED.Hostname, IP = EXCLUDED.IP, Gateway = EXCLUDED.Gateway, Description = EXCLUDED.Description, Index = EXCLUDED.Index, DHCP = EXCLUDED.DHCP ;
INSERT INTO Hosts(Hostname) VALUES ('PM-102634.pa.pref') ON CONFLICT(Hostname) DO UPDATE SET Hostname = EXCLUDED.Hostname ;
INSERT INTO CPU(Hostname, Name, Caption, NOC, NOLP)VALUES('PM-102634.pa.pref', 'Intel(R) Core(TM) i5-3470 CPU @ 3.20GHz', 'Intel64 Family 6 Model 58 Stepping 9', '4', '4') ON CONFLICT(Hostname) DO UPDATE SET Hostname = EXCLUDED.Hostname, Name = EXCLUDED.Name, Caption = EXCLUDED.Caption, NOC = EXCLUDED.NOC, NOLP = EXCLUDED.NOLP ;
INSERT INTO Hosts(Hostname) VALUES ('PM-102634.pa.pref') ON CONFLICT(Hostname) DO UPDATE SET Hostname = EXCLUDED.Hostname ;
INSERT INTO OS(Hostname, Caption, BuildNumber, Architecture, Description) VALUES('PM-102634.pa.pref', 'Microsoft Windows 10 Pro', '19045', '64 bits', 'PM-102634') ON CONFLICT(Hostname) DO UPDATE SET Hostname = EXCLUDED.Hostname, Caption = EXCLUDED.Caption, BuildNumber = EXCLUDED.BuildNumber, Architecture = EXCLUDED.Architecture, Description = EXCLUDED.Description ;
INSERT INTO Hosts(Hostname) VALUES ('PM-102634.pa.pref') ON CONFLICT(Hostname) DO UPDATE SET Hostname = EXCLUDED.Hostname ;
INSERT INTO Networking(Hostname, IP, Gateway, Description, Index, DHCP) VALUES ('PM-102634.pa.pref', '192.168.9.216', '192.168.9.1', 'Intel(R) 82579LM Gigabit Network Connection', '1', 'True') ON CONFLICT(Hostname) DO UPDATE SET Hostname = EXCLUDED.Hostname, IP = EXCLUDED.IP, Gateway = EXCLUDED.Gateway, Description = EXCLUDED.Description, Index = EXCLUDED.Index, DHCP = EXCLUDED.DHCP ;
INSERT INTO Hosts(Hostname) VALUES ('PM-STTADM019.pa.pref') ON CONFLICT(Hostname) DO UPDATE SET Hostname = EXCLUDED.Hostname ;
INSERT INTO CPU(Hostname, Name, Caption, NOC, NOLP)VALUES('PM-STTADM019.pa.pref', 'Intel(R) Core(TM) i3-7100 CPU @ 3.90GHz', 'Intel64 Family 6 Model 158 Stepping 9', '2', '4') ON CONFLICT(Hostname) DO UPDATE SET Hostname = EXCLUDED.Hostname, Name = EXCLUDED.Name, Caption = EXCLUDED.Caption, NOC = EXCLUDED.NOC, NOLP = EXCLUDED.NOLP ;
INSERT INTO Hosts(Hostname) VALUES ('PM-STTADM019.pa.pref') ON CONFLICT(Hostname) DO UPDATE SET Hostname = EXCLUDED.Hostname ;
INSERT INTO OS(Hostname, Caption, BuildNumber, Architecture, Description) VALUES('PM-STTADM019.pa.pref', 'Microsoft Windows 10 Pro', '19045', '64 bits', 'Patrimonio 132198') ON CONFLICT(Hostname) DO UPDATE SET Hostname = EXCLUDED.Hostname, Caption = EXCLUDED.Caption, BuildNumber = EXCLUDED.BuildNumber, Architecture = EXCLUDED.Architecture, Description = EXCLUDED.Description ;
INSERT INTO Hosts(Hostname) VALUES ('PM-STTADM019.pa.pref') ON CONFLICT(Hostname) DO UPDATE SET Hostname = EXCLUDED.Hostname ;
INSERT INTO Networking(Hostname, IP, Gateway, Description, Index, DHCP) VALUES ('PM-STTADM019.pa.pref', '192.168.10.117', '192.168.10.1', 'Realtek PCIe GBE Family Controller', '1', 'True') ON CONFLICT(Hostname) DO UPDATE SET Hostname = EXCLUDED.Hostname, IP = EXCLUDED.IP, Gateway = EXCLUDED.Gateway, Description = EXCLUDED.Description, Index = EXCLUDED.Index, DHCP = EXCLUDED.DHCP ;
INSERT INTO Hosts(Hostname) VALUES ('PM-SSAUS24003.pa.pref') ON CONFLICT(Hostname) DO UPDATE SET Hostname = EXCLUDED.Hostname ;
INSERT INTO CPU(Hostname, Name, Caption, NOC, NOLP)VALUES('PM-SSAUS24003.pa.pref', 'Intel(R) Pentium(R) 4 CPU 3.00GHz', 'Intel64 Family 15 Model 6 Stepping 5', '1', '2') ON CONFLICT(Hostname) DO UPDATE SET Hostname = EXCLUDED.Hostname, Name = EXCLUDED.Name, Caption = EXCLUDED.Caption, NOC = EXCLUDED.NOC, NOLP = EXCLUDED.NOLP ;
INSERT INTO Hosts(Hostname) VALUES ('PM-SSAUS24003.pa.pref') ON CONFLICT(Hostname) DO UPDATE SET Hostname = EXCLUDED.Hostname ;
INSERT INTO OS(Hostname, Caption, BuildNumber, Architecture, Description) VALUES('PM-SSAUS24003.pa.pref', 'Microsoft Windows 7 Professional ', '7601', '64-bit', 'PATRIMONIO 111456') ON CONFLICT(Hostname) DO UPDATE SET Hostname = EXCLUDED.Hostname, Caption = EXCLUDED.Caption, BuildNumber = EXCLUDED.BuildNumber, Architecture = EXCLUDED.Architecture, Description = EXCLUDED.Description ;
INSERT INTO Hosts(Hostname) VALUES ('PM-SSAUS24003.pa.pref') ON CONFLICT(Hostname) DO UPDATE SET Hostname = EXCLUDED.Hostname ;
INSERT INTO Networking(Hostname, IP, Gateway, Description, Index, DHCP) VALUES ('PM-SSAUS24003.pa.pref', '192.168.182.189', '192.168.182.1', 'VIA Rhine II Fast Ethernet Adapter', '7', 'True') ON CONFLICT(Hostname) DO UPDATE SET Hostname = EXCLUDED.Hostname, IP = EXCLUDED.IP, Gateway = EXCLUDED.Gateway, Description = EXCLUDED.Description, Index = EXCLUDED.Index, DHCP = EXCLUDED.DHCP ;
INSERT INTO Hosts(Hostname) VALUES ('PM-SUDADM003.pa.pref') ON CONFLICT(Hostname) DO UPDATE SET Hostname = EXCLUDED.Hostname ;
INSERT INTO CPU(Hostname, Name, Caption, NOC, NOLP)VALUES('PM-SUDADM003.pa.pref', 'Intel(R) Core(TM)2 Duo CPU     E7500  @ 2.93GHz', 'Intel64 Family 6 Model 23 Stepping 10', '2', '2') ON CONFLICT(Hostname) DO UPDATE SET Hostname = EXCLUDED.Hostname, Name = EXCLUDED.Name, Caption = EXCLUDED.Caption, NOC = EXCLUDED.NOC, NOLP = EXCLUDED.NOLP ;
INSERT INTO Hosts(Hostname) VALUES ('PM-SUDADM003.pa.pref') ON CONFLICT(Hostname) DO UPDATE SET Hostname = EXCLUDED.Hostname ;
INSERT INTO OS(Hostname, Caption, BuildNumber, Architecture, Description) VALUES('PM-SUDADM003.pa.pref', 'Microsoft Windows 7 Professional ', '7601', '64-bit', NULL) ON CONFLICT(Hostname) DO UPDATE SET Hostname = EXCLUDED.Hostname, Caption = EXCLUDED.Caption, BuildNumber = EXCLUDED.BuildNumber, Architecture = EXCLUDED.Architecture, Description = EXCLUDED.Description ;
INSERT INTO Hosts(Hostname) VALUES ('PM-SUDADM003.pa.pref') ON CONFLICT(Hostname) DO UPDATE SET Hostname = EXCLUDED.Hostname ;
INSERT INTO Networking(Hostname, IP, Gateway, Description, Index, DHCP) VALUES ('PM-SUDADM003.pa.pref', '192.168.28.57', '192.168.28.1', 'Intel(R) 82567V-4 Gigabit Network Connection', '7', 'True') ON CONFLICT(Hostname) DO UPDATE SET Hostname = EXCLUDED.Hostname, IP = EXCLUDED.IP, Gateway = EXCLUDED.Gateway, Description = EXCLUDED.Description, Index = EXCLUDED.Index, DHCP = EXCLUDED.DHCP ;
INSERT INTO Hosts(Hostname) VALUES ('PM-SSAUS37005.pa.pref') ON CONFLICT(Hostname) DO UPDATE SET Hostname = EXCLUDED.Hostname ;
INSERT INTO CPU(Hostname, Name, Caption, NOC, NOLP)VALUES('PM-SSAUS37005.pa.pref', 'Intel(R) Core(TM) i5-3470 CPU @ 3.20GHz', 'Intel64 Family 6 Model 58 Stepping 9', '4', '4') ON CONFLICT(Hostname) DO UPDATE SET Hostname = EXCLUDED.Hostname, Name = EXCLUDED.Name, Caption = EXCLUDED.Caption, NOC = EXCLUDED.NOC, NOLP = EXCLUDED.NOLP ;
INSERT INTO Hosts(Hostname) VALUES ('PM-SSAUS37005.pa.pref') ON CONFLICT(Hostname) DO UPDATE SET Hostname = EXCLUDED.Hostname ;
INSERT INTO OS(Hostname, Caption, BuildNumber, Architecture, Description) VALUES('PM-SSAUS37005.pa.pref', 'Microsoft Windows 7 Professional ', '7601', '64-bit', 'Patrimonio 92820') ON CONFLICT(Hostname) DO UPDATE SET Hostname = EXCLUDED.Hostname, Caption = EXCLUDED.Caption, BuildNumber = EXCLUDED.BuildNumber, Architecture = EXCLUDED.Architecture, Description = EXCLUDED.Description ;
INSERT INTO Hosts(Hostname) VALUES ('PM-SSAUS37005.pa.pref') ON CONFLICT(Hostname) DO UPDATE SET Hostname = EXCLUDED.Hostname ;
INSERT INTO Networking(Hostname, IP, Gateway, Description, Index, DHCP) VALUES ('PM-SSAUS37005.pa.pref', '192.168.152.97', '192.168.152.1', 'Intel(R) 82579LM Gigabit Network Connection', '7', 'True') ON CONFLICT(Hostname) DO UPDATE SET Hostname = EXCLUDED.Hostname, IP = EXCLUDED.IP, Gateway = EXCLUDED.Gateway, Description = EXCLUDED.Description, Index = EXCLUDED.Index, DHCP = EXCLUDED.DHCP ;
INSERT INTO Hosts(Hostname) VALUES ('PM-SSAHPMINI009.pa.pref') ON CONFLICT(Hostname) DO UPDATE SET Hostname = EXCLUDED.Hostname ;
INSERT INTO CPU(Hostname, Name, Caption, NOC, NOLP)VALUES('PM-SSAHPMINI009.pa.pref', 'AMD Ryzen 3 PRO 4350GE with Radeon Graphics', 'AMD64 Family 23 Model 96 Stepping 1', '4', '8') ON CONFLICT(Hostname) DO UPDATE SET Hostname = EXCLUDED.Hostname, Name = EXCLUDED.Name, Caption = EXCLUDED.Caption, NOC = EXCLUDED.NOC, NOLP = EXCLUDED.NOLP ;
INSERT INTO Hosts(Hostname) VALUES ('PM-SSAHPMINI009.pa.pref') ON CONFLICT(Hostname) DO UPDATE SET Hostname = EXCLUDED.Hostname ;
INSERT INTO OS(Hostname, Caption, BuildNumber, Architecture, Description) VALUES('PM-SSAHPMINI009.pa.pref', 'Microsoft Windows 10 Pro', '19045', '64 bits', 'P-169092 A-348 765 202') ON CONFLICT(Hostname) DO UPDATE SET Hostname = EXCLUDED.Hostname, Caption = EXCLUDED.Caption, BuildNumber = EXCLUDED.BuildNumber, Architecture = EXCLUDED.Architecture, Description = EXCLUDED.Description ;
INSERT INTO Hosts(Hostname) VALUES ('PM-SSAHPMINI009.pa.pref') ON CONFLICT(Hostname) DO UPDATE SET Hostname = EXCLUDED.Hostname ;
INSERT INTO Networking(Hostname, IP, Gateway, Description, Index, DHCP) VALUES ('PM-SSAHPMINI009.pa.pref', '192.168.196.50', '192.168.196.1', 'Realtek RTL8852AE WiFi 6 802.11ax PCIe Adapter', '2', 'True') ON CONFLICT(Hostname) DO UPDATE SET Hostname = EXCLUDED.Hostname, IP = EXCLUDED.IP, Gateway = EXCLUDED.Gateway, Description = EXCLUDED.Description, Index = EXCLUDED.Index, DHCP = EXCLUDED.DHCP ;
INSERT INTO Hosts(Hostname) VALUES ('PM-SECED28006.pa.pref') ON CONFLICT(Hostname) DO UPDATE SET Hostname = EXCLUDED.Hostname ;
INSERT INTO CPU(Hostname, Name, Caption, NOC, NOLP)VALUES('PM-SECED28006.pa.pref', 'Intel(R) Core(TM)2 Duo CPU     E4500  @ 2.20GHz', 'Intel64 Family 6 Model 15 Stepping 13', '2', '2') ON CONFLICT(Hostname) DO UPDATE SET Hostname = EXCLUDED.Hostname, Name = EXCLUDED.Name, Caption = EXCLUDED.Caption, NOC = EXCLUDED.NOC, NOLP = EXCLUDED.NOLP ;
INSERT INTO Hosts(Hostname) VALUES ('PM-SECED28006.pa.pref') ON CONFLICT(Hostname) DO UPDATE SET Hostname = EXCLUDED.Hostname ;
INSERT INTO OS(Hostname, Caption, BuildNumber, Architecture, Description) VALUES('PM-SECED28006.pa.pref', 'Microsoft Windows 7 Professional ', '7601', '64-bit', 'Patrimônio 080837') ON CONFLICT(Hostname) DO UPDATE SET Hostname = EXCLUDED.Hostname, Caption = EXCLUDED.Caption, BuildNumber = EXCLUDED.BuildNumber, Architecture = EXCLUDED.Architecture, Description = EXCLUDED.Description ;
INSERT INTO Hosts(Hostname) VALUES ('PM-SECED28006.pa.pref') ON CONFLICT(Hostname) DO UPDATE SET Hostname = EXCLUDED.Hostname ;
INSERT INTO Networking(Hostname, IP, Gateway, Description, Index, DHCP) VALUES ('PM-SECED28006.pa.pref', '192.168.143.233', '192.168.143.1', 'NIC Fast Ethernet PCI-E Realtek Família RTL8101E (NDIS 6.20)', '7', 'True') ON CONFLICT(Hostname) DO UPDATE SET Hostname = EXCLUDED.Hostname, IP = EXCLUDED.IP, Gateway = EXCLUDED.Gateway, Description = EXCLUDED.Description, Index = EXCLUDED.Index, DHCP = EXCLUDED.DHCP ;
INSERT INTO Hosts(Hostname) VALUES ('PM-PROADM047.pa.pref') ON CONFLICT(Hostname) DO UPDATE SET Hostname = EXCLUDED.Hostname ;
INSERT INTO CPU(Hostname, Name, Caption, NOC, NOLP)VALUES('PM-PROADM047.pa.pref', 'Intel(R) Core(TM) i3-9100 CPU @ 3.60GHz', 'Intel64 Family 6 Model 158 Stepping 11', '4', '4') ON CONFLICT(Hostname) DO UPDATE SET Hostname = EXCLUDED.Hostname, Name = EXCLUDED.Name, Caption = EXCLUDED.Caption, NOC = EXCLUDED.NOC, NOLP = EXCLUDED.NOLP ;
INSERT INTO Hosts(Hostname) VALUES ('PM-PROADM047.pa.pref') ON CONFLICT(Hostname) DO UPDATE SET Hostname = EXCLUDED.Hostname ;
INSERT INTO OS(Hostname, Caption, BuildNumber, Architecture, Description) VALUES('PM-PROADM047.pa.pref', 'Microsoft Windows 10 Pro', '19045', '64 bits', 'Ptarimônio 148095') ON CONFLICT(Hostname) DO UPDATE SET Hostname = EXCLUDED.Hostname, Caption = EXCLUDED.Caption, BuildNumber = EXCLUDED.BuildNumber, Architecture = EXCLUDED.Architecture, Description = EXCLUDED.Description ;
INSERT INTO Hosts(Hostname) VALUES ('PM-PROADM047.pa.pref') ON CONFLICT(Hostname) DO UPDATE SET Hostname = EXCLUDED.Hostname ;
INSERT INTO Networking(Hostname, IP, Gateway, Description, Index, DHCP) VALUES ('PM-PROADM047.pa.pref', '192.168.12.142', '192.168.12.1', 'Intel(R) Ethernet Connection (7) I219-V', '1', 'True') ON CONFLICT(Hostname) DO UPDATE SET Hostname = EXCLUDED.Hostname, IP = EXCLUDED.IP, Gateway = EXCLUDED.Gateway, Description = EXCLUDED.Description, Index = EXCLUDED.Index, DHCP = EXCLUDED.DHCP ;
INSERT INTO Hosts(Hostname) VALUES ('PM-SECED14004.pa.pref') ON CONFLICT(Hostname) DO UPDATE SET Hostname = EXCLUDED.Hostname ;
INSERT INTO CPU(Hostname, Name, Caption, NOC, NOLP)VALUES('PM-SECED14004.pa.pref', 'Intel(R) Core(TM) i5-3470 CPU @ 3.20GHz', 'Intel64 Family 6 Model 58 Stepping 9', '4', '4') ON CONFLICT(Hostname) DO UPDATE SET Hostname = EXCLUDED.Hostname, Name = EXCLUDED.Name, Caption = EXCLUDED.Caption, NOC = EXCLUDED.NOC, NOLP = EXCLUDED.NOLP ;
INSERT INTO Hosts(Hostname) VALUES ('PM-SECED14004.pa.pref') ON CONFLICT(Hostname) DO UPDATE SET Hostname = EXCLUDED.Hostname ;
INSERT INTO OS(Hostname, Caption, BuildNumber, Architecture, Description) VALUES('PM-SECED14004.pa.pref', 'Microsoft Windows 7 Professional ', '7601', '64-bit', 'Patrimonio 102389') ON CONFLICT(Hostname) DO UPDATE SET Hostname = EXCLUDED.Hostname, Caption = EXCLUDED.Caption, BuildNumber = EXCLUDED.BuildNumber, Architecture = EXCLUDED.Architecture, Description = EXCLUDED.Description ;
INSERT INTO Hosts(Hostname) VALUES ('PM-SECED14004.pa.pref') ON CONFLICT(Hostname) DO UPDATE SET Hostname = EXCLUDED.Hostname ;
INSERT INTO Networking(Hostname, IP, Gateway, Description, Index, DHCP) VALUES ('PM-SECED14004.pa.pref', '192.168.180.51', '192.168.180.1', 'Intel(R) 82579LM Gigabit Network Connection', '7', 'True') ON CONFLICT(Hostname) DO UPDATE SET Hostname = EXCLUDED.Hostname, IP = EXCLUDED.IP, Gateway = EXCLUDED.Gateway, Description = EXCLUDED.Description, Index = EXCLUDED.Index, DHCP = EXCLUDED.DHCP ;
INSERT INTO Hosts(Hostname) VALUES ('PM-SSAUS22003.pa.pref') ON CONFLICT(Hostname) DO UPDATE SET Hostname = EXCLUDED.Hostname ;
INSERT INTO CPU(Hostname, Name, Caption, NOC, NOLP)VALUES('PM-SSAUS22003.pa.pref', 'Intel(R) Core(TM) i3-7100 CPU @ 3.90GHz', 'Intel64 Family 6 Model 158 Stepping 9', '2', '4') ON CONFLICT(Hostname) DO UPDATE SET Hostname = EXCLUDED.Hostname, Name = EXCLUDED.Name, Caption = EXCLUDED.Caption, NOC = EXCLUDED.NOC, NOLP = EXCLUDED.NOLP ;
INSERT INTO Hosts(Hostname) VALUES ('PM-SSAUS22003.pa.pref') ON CONFLICT(Hostname) DO UPDATE SET Hostname = EXCLUDED.Hostname ;
INSERT INTO OS(Hostname, Caption, BuildNumber, Architecture, Description) VALUES('PM-SSAUS22003.pa.pref', 'Microsoft Windows 10 Pro', '19045', '64 bits', 'Patrimonio 128182') ON CONFLICT(Hostname) DO UPDATE SET Hostname = EXCLUDED.Hostname, Caption = EXCLUDED.Caption, BuildNumber = EXCLUDED.BuildNumber, Architecture = EXCLUDED.Architecture, Description = EXCLUDED.Description ;
INSERT INTO Hosts(Hostname) VALUES ('PM-SSAUS22003.pa.pref') ON CONFLICT(Hostname) DO UPDATE SET Hostname = EXCLUDED.Hostname ;
INSERT INTO Networking(Hostname, IP, Gateway, Description, Index, DHCP) VALUES ('PM-SSAUS22003.pa.pref', '192.168.112.248', '192.168.112.1', 'Realtek PCIe GBE Family Controller', '1', 'True') ON CONFLICT(Hostname) DO UPDATE SET Hostname = EXCLUDED.Hostname, IP = EXCLUDED.IP, Gateway = EXCLUDED.Gateway, Description = EXCLUDED.Description, Index = EXCLUDED.Index, DHCP = EXCLUDED.DHCP ;
INSERT INTO Hosts(Hostname) VALUES ('PM-150562.pa.pref') ON CONFLICT(Hostname) DO UPDATE SET Hostname = EXCLUDED.Hostname ;
INSERT INTO CPU(Hostname, Name, Caption, NOC, NOLP)VALUES('PM-150562.pa.pref', 'Intel(R) Core(TM) i3-9100 CPU @ 3.60GHz', 'Intel64 Family 6 Model 158 Stepping 11', '4', '4') ON CONFLICT(Hostname) DO UPDATE SET Hostname = EXCLUDED.Hostname, Name = EXCLUDED.Name, Caption = EXCLUDED.Caption, NOC = EXCLUDED.NOC, NOLP = EXCLUDED.NOLP ;
INSERT INTO Hosts(Hostname) VALUES ('PM-150562.pa.pref') ON CONFLICT(Hostname) DO UPDATE SET Hostname = EXCLUDED.Hostname ;
INSERT INTO OS(Hostname, Caption, BuildNumber, Architecture, Description) VALUES('PM-150562.pa.pref', 'Microsoft Windows 10 Pro', '19045', '64 bits', 'CENTRO DE VACINAÇAO') ON CONFLICT(Hostname) DO UPDATE SET Hostname = EXCLUDED.Hostname, Caption = EXCLUDED.Caption, BuildNumber = EXCLUDED.BuildNumber, Architecture = EXCLUDED.Architecture, Description = EXCLUDED.Description ;
INSERT INTO Hosts(Hostname) VALUES ('PM-150562.pa.pref') ON CONFLICT(Hostname) DO UPDATE SET Hostname = EXCLUDED.Hostname ;
INSERT INTO Networking(Hostname, IP, Gateway, Description, Index, DHCP) VALUES ('PM-150562.pa.pref', '192.168.37.32', '192.168.37.1', 'Intel(R) Ethernet Connection (7) I219-V', '1', 'True') ON CONFLICT(Hostname) DO UPDATE SET Hostname = EXCLUDED.Hostname, IP = EXCLUDED.IP, Gateway = EXCLUDED.Gateway, Description = EXCLUDED.Description, Index = EXCLUDED.Index, DHCP = EXCLUDED.DHCP ;
INSERT INTO Hosts(Hostname) VALUES ('PM-SECGPE001.pa.pref') ON CONFLICT(Hostname) DO UPDATE SET Hostname = EXCLUDED.Hostname ;
INSERT INTO CPU(Hostname, Name, Caption, NOC, NOLP)VALUES('PM-SECGPE001.pa.pref', 'Intel(R) Core(TM) i5-3470 CPU @ 3.20GHz', 'Intel64 Family 6 Model 58 Stepping 9', '4', '4') ON CONFLICT(Hostname) DO UPDATE SET Hostname = EXCLUDED.Hostname, Name = EXCLUDED.Name, Caption = EXCLUDED.Caption, NOC = EXCLUDED.NOC, NOLP = EXCLUDED.NOLP ;
INSERT INTO Hosts(Hostname) VALUES ('PM-SECGPE001.pa.pref') ON CONFLICT(Hostname) DO UPDATE SET Hostname = EXCLUDED.Hostname ;
INSERT INTO OS(Hostname, Caption, BuildNumber, Architecture, Description) VALUES('PM-SECGPE001.pa.pref', 'Microsoft Windows 7 Professional ', '7601', '64-bit', NULL) ON CONFLICT(Hostname) DO UPDATE SET Hostname = EXCLUDED.Hostname, Caption = EXCLUDED.Caption, BuildNumber = EXCLUDED.BuildNumber, Architecture = EXCLUDED.Architecture, Description = EXCLUDED.Description ;
INSERT INTO Hosts(Hostname) VALUES ('PM-SECGPE001.pa.pref') ON CONFLICT(Hostname) DO UPDATE SET Hostname = EXCLUDED.Hostname ;
INSERT INTO Networking(Hostname, IP, Gateway, Description, Index, DHCP) VALUES ('PM-SECGPE001.pa.pref', '192.168.9.226', '192.168.9.1', 'Intel(R) 82579LM Gigabit Network Connection', '7', 'True') ON CONFLICT(Hostname) DO UPDATE SET Hostname = EXCLUDED.Hostname, IP = EXCLUDED.IP, Gateway = EXCLUDED.Gateway, Description = EXCLUDED.Description, Index = EXCLUDED.Index, DHCP = EXCLUDED.DHCP ;
INSERT INTO Hosts(Hostname) VALUES ('PM-SUPFIN003.pa.pref') ON CONFLICT(Hostname) DO UPDATE SET Hostname = EXCLUDED.Hostname ;
INSERT INTO CPU(Hostname, Name, Caption, NOC, NOLP)VALUES('PM-SUPFIN003.pa.pref', 'Intel(R) Core(TM) i3-9100 CPU @ 3.60GHz', 'Intel64 Family 6 Model 158 Stepping 11', '4', '4') ON CONFLICT(Hostname) DO UPDATE SET Hostname = EXCLUDED.Hostname, Name = EXCLUDED.Name, Caption = EXCLUDED.Caption, NOC = EXCLUDED.NOC, NOLP = EXCLUDED.NOLP ;
INSERT INTO Hosts(Hostname) VALUES ('PM-SUPFIN003.pa.pref') ON CONFLICT(Hostname) DO UPDATE SET Hostname = EXCLUDED.Hostname ;
INSERT INTO OS(Hostname, Caption, BuildNumber, Architecture, Description) VALUES('PM-SUPFIN003.pa.pref', 'Microsoft Windows 10 Pro', '19045', '64 bits', 'Patrimônio:149694') ON CONFLICT(Hostname) DO UPDATE SET Hostname = EXCLUDED.Hostname, Caption = EXCLUDED.Caption, BuildNumber = EXCLUDED.BuildNumber, Architecture = EXCLUDED.Architecture, Description = EXCLUDED.Description ;
INSERT INTO Hosts(Hostname) VALUES ('PM-SUPFIN003.pa.pref') ON CONFLICT(Hostname) DO UPDATE SET Hostname = EXCLUDED.Hostname ;
INSERT INTO Networking(Hostname, IP, Gateway, Description, Index, DHCP) VALUES ('PM-SUPFIN003.pa.pref', '192.168.8.97', '192.168.8.1', 'Intel(R) Ethernet Connection (7) I219-V', '1', 'True') ON CONFLICT(Hostname) DO UPDATE SET Hostname = EXCLUDED.Hostname, IP = EXCLUDED.IP, Gateway = EXCLUDED.Gateway, Description = EXCLUDED.Description, Index = EXCLUDED.Index, DHCP = EXCLUDED.DHCP ;
INSERT INTO Hosts(Hostname) VALUES ('PM-SSAATE012.pa.pref') ON CONFLICT(Hostname) DO UPDATE SET Hostname = EXCLUDED.Hostname ;
INSERT INTO CPU(Hostname, Name, Caption, NOC, NOLP)VALUES('PM-SSAATE012.pa.pref', 'Intel(R) Core(TM) i3-2120 CPU @ 3.30GHz', 'Intel64 Family 6 Model 42 Stepping 7', '2', '4') ON CONFLICT(Hostname) DO UPDATE SET Hostname = EXCLUDED.Hostname, Name = EXCLUDED.Name, Caption = EXCLUDED.Caption, NOC = EXCLUDED.NOC, NOLP = EXCLUDED.NOLP ;
INSERT INTO Hosts(Hostname) VALUES ('PM-SSAATE012.pa.pref') ON CONFLICT(Hostname) DO UPDATE SET Hostname = EXCLUDED.Hostname ;
INSERT INTO OS(Hostname, Caption, BuildNumber, Architecture, Description) VALUES('PM-SSAATE012.pa.pref', 'Microsoft Windows 10 Pro', '19045', '64 bits', 'P-95589') ON CONFLICT(Hostname) DO UPDATE SET Hostname = EXCLUDED.Hostname, Caption = EXCLUDED.Caption, BuildNumber = EXCLUDED.BuildNumber, Architecture = EXCLUDED.Architecture, Description = EXCLUDED.Description ;
INSERT INTO Hosts(Hostname) VALUES ('PM-SSAATE012.pa.pref') ON CONFLICT(Hostname) DO UPDATE SET Hostname = EXCLUDED.Hostname ;
INSERT INTO Networking(Hostname, IP, Gateway, Description, Index, DHCP) VALUES ('PM-SSAATE012.pa.pref', '192.168.11.171', '192.168.11.1', 'Realtek PCIe GbE Family Controller', '1', 'True') ON CONFLICT(Hostname) DO UPDATE SET Hostname = EXCLUDED.Hostname, IP = EXCLUDED.IP, Gateway = EXCLUDED.Gateway, Description = EXCLUDED.Description, Index = EXCLUDED.Index, DHCP = EXCLUDED.DHCP ;
INSERT INTO Hosts(Hostname) VALUES ('PM-169161.pa.pref') ON CONFLICT(Hostname) DO UPDATE SET Hostname = EXCLUDED.Hostname ;
INSERT INTO CPU(Hostname, Name, Caption, NOC, NOLP)VALUES('PM-169161.pa.pref', 'Intel(R) Pentium(R) Gold G5420 CPU @ 3.80GHz', 'Intel64 Family 6 Model 158 Stepping 10', '2', '4') ON CONFLICT(Hostname) DO UPDATE SET Hostname = EXCLUDED.Hostname, Name = EXCLUDED.Name, Caption = EXCLUDED.Caption, NOC = EXCLUDED.NOC, NOLP = EXCLUDED.NOLP ;
INSERT INTO Hosts(Hostname) VALUES ('PM-169161.pa.pref') ON CONFLICT(Hostname) DO UPDATE SET Hostname = EXCLUDED.Hostname ;
INSERT INTO OS(Hostname, Caption, BuildNumber, Architecture, Description) VALUES('PM-169161.pa.pref', 'Microsoft Windows 10 Pro', '19045', '64 bits', 'PATRIMONIO 169161') ON CONFLICT(Hostname) DO UPDATE SET Hostname = EXCLUDED.Hostname, Caption = EXCLUDED.Caption, BuildNumber = EXCLUDED.BuildNumber, Architecture = EXCLUDED.Architecture, Description = EXCLUDED.Description ;
INSERT INTO Hosts(Hostname) VALUES ('PM-169161.pa.pref') ON CONFLICT(Hostname) DO UPDATE SET Hostname = EXCLUDED.Hostname ;
INSERT INTO Networking(Hostname, IP, Gateway, Description, Index, DHCP) VALUES ('PM-169161.pa.pref', '192.168.155.246', '192.168.155.1', 'Realtek PCIe GbE Family Controller', '1', 'True') ON CONFLICT(Hostname) DO UPDATE SET Hostname = EXCLUDED.Hostname, IP = EXCLUDED.IP, Gateway = EXCLUDED.Gateway, Description = EXCLUDED.Description, Index = EXCLUDED.Index, DHCP = EXCLUDED.DHCP ;
INSERT INTO Hosts(Hostname) VALUES ('PM-SSAUS11014.pa.pref') ON CONFLICT(Hostname) DO UPDATE SET Hostname = EXCLUDED.Hostname ;
INSERT INTO CPU(Hostname, Name, Caption, NOC, NOLP)VALUES('PM-SSAUS11014.pa.pref', 'AMD Ryzen 3 5400U with Radeon Graphics         ', 'AMD64 Family 25 Model 80 Stepping 0', '4', '8') ON CONFLICT(Hostname) DO UPDATE SET Hostname = EXCLUDED.Hostname, Name = EXCLUDED.Name, Caption = EXCLUDED.Caption, NOC = EXCLUDED.NOC, NOLP = EXCLUDED.NOLP ;
INSERT INTO Hosts(Hostname) VALUES ('PM-SSAUS11014.pa.pref') ON CONFLICT(Hostname) DO UPDATE SET Hostname = EXCLUDED.Hostname ;
INSERT INTO OS(Hostname, Caption, BuildNumber, Architecture, Description) VALUES('PM-SSAUS11014.pa.pref', 'Microsoft Windows 10 Pro', '19044', '64 bits', 'Patrimônio 168967') ON CONFLICT(Hostname) DO UPDATE SET Hostname = EXCLUDED.Hostname, Caption = EXCLUDED.Caption, BuildNumber = EXCLUDED.BuildNumber, Architecture = EXCLUDED.Architecture, Description = EXCLUDED.Description ;
INSERT INTO Hosts(Hostname) VALUES ('PM-SSAUS11014.pa.pref') ON CONFLICT(Hostname) DO UPDATE SET Hostname = EXCLUDED.Hostname ;
INSERT INTO Networking(Hostname, IP, Gateway, Description, Index, DHCP) VALUES ('PM-SSAUS11014.pa.pref', '192.168.147.71', '192.168.147.1', 'MediaTek MT7921 Wi-Fi 6 802.11ax PCIe Adapter', '1', 'True') ON CONFLICT(Hostname) DO UPDATE SET Hostname = EXCLUDED.Hostname, IP = EXCLUDED.IP, Gateway = EXCLUDED.Gateway, Description = EXCLUDED.Description, Index = EXCLUDED.Index, DHCP = EXCLUDED.DHCP ;
INSERT INTO Hosts(Hostname) VALUES ('PM-SSAUS20009.pa.pref') ON CONFLICT(Hostname) DO UPDATE SET Hostname = EXCLUDED.Hostname ;
INSERT INTO CPU(Hostname, Name, Caption, NOC, NOLP)VALUES('PM-SSAUS20009.pa.pref', 'AMD A10-9700 RADEON R7, 10 COMPUTE CORES 4C+6G ', 'AMD64 Family 21 Model 101 Stepping 1', '4', '4') ON CONFLICT(Hostname) DO UPDATE SET Hostname = EXCLUDED.Hostname, Name = EXCLUDED.Name, Caption = EXCLUDED.Caption, NOC = EXCLUDED.NOC, NOLP = EXCLUDED.NOLP ;
INSERT INTO Hosts(Hostname) VALUES ('PM-SSAUS20009.pa.pref') ON CONFLICT(Hostname) DO UPDATE SET Hostname = EXCLUDED.Hostname ;
INSERT INTO OS(Hostname, Caption, BuildNumber, Architecture, Description) VALUES('PM-SSAUS20009.pa.pref', 'Microsoft Windows 10 Pro', '19045', '64 bits', 'Patrimonio 142293') ON CONFLICT(Hostname) DO UPDATE SET Hostname = EXCLUDED.Hostname, Caption = EXCLUDED.Caption, BuildNumber = EXCLUDED.BuildNumber, Architecture = EXCLUDED.Architecture, Description = EXCLUDED.Description ;
INSERT INTO Hosts(Hostname) VALUES ('PM-SSAUS20009.pa.pref') ON CONFLICT(Hostname) DO UPDATE SET Hostname = EXCLUDED.Hostname ;
INSERT INTO Networking(Hostname, IP, Gateway, Description, Index, DHCP) VALUES ('PM-SSAUS20009.pa.pref', '192.168.100.56', '192.168.100.1', 'TP-Link Wireless N PCI Express Adapter', '1', 'True') ON CONFLICT(Hostname) DO UPDATE SET Hostname = EXCLUDED.Hostname, IP = EXCLUDED.IP, Gateway = EXCLUDED.Gateway, Description = EXCLUDED.Description, Index = EXCLUDED.Index, DHCP = EXCLUDED.DHCP ;
INSERT INTO Hosts(Hostname) VALUES ('PM-102018.pa.pref') ON CONFLICT(Hostname) DO UPDATE SET Hostname = EXCLUDED.Hostname ;
INSERT INTO CPU(Hostname, Name, Caption, NOC, NOLP)VALUES('PM-102018.pa.pref', 'Intel(R) Core(TM) i5-3470 CPU @ 3.20GHz', 'Intel64 Family 6 Model 58 Stepping 9', '4', '4') ON CONFLICT(Hostname) DO UPDATE SET Hostname = EXCLUDED.Hostname, Name = EXCLUDED.Name, Caption = EXCLUDED.Caption, NOC = EXCLUDED.NOC, NOLP = EXCLUDED.NOLP ;
INSERT INTO Hosts(Hostname) VALUES ('PM-102018.pa.pref') ON CONFLICT(Hostname) DO UPDATE SET Hostname = EXCLUDED.Hostname ;
INSERT INTO OS(Hostname, Caption, BuildNumber, Architecture, Description) VALUES('PM-102018.pa.pref', 'Microsoft Windows 10 Pro', '19045', '64 bits', 'PM-102018') ON CONFLICT(Hostname) DO UPDATE SET Hostname = EXCLUDED.Hostname, Caption = EXCLUDED.Caption, BuildNumber = EXCLUDED.BuildNumber, Architecture = EXCLUDED.Architecture, Description = EXCLUDED.Description ;
INSERT INTO Hosts(Hostname) VALUES ('PM-102018.pa.pref') ON CONFLICT(Hostname) DO UPDATE SET Hostname = EXCLUDED.Hostname ;
INSERT INTO Networking(Hostname, IP, Gateway, Description, Index, DHCP) VALUES ('PM-102018.pa.pref', '192.168.230.87', '192.168.230.1', 'Intel(R) 82579LM Gigabit Network Connection', '1', 'True') ON CONFLICT(Hostname) DO UPDATE SET Hostname = EXCLUDED.Hostname, IP = EXCLUDED.IP, Gateway = EXCLUDED.Gateway, Description = EXCLUDED.Description, Index = EXCLUDED.Index, DHCP = EXCLUDED.DHCP ;
INSERT INTO Hosts(Hostname) VALUES ('PM-SSAAREG017.pa.pref') ON CONFLICT(Hostname) DO UPDATE SET Hostname = EXCLUDED.Hostname ;
INSERT INTO CPU(Hostname, Name, Caption, NOC, NOLP)VALUES('PM-SSAAREG017.pa.pref', 'Intel(R) Core(TM) i5-3470 CPU @ 3.20GHz', 'Intel64 Family 6 Model 58 Stepping 9', '4', '4') ON CONFLICT(Hostname) DO UPDATE SET Hostname = EXCLUDED.Hostname, Name = EXCLUDED.Name, Caption = EXCLUDED.Caption, NOC = EXCLUDED.NOC, NOLP = EXCLUDED.NOLP ;
INSERT INTO Hosts(Hostname) VALUES ('PM-SSAAREG017.pa.pref') ON CONFLICT(Hostname) DO UPDATE SET Hostname = EXCLUDED.Hostname ;
INSERT INTO OS(Hostname, Caption, BuildNumber, Architecture, Description) VALUES('PM-SSAAREG017.pa.pref', 'Microsoft Windows 7 Professional ', '7601', '64-bit', 'Patrimônio 101233') ON CONFLICT(Hostname) DO UPDATE SET Hostname = EXCLUDED.Hostname, Caption = EXCLUDED.Caption, BuildNumber = EXCLUDED.BuildNumber, Architecture = EXCLUDED.Architecture, Description = EXCLUDED.Description ;
INSERT INTO Hosts(Hostname) VALUES ('PM-SSAAREG017.pa.pref') ON CONFLICT(Hostname) DO UPDATE SET Hostname = EXCLUDED.Hostname ;
INSERT INTO Networking(Hostname, IP, Gateway, Description, Index, DHCP) VALUES ('PM-SSAAREG017.pa.pref', '192.168.11.86', '192.168.11.1', 'Intel(R) 82579LM Gigabit Network Connection', '7', 'True') ON CONFLICT(Hostname) DO UPDATE SET Hostname = EXCLUDED.Hostname, IP = EXCLUDED.IP, Gateway = EXCLUDED.Gateway, Description = EXCLUDED.Description, Index = EXCLUDED.Index, DHCP = EXCLUDED.DHCP ;
INSERT INTO Hosts(Hostname) VALUES ('PM-SSAUS33012.pa.pref') ON CONFLICT(Hostname) DO UPDATE SET Hostname = EXCLUDED.Hostname ;
INSERT INTO CPU(Hostname, Name, Caption, NOC, NOLP)VALUES('PM-SSAUS33012.pa.pref', 'Intel(R) Core(TM) i3-9100 CPU @ 3.60GHz', 'Intel64 Family 6 Model 158 Stepping 11', '4', '4') ON CONFLICT(Hostname) DO UPDATE SET Hostname = EXCLUDED.Hostname, Name = EXCLUDED.Name, Caption = EXCLUDED.Caption, NOC = EXCLUDED.NOC, NOLP = EXCLUDED.NOLP ;
INSERT INTO Hosts(Hostname) VALUES ('PM-SSAUS33012.pa.pref') ON CONFLICT(Hostname) DO UPDATE SET Hostname = EXCLUDED.Hostname ;
INSERT INTO OS(Hostname, Caption, BuildNumber, Architecture, Description) VALUES('PM-SSAUS33012.pa.pref', 'Microsoft Windows 10 Pro', '19045', '64 bits', 'P-150566 A-346889393') ON CONFLICT(Hostname) DO UPDATE SET Hostname = EXCLUDED.Hostname, Caption = EXCLUDED.Caption, BuildNumber = EXCLUDED.BuildNumber, Architecture = EXCLUDED.Architecture, Description = EXCLUDED.Description ;
INSERT INTO Hosts(Hostname) VALUES ('PM-SSAUS33012.pa.pref') ON CONFLICT(Hostname) DO UPDATE SET Hostname = EXCLUDED.Hostname ;
INSERT INTO Networking(Hostname, IP, Gateway, Description, Index, DHCP) VALUES ('PM-SSAUS33012.pa.pref', '192.168.171.60', '192.168.171.1', 'TP-Link Wireless USB Adapter', '10', 'True') ON CONFLICT(Hostname) DO UPDATE SET Hostname = EXCLUDED.Hostname, IP = EXCLUDED.IP, Gateway = EXCLUDED.Gateway, Description = EXCLUDED.Description, Index = EXCLUDED.Index, DHCP = EXCLUDED.DHCP ;
INSERT INTO Hosts(Hostname) VALUES ('PM-PROADM006.pa.pref') ON CONFLICT(Hostname) DO UPDATE SET Hostname = EXCLUDED.Hostname ;
INSERT INTO CPU(Hostname, Name, Caption, NOC, NOLP)VALUES('PM-PROADM006.pa.pref', 'Intel(R) Core(TM) i3-9100 CPU @ 3.60GHz', 'Intel64 Family 6 Model 158 Stepping 11', '4', '4') ON CONFLICT(Hostname) DO UPDATE SET Hostname = EXCLUDED.Hostname, Name = EXCLUDED.Name, Caption = EXCLUDED.Caption, NOC = EXCLUDED.NOC, NOLP = EXCLUDED.NOLP ;
INSERT INTO Hosts(Hostname) VALUES ('PM-PROADM006.pa.pref') ON CONFLICT(Hostname) DO UPDATE SET Hostname = EXCLUDED.Hostname ;
INSERT INTO OS(Hostname, Caption, BuildNumber, Architecture, Description) VALUES('PM-PROADM006.pa.pref', 'Microsoft Windows 10 Pro', '19045', '64 bits', 'Patrimonio 150559') ON CONFLICT(Hostname) DO UPDATE SET Hostname = EXCLUDED.Hostname, Caption = EXCLUDED.Caption, BuildNumber = EXCLUDED.BuildNumber, Architecture = EXCLUDED.Architecture, Description = EXCLUDED.Description ;
INSERT INTO Hosts(Hostname) VALUES ('PM-PROADM006.pa.pref') ON CONFLICT(Hostname) DO UPDATE SET Hostname = EXCLUDED.Hostname ;
INSERT INTO Networking(Hostname, IP, Gateway, Description, Index, DHCP) VALUES ('PM-PROADM006.pa.pref', '192.168.12.166', '192.168.12.1', 'Intel(R) Ethernet Connection (7) I219-V', '1', 'True') ON CONFLICT(Hostname) DO UPDATE SET Hostname = EXCLUDED.Hostname, IP = EXCLUDED.IP, Gateway = EXCLUDED.Gateway, Description = EXCLUDED.Description, Index = EXCLUDED.Index, DHCP = EXCLUDED.DHCP ;
INSERT INTO Hosts(Hostname) VALUES ('PM-SSAATD016.pa.pref') ON CONFLICT(Hostname) DO UPDATE SET Hostname = EXCLUDED.Hostname ;
INSERT INTO CPU(Hostname, Name, Caption, NOC, NOLP)VALUES('PM-SSAATD016.pa.pref', 'Intel(R) Core(TM) i5-3470 CPU @ 3.20GHz', 'Intel64 Family 6 Model 58 Stepping 9', '4', '4') ON CONFLICT(Hostname) DO UPDATE SET Hostname = EXCLUDED.Hostname, Name = EXCLUDED.Name, Caption = EXCLUDED.Caption, NOC = EXCLUDED.NOC, NOLP = EXCLUDED.NOLP ;
INSERT INTO Hosts(Hostname) VALUES ('PM-SSAATD016.pa.pref') ON CONFLICT(Hostname) DO UPDATE SET Hostname = EXCLUDED.Hostname ;
INSERT INTO OS(Hostname, Caption, BuildNumber, Architecture, Description) VALUES('PM-SSAATD016.pa.pref', 'Microsoft Windows 10 Pro', '19045', '64 bits', NULL) ON CONFLICT(Hostname) DO UPDATE SET Hostname = EXCLUDED.Hostname, Caption = EXCLUDED.Caption, BuildNumber = EXCLUDED.BuildNumber, Architecture = EXCLUDED.Architecture, Description = EXCLUDED.Description ;
INSERT INTO Hosts(Hostname) VALUES ('PM-SSAATD016.pa.pref') ON CONFLICT(Hostname) DO UPDATE SET Hostname = EXCLUDED.Hostname ;
INSERT INTO Networking(Hostname, IP, Gateway, Description, Index, DHCP) VALUES ('PM-SSAATD016.pa.pref', '192.168.11.107', '192.168.11.1', 'Intel(R) 82579LM Gigabit Network Connection', '1', 'True') ON CONFLICT(Hostname) DO UPDATE SET Hostname = EXCLUDED.Hostname, IP = EXCLUDED.IP, Gateway = EXCLUDED.Gateway, Description = EXCLUDED.Description, Index = EXCLUDED.Index, DHCP = EXCLUDED.DHCP ;
INSERT INTO Hosts(Hostname) VALUES ('PM-SSAREG040.pa.pref') ON CONFLICT(Hostname) DO UPDATE SET Hostname = EXCLUDED.Hostname ;
INSERT INTO CPU(Hostname, Name, Caption, NOC, NOLP)VALUES('PM-SSAREG040.pa.pref', 'Intel(R) Core(TM) i5-3470 CPU @ 3.20GHz', 'Intel64 Family 6 Model 58 Stepping 9', '4', '4') ON CONFLICT(Hostname) DO UPDATE SET Hostname = EXCLUDED.Hostname, Name = EXCLUDED.Name, Caption = EXCLUDED.Caption, NOC = EXCLUDED.NOC, NOLP = EXCLUDED.NOLP ;
INSERT INTO Hosts(Hostname) VALUES ('PM-SSAREG040.pa.pref') ON CONFLICT(Hostname) DO UPDATE SET Hostname = EXCLUDED.Hostname ;
INSERT INTO OS(Hostname, Caption, BuildNumber, Architecture, Description) VALUES('PM-SSAREG040.pa.pref', 'Microsoft Windows 7 Professional ', '7601', '64-bit', 'Patrimônio: 92856') ON CONFLICT(Hostname) DO UPDATE SET Hostname = EXCLUDED.Hostname, Caption = EXCLUDED.Caption, BuildNumber = EXCLUDED.BuildNumber, Architecture = EXCLUDED.Architecture, Description = EXCLUDED.Description ;
INSERT INTO Hosts(Hostname) VALUES ('PM-SSAREG040.pa.pref') ON CONFLICT(Hostname) DO UPDATE SET Hostname = EXCLUDED.Hostname ;
INSERT INTO Networking(Hostname, IP, Gateway, Description, Index, DHCP) VALUES ('PM-SSAREG040.pa.pref', '192.168.11.114', '192.168.11.1', 'Intel(R) 82579LM Gigabit Network Connection', '7', 'True') ON CONFLICT(Hostname) DO UPDATE SET Hostname = EXCLUDED.Hostname, IP = EXCLUDED.IP, Gateway = EXCLUDED.Gateway, Description = EXCLUDED.Description, Index = EXCLUDED.Index, DHCP = EXCLUDED.DHCP ;
INSERT INTO Hosts(Hostname) VALUES ('PM-SECPED037.pa.pref') ON CONFLICT(Hostname) DO UPDATE SET Hostname = EXCLUDED.Hostname ;
INSERT INTO CPU(Hostname, Name, Caption, NOC, NOLP)VALUES('PM-SECPED037.pa.pref', 'Intel(R) Core(TM) i7-7700 CPU @ 3.60GHz', 'Intel64 Family 6 Model 158 Stepping 9', '4', '8') ON CONFLICT(Hostname) DO UPDATE SET Hostname = EXCLUDED.Hostname, Name = EXCLUDED.Name, Caption = EXCLUDED.Caption, NOC = EXCLUDED.NOC, NOLP = EXCLUDED.NOLP ;
INSERT INTO Hosts(Hostname) VALUES ('PM-SECPED037.pa.pref') ON CONFLICT(Hostname) DO UPDATE SET Hostname = EXCLUDED.Hostname ;
INSERT INTO OS(Hostname, Caption, BuildNumber, Architecture, Description) VALUES('PM-SECPED037.pa.pref', 'Microsoft Windows 10 Pro', '19045', '64 bits', NULL) ON CONFLICT(Hostname) DO UPDATE SET Hostname = EXCLUDED.Hostname, Caption = EXCLUDED.Caption, BuildNumber = EXCLUDED.BuildNumber, Architecture = EXCLUDED.Architecture, Description = EXCLUDED.Description ;
INSERT INTO Hosts(Hostname) VALUES ('PM-SECPED037.pa.pref') ON CONFLICT(Hostname) DO UPDATE SET Hostname = EXCLUDED.Hostname ;
INSERT INTO Networking(Hostname, IP, Gateway, Description, Index, DHCP) VALUES ('PM-SECPED037.pa.pref', '192.168.9.189', '192.168.9.1', 'Realtek PCIe GBE Family Controller', '1', 'True') ON CONFLICT(Hostname) DO UPDATE SET Hostname = EXCLUDED.Hostname, IP = EXCLUDED.IP, Gateway = EXCLUDED.Gateway, Description = EXCLUDED.Description, Index = EXCLUDED.Index, DHCP = EXCLUDED.DHCP ;
INSERT INTO Hosts(Hostname) VALUES ('PM-SAFORC003.pa.pref') ON CONFLICT(Hostname) DO UPDATE SET Hostname = EXCLUDED.Hostname ;
INSERT INTO CPU(Hostname, Name, Caption, NOC, NOLP)VALUES('PM-SAFORC003.pa.pref', '12th Gen Intel(R) Core(TM) i3-12100', 'Intel64 Family 6 Model 151 Stepping 5', '4', '8') ON CONFLICT(Hostname) DO UPDATE SET Hostname = EXCLUDED.Hostname, Name = EXCLUDED.Name, Caption = EXCLUDED.Caption, NOC = EXCLUDED.NOC, NOLP = EXCLUDED.NOLP ;
INSERT INTO Hosts(Hostname) VALUES ('PM-SAFORC003.pa.pref') ON CONFLICT(Hostname) DO UPDATE SET Hostname = EXCLUDED.Hostname ;
INSERT INTO OS(Hostname, Caption, BuildNumber, Architecture, Description) VALUES('PM-SAFORC003.pa.pref', 'Microsoft Windows 11 Pro', '22621', '64 bits', NULL) ON CONFLICT(Hostname) DO UPDATE SET Hostname = EXCLUDED.Hostname, Caption = EXCLUDED.Caption, BuildNumber = EXCLUDED.BuildNumber, Architecture = EXCLUDED.Architecture, Description = EXCLUDED.Description ;
INSERT INTO Hosts(Hostname) VALUES ('PM-SAFORC003.pa.pref') ON CONFLICT(Hostname) DO UPDATE SET Hostname = EXCLUDED.Hostname ;
INSERT INTO Networking(Hostname, IP, Gateway, Description, Index, DHCP) VALUES ('PM-SAFORC003.pa.pref', '192.168.253.197', '192.168.253.1', 'Realtek PCIe GbE Family Controller', '1', 'True') ON CONFLICT(Hostname) DO UPDATE SET Hostname = EXCLUDED.Hostname, IP = EXCLUDED.IP, Gateway = EXCLUDED.Gateway, Description = EXCLUDED.Description, Index = EXCLUDED.Index, DHCP = EXCLUDED.DHCP ;
INSERT INTO Hosts(Hostname) VALUES ('PM-MANUTESC01.pa.pref') ON CONFLICT(Hostname) DO UPDATE SET Hostname = EXCLUDED.Hostname ;
INSERT INTO CPU(Hostname, Name, Caption, NOC, NOLP)VALUES('PM-MANUTESC01.pa.pref', 'Intel(R) Core(TM) i3-7100 CPU @ 3.90GHz', 'Intel64 Family 6 Model 158 Stepping 9', '2', '4') ON CONFLICT(Hostname) DO UPDATE SET Hostname = EXCLUDED.Hostname, Name = EXCLUDED.Name, Caption = EXCLUDED.Caption, NOC = EXCLUDED.NOC, NOLP = EXCLUDED.NOLP ;
INSERT INTO Hosts(Hostname) VALUES ('PM-MANUTESC01.pa.pref') ON CONFLICT(Hostname) DO UPDATE SET Hostname = EXCLUDED.Hostname ;
INSERT INTO OS(Hostname, Caption, BuildNumber, Architecture, Description) VALUES('PM-MANUTESC01.pa.pref', 'Microsoft Windows 10 Pro', '19045', '64 bits', 'P-132021') ON CONFLICT(Hostname) DO UPDATE SET Hostname = EXCLUDED.Hostname, Caption = EXCLUDED.Caption, BuildNumber = EXCLUDED.BuildNumber, Architecture = EXCLUDED.Architecture, Description = EXCLUDED.Description ;
INSERT INTO Hosts(Hostname) VALUES ('PM-MANUTESC01.pa.pref') ON CONFLICT(Hostname) DO UPDATE SET Hostname = EXCLUDED.Hostname ;
INSERT INTO Networking(Hostname, IP, Gateway, Description, Index, DHCP) VALUES ('PM-MANUTESC01.pa.pref', '192.168.9.70', '192.168.9.1', 'Realtek PCIe GbE Family Controller', '1', 'False') ON CONFLICT(Hostname) DO UPDATE SET Hostname = EXCLUDED.Hostname, IP = EXCLUDED.IP, Gateway = EXCLUDED.Gateway, Description = EXCLUDED.Description, Index = EXCLUDED.Index, DHCP = EXCLUDED.DHCP ;
INSERT INTO Hosts(Hostname) VALUES ('PM-SPSCTU013.pa.pref') ON CONFLICT(Hostname) DO UPDATE SET Hostname = EXCLUDED.Hostname ;
INSERT INTO CPU(Hostname, Name, Caption, NOC, NOLP)VALUES('PM-SPSCTU013.pa.pref', 'Intel(R) Core(TM) i3-10100 CPU @ 3.60GHz', 'Intel64 Family 6 Model 165 Stepping 3', '4', '8') ON CONFLICT(Hostname) DO UPDATE SET Hostname = EXCLUDED.Hostname, Name = EXCLUDED.Name, Caption = EXCLUDED.Caption, NOC = EXCLUDED.NOC, NOLP = EXCLUDED.NOLP ;
INSERT INTO Hosts(Hostname) VALUES ('PM-SPSCTU013.pa.pref') ON CONFLICT(Hostname) DO UPDATE SET Hostname = EXCLUDED.Hostname ;
INSERT INTO OS(Hostname, Caption, BuildNumber, Architecture, Description) VALUES('PM-SPSCTU013.pa.pref', 'Microsoft Windows 10 Pro', '19044', '64 bits', 'P-174506 A-655817555') ON CONFLICT(Hostname) DO UPDATE SET Hostname = EXCLUDED.Hostname, Caption = EXCLUDED.Caption, BuildNumber = EXCLUDED.BuildNumber, Architecture = EXCLUDED.Architecture, Description = EXCLUDED.Description ;
INSERT INTO Hosts(Hostname) VALUES ('PM-SPSCTU013.pa.pref') ON CONFLICT(Hostname) DO UPDATE SET Hostname = EXCLUDED.Hostname ;
INSERT INTO Networking(Hostname, IP, Gateway, Description, Index, DHCP) VALUES ('PM-SPSCTU013.pa.pref', '192.168.214.135', '192.168.214.1', 'Realtek PCIe GbE Family Controller', '1', 'True') ON CONFLICT(Hostname) DO UPDATE SET Hostname = EXCLUDED.Hostname, IP = EXCLUDED.IP, Gateway = EXCLUDED.Gateway, Description = EXCLUDED.Description, Index = EXCLUDED.Index, DHCP = EXCLUDED.DHCP ;
INSERT INTO Hosts(Hostname) VALUES ('PM-SECED12007.pa.pref') ON CONFLICT(Hostname) DO UPDATE SET Hostname = EXCLUDED.Hostname ;
INSERT INTO CPU(Hostname, Name, Caption, NOC, NOLP)VALUES('PM-SECED12007.pa.pref', 'Intel(R) Core(TM) i3-3220 CPU @ 3.30GHz', 'Intel64 Family 6 Model 58 Stepping 9', '2', '4') ON CONFLICT(Hostname) DO UPDATE SET Hostname = EXCLUDED.Hostname, Name = EXCLUDED.Name, Caption = EXCLUDED.Caption, NOC = EXCLUDED.NOC, NOLP = EXCLUDED.NOLP ;
INSERT INTO Hosts(Hostname) VALUES ('PM-SECED12007.pa.pref') ON CONFLICT(Hostname) DO UPDATE SET Hostname = EXCLUDED.Hostname ;
INSERT INTO OS(Hostname, Caption, BuildNumber, Architecture, Description) VALUES('PM-SECED12007.pa.pref', 'Microsoft Windows 7 Professional ', '7601', '64-bit', NULL) ON CONFLICT(Hostname) DO UPDATE SET Hostname = EXCLUDED.Hostname, Caption = EXCLUDED.Caption, BuildNumber = EXCLUDED.BuildNumber, Architecture = EXCLUDED.Architecture, Description = EXCLUDED.Description ;
INSERT INTO Hosts(Hostname) VALUES ('PM-SECED12007.pa.pref') ON CONFLICT(Hostname) DO UPDATE SET Hostname = EXCLUDED.Hostname ;
INSERT INTO Networking(Hostname, IP, Gateway, Description, Index, DHCP) VALUES ('PM-SECED12007.pa.pref', '192.168.151.14', '192.168.151.1', 'Realtek PCIe GBE Family Controller', '7', 'True') ON CONFLICT(Hostname) DO UPDATE SET Hostname = EXCLUDED.Hostname, IP = EXCLUDED.IP, Gateway = EXCLUDED.Gateway, Description = EXCLUDED.Description, Index = EXCLUDED.Index, DHCP = EXCLUDED.DHCP ;
INSERT INTO Hosts(Hostname) VALUES ('PM-SURADM033.pa.pref') ON CONFLICT(Hostname) DO UPDATE SET Hostname = EXCLUDED.Hostname ;
INSERT INTO CPU(Hostname, Name, Caption, NOC, NOLP)VALUES('PM-SURADM033.pa.pref', 'Intel(R) Core(TM) i3-10100 CPU @ 3.60GHz', 'Intel64 Family 6 Model 165 Stepping 3', '4', '8') ON CONFLICT(Hostname) DO UPDATE SET Hostname = EXCLUDED.Hostname, Name = EXCLUDED.Name, Caption = EXCLUDED.Caption, NOC = EXCLUDED.NOC, NOLP = EXCLUDED.NOLP ;
INSERT INTO Hosts(Hostname) VALUES ('PM-SURADM033.pa.pref') ON CONFLICT(Hostname) DO UPDATE SET Hostname = EXCLUDED.Hostname ;
INSERT INTO OS(Hostname, Caption, BuildNumber, Architecture, Description) VALUES('PM-SURADM033.pa.pref', 'Microsoft Windows 10 Pro', '19044', '64 bits', 'P-175523 A-290944394') ON CONFLICT(Hostname) DO UPDATE SET Hostname = EXCLUDED.Hostname, Caption = EXCLUDED.Caption, BuildNumber = EXCLUDED.BuildNumber, Architecture = EXCLUDED.Architecture, Description = EXCLUDED.Description ;
INSERT INTO Hosts(Hostname) VALUES ('PM-SURADM033.pa.pref') ON CONFLICT(Hostname) DO UPDATE SET Hostname = EXCLUDED.Hostname ;
INSERT INTO Networking(Hostname, IP, Gateway, Description, Index, DHCP) VALUES ('PM-SURADM033.pa.pref', '192.168.198.81', '192.168.198.1', 'Realtek PCIe GbE Family Controller', '1', 'True') ON CONFLICT(Hostname) DO UPDATE SET Hostname = EXCLUDED.Hostname, IP = EXCLUDED.IP, Gateway = EXCLUDED.Gateway, Description = EXCLUDED.Description, Index = EXCLUDED.Index, DHCP = EXCLUDED.DHCP ;
INSERT INTO Hosts(Hostname) VALUES ('PM-SAFEMP003.pa.pref') ON CONFLICT(Hostname) DO UPDATE SET Hostname = EXCLUDED.Hostname ;
INSERT INTO CPU(Hostname, Name, Caption, NOC, NOLP)VALUES('PM-SAFEMP003.pa.pref', 'Intel(R) Core(TM) i3-9100 CPU @ 3.60GHz', 'Intel64 Family 6 Model 158 Stepping 11', '4', '4') ON CONFLICT(Hostname) DO UPDATE SET Hostname = EXCLUDED.Hostname, Name = EXCLUDED.Name, Caption = EXCLUDED.Caption, NOC = EXCLUDED.NOC, NOLP = EXCLUDED.NOLP ;
INSERT INTO Hosts(Hostname) VALUES ('PM-SAFEMP003.pa.pref') ON CONFLICT(Hostname) DO UPDATE SET Hostname = EXCLUDED.Hostname ;
INSERT INTO OS(Hostname, Caption, BuildNumber, Architecture, Description) VALUES('PM-SAFEMP003.pa.pref', 'Microsoft Windows 11 Pro', '22621', '64 bits', '149693') ON CONFLICT(Hostname) DO UPDATE SET Hostname = EXCLUDED.Hostname, Caption = EXCLUDED.Caption, BuildNumber = EXCLUDED.BuildNumber, Architecture = EXCLUDED.Architecture, Description = EXCLUDED.Description ;
INSERT INTO Hosts(Hostname) VALUES ('PM-SAFEMP003.pa.pref') ON CONFLICT(Hostname) DO UPDATE SET Hostname = EXCLUDED.Hostname ;
INSERT INTO Networking(Hostname, IP, Gateway, Description, Index, DHCP) VALUES ('PM-SAFEMP003.pa.pref', '192.168.8.228', '192.168.8.1', 'Intel(R) Ethernet Connection (7) I219-V', '1', 'True') ON CONFLICT(Hostname) DO UPDATE SET Hostname = EXCLUDED.Hostname, IP = EXCLUDED.IP, Gateway = EXCLUDED.Gateway, Description = EXCLUDED.Description, Index = EXCLUDED.Index, DHCP = EXCLUDED.DHCP ;
INSERT INTO Hosts(Hostname) VALUES ('PM-SSAUS26052.pa.pref') ON CONFLICT(Hostname) DO UPDATE SET Hostname = EXCLUDED.Hostname ;
INSERT INTO CPU(Hostname, Name, Caption, NOC, NOLP)VALUES('PM-SSAUS26052.pa.pref', 'AMD Ryzen 3 PRO 4350GE with Radeon Graphics', 'AMD64 Family 23 Model 96 Stepping 1', '4', '8') ON CONFLICT(Hostname) DO UPDATE SET Hostname = EXCLUDED.Hostname, Name = EXCLUDED.Name, Caption = EXCLUDED.Caption, NOC = EXCLUDED.NOC, NOLP = EXCLUDED.NOLP ;
INSERT INTO Hosts(Hostname) VALUES ('PM-SSAUS26052.pa.pref') ON CONFLICT(Hostname) DO UPDATE SET Hostname = EXCLUDED.Hostname ;
INSERT INTO OS(Hostname, Caption, BuildNumber, Architecture, Description) VALUES('PM-SSAUS26052.pa.pref', 'Microsoft Windows 10 Pro', '19044', '64 bits', 'P-169064 A-933148475') ON CONFLICT(Hostname) DO UPDATE SET Hostname = EXCLUDED.Hostname, Caption = EXCLUDED.Caption, BuildNumber = EXCLUDED.BuildNumber, Architecture = EXCLUDED.Architecture, Description = EXCLUDED.Description ;
INSERT INTO Hosts(Hostname) VALUES ('PM-SSAUS26052.pa.pref') ON CONFLICT(Hostname) DO UPDATE SET Hostname = EXCLUDED.Hostname ;
INSERT INTO Networking(Hostname, IP, Gateway, Description, Index, DHCP) VALUES ('PM-SSAUS26052.pa.pref', '192.168.221.64', '192.168.221.1', 'Realtek RTL8852AE WiFi 6 802.11ax PCIe Adapter', '2', 'True') ON CONFLICT(Hostname) DO UPDATE SET Hostname = EXCLUDED.Hostname, IP = EXCLUDED.IP, Gateway = EXCLUDED.Gateway, Description = EXCLUDED.Description, Index = EXCLUDED.Index, DHCP = EXCLUDED.DHCP ;
INSERT INTO Hosts(Hostname) VALUES ('PM-WD16.pa.pref') ON CONFLICT(Hostname) DO UPDATE SET Hostname = EXCLUDED.Hostname ;
INSERT INTO CPU(Hostname, Name, Caption, NOC, NOLP)VALUES('PM-WD16.pa.pref', '11th Gen Intel(R) Core(TM) i5-1135G7 @ 2.40GHz', 'Intel64 Family 6 Model 140 Stepping 1', '4', '8') ON CONFLICT(Hostname) DO UPDATE SET Hostname = EXCLUDED.Hostname, Name = EXCLUDED.Name, Caption = EXCLUDED.Caption, NOC = EXCLUDED.NOC, NOLP = EXCLUDED.NOLP ;
INSERT INTO Hosts(Hostname) VALUES ('PM-WD16.pa.pref') ON CONFLICT(Hostname) DO UPDATE SET Hostname = EXCLUDED.Hostname ;
INSERT INTO OS(Hostname, Caption, BuildNumber, Architecture, Description) VALUES('PM-WD16.pa.pref', 'Microsoft Windows 10 Pro', '19045', '64 bits', NULL) ON CONFLICT(Hostname) DO UPDATE SET Hostname = EXCLUDED.Hostname, Caption = EXCLUDED.Caption, BuildNumber = EXCLUDED.BuildNumber, Architecture = EXCLUDED.Architecture, Description = EXCLUDED.Description ;
INSERT INTO Hosts(Hostname) VALUES ('PM-WD16.pa.pref') ON CONFLICT(Hostname) DO UPDATE SET Hostname = EXCLUDED.Hostname ;
INSERT INTO Networking(Hostname, IP, Gateway, Description, Index, DHCP) VALUES ('PM-WD16.pa.pref', '192.168.223.164', '192.168.223.1', 'Intel(R) Wireless-AC 9462', '1', 'True') ON CONFLICT(Hostname) DO UPDATE SET Hostname = EXCLUDED.Hostname, IP = EXCLUDED.IP, Gateway = EXCLUDED.Gateway, Description = EXCLUDED.Description, Index = EXCLUDED.Index, DHCP = EXCLUDED.DHCP ;
INSERT INTO Hosts(Hostname) VALUES ('PM-SPSADM004.pa.pref') ON CONFLICT(Hostname) DO UPDATE SET Hostname = EXCLUDED.Hostname ;
INSERT INTO CPU(Hostname, Name, Caption, NOC, NOLP)VALUES('PM-SPSADM004.pa.pref', 'Intel(R) Core(TM)2 Duo CPU     E7500  @ 2.93GHz', 'x64 Family 6 Model 23 Stepping 10', '2', '2') ON CONFLICT(Hostname) DO UPDATE SET Hostname = EXCLUDED.Hostname, Name = EXCLUDED.Name, Caption = EXCLUDED.Caption, NOC = EXCLUDED.NOC, NOLP = EXCLUDED.NOLP ;
INSERT INTO Hosts(Hostname) VALUES ('PM-SPSADM004.pa.pref') ON CONFLICT(Hostname) DO UPDATE SET Hostname = EXCLUDED.Hostname ;
INSERT INTO OS(Hostname, Caption, BuildNumber, Architecture, Description) VALUES('PM-SPSADM004.pa.pref', 'Microsoft Windows 7 Professional ', '7601', '32-bit', 'Patrimônio 93656') ON CONFLICT(Hostname) DO UPDATE SET Hostname = EXCLUDED.Hostname, Caption = EXCLUDED.Caption, BuildNumber = EXCLUDED.BuildNumber, Architecture = EXCLUDED.Architecture, Description = EXCLUDED.Description ;
INSERT INTO Hosts(Hostname) VALUES ('PM-SPSADM004.pa.pref') ON CONFLICT(Hostname) DO UPDATE SET Hostname = EXCLUDED.Hostname ;
INSERT INTO Networking(Hostname, IP, Gateway, Description, Index, DHCP) VALUES ('PM-SPSADM004.pa.pref', '192.168.214.66', '192.168.214.1', 'Intel(R) 82567V-4 Gigabit Network Connection', '7', 'True') ON CONFLICT(Hostname) DO UPDATE SET Hostname = EXCLUDED.Hostname, IP = EXCLUDED.IP, Gateway = EXCLUDED.Gateway, Description = EXCLUDED.Description, Index = EXCLUDED.Index, DHCP = EXCLUDED.DHCP ;
INSERT INTO Hosts(Hostname) VALUES ('PM-184468.pa.pref') ON CONFLICT(Hostname) DO UPDATE SET Hostname = EXCLUDED.Hostname ;
INSERT INTO CPU(Hostname, Name, Caption, NOC, NOLP)VALUES('PM-184468.pa.pref', '12th Gen Intel(R) Core(TM) i3-12100', 'Intel64 Family 6 Model 151 Stepping 5', '4', '8') ON CONFLICT(Hostname) DO UPDATE SET Hostname = EXCLUDED.Hostname, Name = EXCLUDED.Name, Caption = EXCLUDED.Caption, NOC = EXCLUDED.NOC, NOLP = EXCLUDED.NOLP ;
INSERT INTO Hosts(Hostname) VALUES ('PM-184468.pa.pref') ON CONFLICT(Hostname) DO UPDATE SET Hostname = EXCLUDED.Hostname ;
INSERT INTO OS(Hostname, Caption, BuildNumber, Architecture, Description) VALUES('PM-184468.pa.pref', 'Microsoft Windows 11 Pro', '22621', '64 bits', NULL) ON CONFLICT(Hostname) DO UPDATE SET Hostname = EXCLUDED.Hostname, Caption = EXCLUDED.Caption, BuildNumber = EXCLUDED.BuildNumber, Architecture = EXCLUDED.Architecture, Description = EXCLUDED.Description ;
INSERT INTO Hosts(Hostname) VALUES ('PM-184468.pa.pref') ON CONFLICT(Hostname) DO UPDATE SET Hostname = EXCLUDED.Hostname ;
INSERT INTO Networking(Hostname, IP, Gateway, Description, Index, DHCP) VALUES ('PM-184468.pa.pref', '192.168.11.116', '192.168.11.1', 'Realtek PCIe GbE Family Controller', '1', 'True') ON CONFLICT(Hostname) DO UPDATE SET Hostname = EXCLUDED.Hostname, IP = EXCLUDED.IP, Gateway = EXCLUDED.Gateway, Description = EXCLUDED.Description, Index = EXCLUDED.Index, DHCP = EXCLUDED.DHCP ;
INSERT INTO Hosts(Hostname) VALUES ('PM-SPSHAB002.pa.pref') ON CONFLICT(Hostname) DO UPDATE SET Hostname = EXCLUDED.Hostname ;
INSERT INTO CPU(Hostname, Name, Caption, NOC, NOLP)VALUES('PM-SPSHAB002.pa.pref', 'Intel(R) Core(TM)2 Duo CPU     E7500  @ 2.93GHz', 'Intel64 Family 6 Model 23 Stepping 10', '2', '2') ON CONFLICT(Hostname) DO UPDATE SET Hostname = EXCLUDED.Hostname, Name = EXCLUDED.Name, Caption = EXCLUDED.Caption, NOC = EXCLUDED.NOC, NOLP = EXCLUDED.NOLP ;
INSERT INTO Hosts(Hostname) VALUES ('PM-SPSHAB002.pa.pref') ON CONFLICT(Hostname) DO UPDATE SET Hostname = EXCLUDED.Hostname ;
INSERT INTO OS(Hostname, Caption, BuildNumber, Architecture, Description) VALUES('PM-SPSHAB002.pa.pref', 'Microsoft Windows 7 Professional ', '7601', '64-bit', 'Patrimonio 89327') ON CONFLICT(Hostname) DO UPDATE SET Hostname = EXCLUDED.Hostname, Caption = EXCLUDED.Caption, BuildNumber = EXCLUDED.BuildNumber, Architecture = EXCLUDED.Architecture, Description = EXCLUDED.Description ;
INSERT INTO Hosts(Hostname) VALUES ('PM-SPSHAB002.pa.pref') ON CONFLICT(Hostname) DO UPDATE SET Hostname = EXCLUDED.Hostname ;
INSERT INTO Networking(Hostname, IP, Gateway, Description, Index, DHCP) VALUES ('PM-SPSHAB002.pa.pref', '192.168.16.106', '192.168.16.1', 'Intel(R) 82567V-4 Gigabit Network Connection', '7', 'True') ON CONFLICT(Hostname) DO UPDATE SET Hostname = EXCLUDED.Hostname, IP = EXCLUDED.IP, Gateway = EXCLUDED.Gateway, Description = EXCLUDED.Description, Index = EXCLUDED.Index, DHCP = EXCLUDED.DHCP ;
INSERT INTO Hosts(Hostname) VALUES ('PM-183829.pa.pref') ON CONFLICT(Hostname) DO UPDATE SET Hostname = EXCLUDED.Hostname ;
INSERT INTO CPU(Hostname, Name, Caption, NOC, NOLP)VALUES('PM-183829.pa.pref', '12th Gen Intel(R) Core(TM) i3-12100', 'Intel64 Family 6 Model 151 Stepping 5', '4', '8') ON CONFLICT(Hostname) DO UPDATE SET Hostname = EXCLUDED.Hostname, Name = EXCLUDED.Name, Caption = EXCLUDED.Caption, NOC = EXCLUDED.NOC, NOLP = EXCLUDED.NOLP ;
INSERT INTO Hosts(Hostname) VALUES ('PM-183829.pa.pref') ON CONFLICT(Hostname) DO UPDATE SET Hostname = EXCLUDED.Hostname ;
INSERT INTO OS(Hostname, Caption, BuildNumber, Architecture, Description) VALUES('PM-183829.pa.pref', 'Microsoft Windows 11 Pro', '22621', '64 bits', NULL) ON CONFLICT(Hostname) DO UPDATE SET Hostname = EXCLUDED.Hostname, Caption = EXCLUDED.Caption, BuildNumber = EXCLUDED.BuildNumber, Architecture = EXCLUDED.Architecture, Description = EXCLUDED.Description ;
INSERT INTO Hosts(Hostname) VALUES ('PM-183829.pa.pref') ON CONFLICT(Hostname) DO UPDATE SET Hostname = EXCLUDED.Hostname ;
INSERT INTO Networking(Hostname, IP, Gateway, Description, Index, DHCP) VALUES ('PM-183829.pa.pref', '192.168.8.210', '192.168.8.1', 'Realtek PCIe GbE Family Controller', '1', 'True') ON CONFLICT(Hostname) DO UPDATE SET Hostname = EXCLUDED.Hostname, IP = EXCLUDED.IP, Gateway = EXCLUDED.Gateway, Description = EXCLUDED.Description, Index = EXCLUDED.Index, DHCP = EXCLUDED.DHCP ;
INSERT INTO Hosts(Hostname) VALUES ('PM-SSAATD003.pa.pref') ON CONFLICT(Hostname) DO UPDATE SET Hostname = EXCLUDED.Hostname ;
INSERT INTO CPU(Hostname, Name, Caption, NOC, NOLP)VALUES('PM-SSAATD003.pa.pref', 'Intel(R) Core(TM) i5-3470 CPU @ 3.20GHz', 'Intel64 Family 6 Model 58 Stepping 9', '4', '4') ON CONFLICT(Hostname) DO UPDATE SET Hostname = EXCLUDED.Hostname, Name = EXCLUDED.Name, Caption = EXCLUDED.Caption, NOC = EXCLUDED.NOC, NOLP = EXCLUDED.NOLP ;
INSERT INTO Hosts(Hostname) VALUES ('PM-SSAATD003.pa.pref') ON CONFLICT(Hostname) DO UPDATE SET Hostname = EXCLUDED.Hostname ;
INSERT INTO OS(Hostname, Caption, BuildNumber, Architecture, Description) VALUES('PM-SSAATD003.pa.pref', 'Microsoft Windows 7 Professional ', '7601', '64-bit', NULL) ON CONFLICT(Hostname) DO UPDATE SET Hostname = EXCLUDED.Hostname, Caption = EXCLUDED.Caption, BuildNumber = EXCLUDED.BuildNumber, Architecture = EXCLUDED.Architecture, Description = EXCLUDED.Description ;
INSERT INTO Hosts(Hostname) VALUES ('PM-SSAATD003.pa.pref') ON CONFLICT(Hostname) DO UPDATE SET Hostname = EXCLUDED.Hostname ;
INSERT INTO Networking(Hostname, IP, Gateway, Description, Index, DHCP) VALUES ('PM-SSAATD003.pa.pref', '192.168.11.239', '192.168.11.1', 'Intel(R) 82579LM Gigabit Network Connection', '7', 'True') ON CONFLICT(Hostname) DO UPDATE SET Hostname = EXCLUDED.Hostname, IP = EXCLUDED.IP, Gateway = EXCLUDED.Gateway, Description = EXCLUDED.Description, Index = EXCLUDED.Index, DHCP = EXCLUDED.DHCP ;
INSERT INTO Hosts(Hostname) VALUES ('PM-SECED10020.pa.pref') ON CONFLICT(Hostname) DO UPDATE SET Hostname = EXCLUDED.Hostname ;
INSERT INTO CPU(Hostname, Name, Caption, NOC, NOLP)VALUES('PM-SECED10020.pa.pref', 'Intel(R) Core(TM) i3-10100 CPU @ 3.60GHz', 'Intel64 Family 6 Model 165 Stepping 3', '4', '8') ON CONFLICT(Hostname) DO UPDATE SET Hostname = EXCLUDED.Hostname, Name = EXCLUDED.Name, Caption = EXCLUDED.Caption, NOC = EXCLUDED.NOC, NOLP = EXCLUDED.NOLP ;
INSERT INTO Hosts(Hostname) VALUES ('PM-SECED10020.pa.pref') ON CONFLICT(Hostname) DO UPDATE SET Hostname = EXCLUDED.Hostname ;
INSERT INTO OS(Hostname, Caption, BuildNumber, Architecture, Description) VALUES('PM-SECED10020.pa.pref', 'Microsoft Windows 10 Pro', '19045', '64 bits', 'P-174596\\A-436803622') ON CONFLICT(Hostname) DO UPDATE SET Hostname = EXCLUDED.Hostname, Caption = EXCLUDED.Caption, BuildNumber = EXCLUDED.BuildNumber, Architecture = EXCLUDED.Architecture, Description = EXCLUDED.Description ;
INSERT INTO Hosts(Hostname) VALUES ('PM-SECED10020.pa.pref') ON CONFLICT(Hostname) DO UPDATE SET Hostname = EXCLUDED.Hostname ;
INSERT INTO Networking(Hostname, IP, Gateway, Description, Index, DHCP) VALUES ('PM-SECED10020.pa.pref', '192.168.174.155', '192.168.174.1', 'Realtek PCIe GbE Family Controller', '1', 'True') ON CONFLICT(Hostname) DO UPDATE SET Hostname = EXCLUDED.Hostname, IP = EXCLUDED.IP, Gateway = EXCLUDED.Gateway, Description = EXCLUDED.Description, Index = EXCLUDED.Index, DHCP = EXCLUDED.DHCP ;
INSERT INTO Hosts(Hostname) VALUES ('PM-SIOADM008.pa.pref') ON CONFLICT(Hostname) DO UPDATE SET Hostname = EXCLUDED.Hostname ;
INSERT INTO CPU(Hostname, Name, Caption, NOC, NOLP)VALUES('PM-SIOADM008.pa.pref', 'Intel(R) Core(TM) i3-7100 CPU @ 3.90GHz', 'Intel64 Family 6 Model 158 Stepping 9', '2', '4') ON CONFLICT(Hostname) DO UPDATE SET Hostname = EXCLUDED.Hostname, Name = EXCLUDED.Name, Caption = EXCLUDED.Caption, NOC = EXCLUDED.NOC, NOLP = EXCLUDED.NOLP ;
INSERT INTO Hosts(Hostname) VALUES ('PM-SIOADM008.pa.pref') ON CONFLICT(Hostname) DO UPDATE SET Hostname = EXCLUDED.Hostname ;
INSERT INTO OS(Hostname, Caption, BuildNumber, Architecture, Description) VALUES('PM-SIOADM008.pa.pref', 'Microsoft Windows 10 Pro', '19045', '64 bits', 'Patrimonio 133508') ON CONFLICT(Hostname) DO UPDATE SET Hostname = EXCLUDED.Hostname, Caption = EXCLUDED.Caption, BuildNumber = EXCLUDED.BuildNumber, Architecture = EXCLUDED.Architecture, Description = EXCLUDED.Description ;
INSERT INTO Hosts(Hostname) VALUES ('PM-SIOADM008.pa.pref') ON CONFLICT(Hostname) DO UPDATE SET Hostname = EXCLUDED.Hostname ;
INSERT INTO Networking(Hostname, IP, Gateway, Description, Index, DHCP) VALUES ('PM-SIOADM008.pa.pref', '192.168.10.75', '192.168.10.1', 'Realtek PCIe GBE Family Controller', '1', 'True') ON CONFLICT(Hostname) DO UPDATE SET Hostname = EXCLUDED.Hostname, IP = EXCLUDED.IP, Gateway = EXCLUDED.Gateway, Description = EXCLUDED.Description, Index = EXCLUDED.Index, DHCP = EXCLUDED.DHCP ;
INSERT INTO Hosts(Hostname) VALUES ('PM-SSAHPMINI060.pa.pref') ON CONFLICT(Hostname) DO UPDATE SET Hostname = EXCLUDED.Hostname ;
INSERT INTO CPU(Hostname, Name, Caption, NOC, NOLP)VALUES('PM-SSAHPMINI060.pa.pref', 'AMD Ryzen 3 PRO 4350GE with Radeon Graphics', 'AMD64 Family 23 Model 96 Stepping 1', '4', '8') ON CONFLICT(Hostname) DO UPDATE SET Hostname = EXCLUDED.Hostname, Name = EXCLUDED.Name, Caption = EXCLUDED.Caption, NOC = EXCLUDED.NOC, NOLP = EXCLUDED.NOLP ;
INSERT INTO Hosts(Hostname) VALUES ('PM-SSAHPMINI060.pa.pref') ON CONFLICT(Hostname) DO UPDATE SET Hostname = EXCLUDED.Hostname ;
INSERT INTO OS(Hostname, Caption, BuildNumber, Architecture, Description) VALUES('PM-SSAHPMINI060.pa.pref', 'Microsoft Windows 10 Pro', '19045', '64 bits', 'P-169059 A-921133219') ON CONFLICT(Hostname) DO UPDATE SET Hostname = EXCLUDED.Hostname, Caption = EXCLUDED.Caption, BuildNumber = EXCLUDED.BuildNumber, Architecture = EXCLUDED.Architecture, Description = EXCLUDED.Description ;
INSERT INTO Hosts(Hostname) VALUES ('PM-SSAHPMINI060.pa.pref') ON CONFLICT(Hostname) DO UPDATE SET Hostname = EXCLUDED.Hostname ;
INSERT INTO Networking(Hostname, IP, Gateway, Description, Index, DHCP) VALUES ('PM-SSAHPMINI060.pa.pref', '192.168.11.138', '192.168.11.1', 'Realtek PCIe GbE Family Controller', '1', 'True') ON CONFLICT(Hostname) DO UPDATE SET Hostname = EXCLUDED.Hostname, IP = EXCLUDED.IP, Gateway = EXCLUDED.Gateway, Description = EXCLUDED.Description, Index = EXCLUDED.Index, DHCP = EXCLUDED.DHCP ;
INSERT INTO Hosts(Hostname) VALUES ('PM-SSAATD008.pa.pref') ON CONFLICT(Hostname) DO UPDATE SET Hostname = EXCLUDED.Hostname ;
INSERT INTO CPU(Hostname, Name, Caption, NOC, NOLP)VALUES('PM-SSAATD008.pa.pref', NULL, NULL, NULL, NULL) ON CONFLICT(Hostname) DO UPDATE SET Hostname = EXCLUDED.Hostname, Name = EXCLUDED.Name, Caption = EXCLUDED.Caption, NOC = EXCLUDED.NOC, NOLP = EXCLUDED.NOLP ;
INSERT INTO Hosts(Hostname) VALUES ('PM-SSAATD008.pa.pref') ON CONFLICT(Hostname) DO UPDATE SET Hostname = EXCLUDED.Hostname ;
INSERT INTO OS(Hostname, Caption, BuildNumber, Architecture, Description) VALUES('PM-SSAATD008.pa.pref', NULL, NULL, NULL, NULL) ON CONFLICT(Hostname) DO UPDATE SET Hostname = EXCLUDED.Hostname, Caption = EXCLUDED.Caption, BuildNumber = EXCLUDED.BuildNumber, Architecture = EXCLUDED.Architecture, Description = EXCLUDED.Description ;
INSERT INTO Hosts(Hostname) VALUES ('PM-SSAATD008.pa.pref') ON CONFLICT(Hostname) DO UPDATE SET Hostname = EXCLUDED.Hostname ;
INSERT INTO Networking(Hostname, IP, Gateway, Description, Index, DHCP) VALUES ('PM-SSAATD008.pa.pref', NULL, NULL, NULL, NULL, NULL) ON CONFLICT(Hostname) DO UPDATE SET Hostname = EXCLUDED.Hostname, IP = EXCLUDED.IP, Gateway = EXCLUDED.Gateway, Description = EXCLUDED.Description, Index = EXCLUDED.Index, DHCP = EXCLUDED.DHCP ;
INSERT INTO Hosts(Hostname) VALUES ('PM-PROADM014.pa.pref') ON CONFLICT(Hostname) DO UPDATE SET Hostname = EXCLUDED.Hostname ;
INSERT INTO CPU(Hostname, Name, Caption, NOC, NOLP)VALUES('PM-PROADM014.pa.pref', 'Intel(R) Core(TM) i3-9100 CPU @ 3.60GHz', 'Intel64 Family 6 Model 158 Stepping 11', '4', '4') ON CONFLICT(Hostname) DO UPDATE SET Hostname = EXCLUDED.Hostname, Name = EXCLUDED.Name, Caption = EXCLUDED.Caption, NOC = EXCLUDED.NOC, NOLP = EXCLUDED.NOLP ;
INSERT INTO Hosts(Hostname) VALUES ('PM-PROADM014.pa.pref') ON CONFLICT(Hostname) DO UPDATE SET Hostname = EXCLUDED.Hostname ;
INSERT INTO OS(Hostname, Caption, BuildNumber, Architecture, Description) VALUES('PM-PROADM014.pa.pref', 'Microsoft Windows 10 Pro', '19045', '64 bits', 'Patrimônio 148104') ON CONFLICT(Hostname) DO UPDATE SET Hostname = EXCLUDED.Hostname, Caption = EXCLUDED.Caption, BuildNumber = EXCLUDED.BuildNumber, Architecture = EXCLUDED.Architecture, Description = EXCLUDED.Description ;
INSERT INTO Hosts(Hostname) VALUES ('PM-PROADM014.pa.pref') ON CONFLICT(Hostname) DO UPDATE SET Hostname = EXCLUDED.Hostname ;
INSERT INTO Networking(Hostname, IP, Gateway, Description, Index, DHCP) VALUES ('PM-PROADM014.pa.pref', '192.168.12.132', '192.168.12.1', 'Intel(R) Ethernet Connection (7) I219-V', '1', 'True') ON CONFLICT(Hostname) DO UPDATE SET Hostname = EXCLUDED.Hostname, IP = EXCLUDED.IP, Gateway = EXCLUDED.Gateway, Description = EXCLUDED.Description, Index = EXCLUDED.Index, DHCP = EXCLUDED.DHCP ;
INSERT INTO Hosts(Hostname) VALUES ('PM-SECCES006.pa.pref') ON CONFLICT(Hostname) DO UPDATE SET Hostname = EXCLUDED.Hostname ;
INSERT INTO CPU(Hostname, Name, Caption, NOC, NOLP)VALUES('PM-SECCES006.pa.pref', 'Intel(R) Core(TM) i3-2120 CPU @ 3.30GHz', 'Intel64 Family 6 Model 42 Stepping 7', '2', '4') ON CONFLICT(Hostname) DO UPDATE SET Hostname = EXCLUDED.Hostname, Name = EXCLUDED.Name, Caption = EXCLUDED.Caption, NOC = EXCLUDED.NOC, NOLP = EXCLUDED.NOLP ;
INSERT INTO Hosts(Hostname) VALUES ('PM-SECCES006.pa.pref') ON CONFLICT(Hostname) DO UPDATE SET Hostname = EXCLUDED.Hostname ;
INSERT INTO OS(Hostname, Caption, BuildNumber, Architecture, Description) VALUES('PM-SECCES006.pa.pref', 'Microsoft Windows 10 Pro', '19044', '64 bits', 'RECURSOS HUMANOS') ON CONFLICT(Hostname) DO UPDATE SET Hostname = EXCLUDED.Hostname, Caption = EXCLUDED.Caption, BuildNumber = EXCLUDED.BuildNumber, Architecture = EXCLUDED.Architecture, Description = EXCLUDED.Description ;
INSERT INTO Hosts(Hostname) VALUES ('PM-SECCES006.pa.pref') ON CONFLICT(Hostname) DO UPDATE SET Hostname = EXCLUDED.Hostname ;
INSERT INTO Networking(Hostname, IP, Gateway, Description, Index, DHCP) VALUES ('PM-SECCES006.pa.pref', '192.168.8.190', '192.168.8.1', 'Realtek PCIe GbE Family Controller', '4', 'True') ON CONFLICT(Hostname) DO UPDATE SET Hostname = EXCLUDED.Hostname, IP = EXCLUDED.IP, Gateway = EXCLUDED.Gateway, Description = EXCLUDED.Description, Index = EXCLUDED.Index, DHCP = EXCLUDED.DHCP ;
INSERT INTO Hosts(Hostname) VALUES ('PM-SSAADMVIRT01.pa.pref') ON CONFLICT(Hostname) DO UPDATE SET Hostname = EXCLUDED.Hostname ;
INSERT INTO CPU(Hostname, Name, Caption, NOC, NOLP)VALUES('PM-SSAADMVIRT01.pa.pref', 'Intel(R) Core(TM) i3-2120 CPU @ 3.30GHz', 'Intel64 Family 6 Model 42 Stepping 7', '2', '4') ON CONFLICT(Hostname) DO UPDATE SET Hostname = EXCLUDED.Hostname, Name = EXCLUDED.Name, Caption = EXCLUDED.Caption, NOC = EXCLUDED.NOC, NOLP = EXCLUDED.NOLP ;
INSERT INTO Hosts(Hostname) VALUES ('PM-SSAADMVIRT01.pa.pref') ON CONFLICT(Hostname) DO UPDATE SET Hostname = EXCLUDED.Hostname ;
INSERT INTO OS(Hostname, Caption, BuildNumber, Architecture, Description) VALUES('PM-SSAADMVIRT01.pa.pref', 'Microsoft Windows 10 Pro', '19045', '64 bits', 'P-98014 A-981289467') ON CONFLICT(Hostname) DO UPDATE SET Hostname = EXCLUDED.Hostname, Caption = EXCLUDED.Caption, BuildNumber = EXCLUDED.BuildNumber, Architecture = EXCLUDED.Architecture, Description = EXCLUDED.Description ;
INSERT INTO Hosts(Hostname) VALUES ('PM-SSAADMVIRT01.pa.pref') ON CONFLICT(Hostname) DO UPDATE SET Hostname = EXCLUDED.Hostname ;
INSERT INTO Networking(Hostname, IP, Gateway, Description, Index, DHCP) VALUES ('PM-SSAADMVIRT01.pa.pref', '192.168.11.250', '192.168.11.1', 'Realtek PCIe GbE Family Controller', '1', 'True') ON CONFLICT(Hostname) DO UPDATE SET Hostname = EXCLUDED.Hostname, IP = EXCLUDED.IP, Gateway = EXCLUDED.Gateway, Description = EXCLUDED.Description, Index = EXCLUDED.Index, DHCP = EXCLUDED.DHCP ;
INSERT INTO Hosts(Hostname) VALUES ('PM-SSAHPMINI073.pa.pref') ON CONFLICT(Hostname) DO UPDATE SET Hostname = EXCLUDED.Hostname ;
INSERT INTO CPU(Hostname, Name, Caption, NOC, NOLP)VALUES('PM-SSAHPMINI073.pa.pref', 'AMD Ryzen 3 PRO 4350GE with Radeon Graphics', 'AMD64 Family 23 Model 96 Stepping 1', '4', '8') ON CONFLICT(Hostname) DO UPDATE SET Hostname = EXCLUDED.Hostname, Name = EXCLUDED.Name, Caption = EXCLUDED.Caption, NOC = EXCLUDED.NOC, NOLP = EXCLUDED.NOLP ;
INSERT INTO Hosts(Hostname) VALUES ('PM-SSAHPMINI073.pa.pref') ON CONFLICT(Hostname) DO UPDATE SET Hostname = EXCLUDED.Hostname ;
INSERT INTO OS(Hostname, Caption, BuildNumber, Architecture, Description) VALUES('PM-SSAHPMINI073.pa.pref', 'Microsoft Windows 10 Pro', '19044', '64 bits', 'P-169027 A-291313933') ON CONFLICT(Hostname) DO UPDATE SET Hostname = EXCLUDED.Hostname, Caption = EXCLUDED.Caption, BuildNumber = EXCLUDED.BuildNumber, Architecture = EXCLUDED.Architecture, Description = EXCLUDED.Description ;
INSERT INTO Hosts(Hostname) VALUES ('PM-SSAHPMINI073.pa.pref') ON CONFLICT(Hostname) DO UPDATE SET Hostname = EXCLUDED.Hostname ;
INSERT INTO Networking(Hostname, IP, Gateway, Description, Index, DHCP) VALUES ('PM-SSAHPMINI073.pa.pref', '192.168.93.231', '192.168.93.1', 'Realtek RTL8852AE WiFi 6 802.11ax PCIe Adapter', '1', 'True') ON CONFLICT(Hostname) DO UPDATE SET Hostname = EXCLUDED.Hostname, IP = EXCLUDED.IP, Gateway = EXCLUDED.Gateway, Description = EXCLUDED.Description, Index = EXCLUDED.Index, DHCP = EXCLUDED.DHCP ;
INSERT INTO Hosts(Hostname) VALUES ('PM-SPMFPO009.pa.pref') ON CONFLICT(Hostname) DO UPDATE SET Hostname = EXCLUDED.Hostname ;
INSERT INTO CPU(Hostname, Name, Caption, NOC, NOLP)VALUES('PM-SPMFPO009.pa.pref', 'Intel(R) Core(TM) i5-7200U CPU @ 2.50GHz', 'Intel64 Family 6 Model 142 Stepping 9', '2', '4') ON CONFLICT(Hostname) DO UPDATE SET Hostname = EXCLUDED.Hostname, Name = EXCLUDED.Name, Caption = EXCLUDED.Caption, NOC = EXCLUDED.NOC, NOLP = EXCLUDED.NOLP ;
INSERT INTO Hosts(Hostname) VALUES ('PM-SPMFPO009.pa.pref') ON CONFLICT(Hostname) DO UPDATE SET Hostname = EXCLUDED.Hostname ;
INSERT INTO OS(Hostname, Caption, BuildNumber, Architecture, Description) VALUES('PM-SPMFPO009.pa.pref', 'Microsoft Windows 10 Pro', '19045', '64 bits', '132982') ON CONFLICT(Hostname) DO UPDATE SET Hostname = EXCLUDED.Hostname, Caption = EXCLUDED.Caption, BuildNumber = EXCLUDED.BuildNumber, Architecture = EXCLUDED.Architecture, Description = EXCLUDED.Description ;
INSERT INTO Hosts(Hostname) VALUES ('PM-SPMFPO009.pa.pref') ON CONFLICT(Hostname) DO UPDATE SET Hostname = EXCLUDED.Hostname ;
INSERT INTO Networking(Hostname, IP, Gateway, Description, Index, DHCP) VALUES ('PM-SPMFPO009.pa.pref', '192.168.223.173', '192.168.223.1', 'Intel(R) Ethernet Connection I219-LM', '1', 'True') ON CONFLICT(Hostname) DO UPDATE SET Hostname = EXCLUDED.Hostname, IP = EXCLUDED.IP, Gateway = EXCLUDED.Gateway, Description = EXCLUDED.Description, Index = EXCLUDED.Index, DHCP = EXCLUDED.DHCP ;
INSERT INTO Hosts(Hostname) VALUES ('PM-183473.pa.pref') ON CONFLICT(Hostname) DO UPDATE SET Hostname = EXCLUDED.Hostname ;
INSERT INTO CPU(Hostname, Name, Caption, NOC, NOLP)VALUES('PM-183473.pa.pref', 'Intel(R) Core(TM) i3-2120 CPU @ 3.30GHz', 'Intel64 Family 6 Model 42 Stepping 7', '2', '4') ON CONFLICT(Hostname) DO UPDATE SET Hostname = EXCLUDED.Hostname, Name = EXCLUDED.Name, Caption = EXCLUDED.Caption, NOC = EXCLUDED.NOC, NOLP = EXCLUDED.NOLP ;
INSERT INTO Hosts(Hostname) VALUES ('PM-183473.pa.pref') ON CONFLICT(Hostname) DO UPDATE SET Hostname = EXCLUDED.Hostname ;
INSERT INTO OS(Hostname, Caption, BuildNumber, Architecture, Description) VALUES('PM-183473.pa.pref', 'Microsoft Windows 10 Pro', '19045', '64 bits', 'CEAM 183473') ON CONFLICT(Hostname) DO UPDATE SET Hostname = EXCLUDED.Hostname, Caption = EXCLUDED.Caption, BuildNumber = EXCLUDED.BuildNumber, Architecture = EXCLUDED.Architecture, Description = EXCLUDED.Description ;
INSERT INTO Hosts(Hostname) VALUES ('PM-183473.pa.pref') ON CONFLICT(Hostname) DO UPDATE SET Hostname = EXCLUDED.Hostname ;
INSERT INTO Networking(Hostname, IP, Gateway, Description, Index, DHCP) VALUES ('PM-183473.pa.pref', '192.168.101.253', '192.168.101.1', 'Realtek PCIe GbE Family Controller', '1', 'True') ON CONFLICT(Hostname) DO UPDATE SET Hostname = EXCLUDED.Hostname, IP = EXCLUDED.IP, Gateway = EXCLUDED.Gateway, Description = EXCLUDED.Description, Index = EXCLUDED.Index, DHCP = EXCLUDED.DHCP ;
INSERT INTO Hosts(Hostname) VALUES ('PM-SSAUS24004.pa.pref') ON CONFLICT(Hostname) DO UPDATE SET Hostname = EXCLUDED.Hostname ;
INSERT INTO CPU(Hostname, Name, Caption, NOC, NOLP)VALUES('PM-SSAUS24004.pa.pref', 'AMD Athlon(tm) II X2 B22 Processor', 'AMD64 Family 16 Model 6 Stepping 2', '2', '2') ON CONFLICT(Hostname) DO UPDATE SET Hostname = EXCLUDED.Hostname, Name = EXCLUDED.Name, Caption = EXCLUDED.Caption, NOC = EXCLUDED.NOC, NOLP = EXCLUDED.NOLP ;
INSERT INTO Hosts(Hostname) VALUES ('PM-SSAUS24004.pa.pref') ON CONFLICT(Hostname) DO UPDATE SET Hostname = EXCLUDED.Hostname ;
INSERT INTO OS(Hostname, Caption, BuildNumber, Architecture, Description) VALUES('PM-SSAUS24004.pa.pref', 'Microsoft Windows 10 Pro', '19045', '64 bits', 'PM-SSAUS2403') ON CONFLICT(Hostname) DO UPDATE SET Hostname = EXCLUDED.Hostname, Caption = EXCLUDED.Caption, BuildNumber = EXCLUDED.BuildNumber, Architecture = EXCLUDED.Architecture, Description = EXCLUDED.Description ;
INSERT INTO Hosts(Hostname) VALUES ('PM-SSAUS24004.pa.pref') ON CONFLICT(Hostname) DO UPDATE SET Hostname = EXCLUDED.Hostname ;
INSERT INTO Networking(Hostname, IP, Gateway, Description, Index, DHCP) VALUES ('PM-SSAUS24004.pa.pref', '192.168.32.121', '192.168.32.1', 'Broadcom NetXtreme Gigabit Ethernet', '1', 'True') ON CONFLICT(Hostname) DO UPDATE SET Hostname = EXCLUDED.Hostname, IP = EXCLUDED.IP, Gateway = EXCLUDED.Gateway, Description = EXCLUDED.Description, Index = EXCLUDED.Index, DHCP = EXCLUDED.DHCP ;
INSERT INTO Hosts(Hostname) VALUES ('PM-SECED26018.pa.pref') ON CONFLICT(Hostname) DO UPDATE SET Hostname = EXCLUDED.Hostname ;
INSERT INTO CPU(Hostname, Name, Caption, NOC, NOLP)VALUES('PM-SECED26018.pa.pref', 'Intel(R) Pentium(R) Gold G5420 CPU @ 3.80GHz', 'Intel64 Family 6 Model 158 Stepping 10', '2', '4') ON CONFLICT(Hostname) DO UPDATE SET Hostname = EXCLUDED.Hostname, Name = EXCLUDED.Name, Caption = EXCLUDED.Caption, NOC = EXCLUDED.NOC, NOLP = EXCLUDED.NOLP ;
INSERT INTO Hosts(Hostname) VALUES ('PM-SECED26018.pa.pref') ON CONFLICT(Hostname) DO UPDATE SET Hostname = EXCLUDED.Hostname ;
INSERT INTO OS(Hostname, Caption, BuildNumber, Architecture, Description) VALUES('PM-SECED26018.pa.pref', 'Microsoft Windows 10 Pro', '19045', '64 bits', 'Patrimonio 168923') ON CONFLICT(Hostname) DO UPDATE SET Hostname = EXCLUDED.Hostname, Caption = EXCLUDED.Caption, BuildNumber = EXCLUDED.BuildNumber, Architecture = EXCLUDED.Architecture, Description = EXCLUDED.Description ;
INSERT INTO Hosts(Hostname) VALUES ('PM-SECED26018.pa.pref') ON CONFLICT(Hostname) DO UPDATE SET Hostname = EXCLUDED.Hostname ;
INSERT INTO Networking(Hostname, IP, Gateway, Description, Index, DHCP) VALUES ('PM-SECED26018.pa.pref', '192.168.105.247', '192.168.105.1', 'Realtek PCIe GBE Family Controller', '1', 'True') ON CONFLICT(Hostname) DO UPDATE SET Hostname = EXCLUDED.Hostname, IP = EXCLUDED.IP, Gateway = EXCLUDED.Gateway, Description = EXCLUDED.Description, Index = EXCLUDED.Index, DHCP = EXCLUDED.DHCP ;
INSERT INTO Hosts(Hostname) VALUES ('PM-SECED31018.pa.pref') ON CONFLICT(Hostname) DO UPDATE SET Hostname = EXCLUDED.Hostname ;
INSERT INTO CPU(Hostname, Name, Caption, NOC, NOLP)VALUES('PM-SECED31018.pa.pref', 'Intel(R) Pentium(R) Gold G5420 CPU @ 3.80GHz', 'Intel64 Family 6 Model 158 Stepping 10', '2', '4') ON CONFLICT(Hostname) DO UPDATE SET Hostname = EXCLUDED.Hostname, Name = EXCLUDED.Name, Caption = EXCLUDED.Caption, NOC = EXCLUDED.NOC, NOLP = EXCLUDED.NOLP ;
INSERT INTO Hosts(Hostname) VALUES ('PM-SECED31018.pa.pref') ON CONFLICT(Hostname) DO UPDATE SET Hostname = EXCLUDED.Hostname ;
INSERT INTO OS(Hostname, Caption, BuildNumber, Architecture, Description) VALUES('PM-SECED31018.pa.pref', 'Microsoft Windows 10 Pro', '19045', '64 bits', 'Patrimonio169149') ON CONFLICT(Hostname) DO UPDATE SET Hostname = EXCLUDED.Hostname, Caption = EXCLUDED.Caption, BuildNumber = EXCLUDED.BuildNumber, Architecture = EXCLUDED.Architecture, Description = EXCLUDED.Description ;
INSERT INTO Hosts(Hostname) VALUES ('PM-SECED31018.pa.pref') ON CONFLICT(Hostname) DO UPDATE SET Hostname = EXCLUDED.Hostname ;
INSERT INTO Networking(Hostname, IP, Gateway, Description, Index, DHCP) VALUES ('PM-SECED31018.pa.pref', '192.168.108.178', '192.168.108.1', 'Realtek PCIe GBE Family Controller', '1', 'True') ON CONFLICT(Hostname) DO UPDATE SET Hostname = EXCLUDED.Hostname, IP = EXCLUDED.IP, Gateway = EXCLUDED.Gateway, Description = EXCLUDED.Description, Index = EXCLUDED.Index, DHCP = EXCLUDED.DHCP ;
INSERT INTO Hosts(Hostname) VALUES ('PM-SECED01012.pa.pref') ON CONFLICT(Hostname) DO UPDATE SET Hostname = EXCLUDED.Hostname ;
INSERT INTO CPU(Hostname, Name, Caption, NOC, NOLP)VALUES('PM-SECED01012.pa.pref', 'Intel(R) Core(TM) i3-10100 CPU @ 3.60GHz', 'Intel64 Family 6 Model 165 Stepping 3', '4', '8') ON CONFLICT(Hostname) DO UPDATE SET Hostname = EXCLUDED.Hostname, Name = EXCLUDED.Name, Caption = EXCLUDED.Caption, NOC = EXCLUDED.NOC, NOLP = EXCLUDED.NOLP ;
INSERT INTO Hosts(Hostname) VALUES ('PM-SECED01012.pa.pref') ON CONFLICT(Hostname) DO UPDATE SET Hostname = EXCLUDED.Hostname ;
INSERT INTO OS(Hostname, Caption, BuildNumber, Architecture, Description) VALUES('PM-SECED01012.pa.pref', 'Microsoft Windows 10 Pro', '19045', '64 bits', 'P-174800 A-461339911') ON CONFLICT(Hostname) DO UPDATE SET Hostname = EXCLUDED.Hostname, Caption = EXCLUDED.Caption, BuildNumber = EXCLUDED.BuildNumber, Architecture = EXCLUDED.Architecture, Description = EXCLUDED.Description ;
INSERT INTO Hosts(Hostname) VALUES ('PM-SECED01012.pa.pref') ON CONFLICT(Hostname) DO UPDATE SET Hostname = EXCLUDED.Hostname ;
INSERT INTO Networking(Hostname, IP, Gateway, Description, Index, DHCP) VALUES ('PM-SECED01012.pa.pref', '192.168.144.209', '192.168.144.1', 'Realtek PCIe GbE Family Controller', '1', 'True') ON CONFLICT(Hostname) DO UPDATE SET Hostname = EXCLUDED.Hostname, IP = EXCLUDED.IP, Gateway = EXCLUDED.Gateway, Description = EXCLUDED.Description, Index = EXCLUDED.Index, DHCP = EXCLUDED.DHCP ;
INSERT INTO Hosts(Hostname) VALUES ('SUPADM004.pa.pref') ON CONFLICT(Hostname) DO UPDATE SET Hostname = EXCLUDED.Hostname ;
INSERT INTO CPU(Hostname, Name, Caption, NOC, NOLP)VALUES('SUPADM004.pa.pref', 'Intel(R) Core(TM) i3-9100 CPU @ 3.60GHz', 'Intel64 Family 6 Model 158 Stepping 11', '4', '4') ON CONFLICT(Hostname) DO UPDATE SET Hostname = EXCLUDED.Hostname, Name = EXCLUDED.Name, Caption = EXCLUDED.Caption, NOC = EXCLUDED.NOC, NOLP = EXCLUDED.NOLP ;
INSERT INTO Hosts(Hostname) VALUES ('SUPADM004.pa.pref') ON CONFLICT(Hostname) DO UPDATE SET Hostname = EXCLUDED.Hostname ;
INSERT INTO OS(Hostname, Caption, BuildNumber, Architecture, Description) VALUES('SUPADM004.pa.pref', 'Microsoft Windows 10 Pro', '19044', '64 bits', 'P\\ 174436 ANY//965311932') ON CONFLICT(Hostname) DO UPDATE SET Hostname = EXCLUDED.Hostname, Caption = EXCLUDED.Caption, BuildNumber = EXCLUDED.BuildNumber, Architecture = EXCLUDED.Architecture, Description = EXCLUDED.Description ;
INSERT INTO Hosts(Hostname) VALUES ('SUPADM004.pa.pref') ON CONFLICT(Hostname) DO UPDATE SET Hostname = EXCLUDED.Hostname ;
INSERT INTO Networking(Hostname, IP, Gateway, Description, Index, DHCP) VALUES ('SUPADM004.pa.pref', '192.168.8.143', '192.168.8.1', 'Intel(R) Ethernet Connection (7) I219-V', '10', 'True') ON CONFLICT(Hostname) DO UPDATE SET Hostname = EXCLUDED.Hostname, IP = EXCLUDED.IP, Gateway = EXCLUDED.Gateway, Description = EXCLUDED.Description, Index = EXCLUDED.Index, DHCP = EXCLUDED.DHCP ;
INSERT INTO Hosts(Hostname) VALUES ('PM-SAFTRI012.pa.pref') ON CONFLICT(Hostname) DO UPDATE SET Hostname = EXCLUDED.Hostname ;
INSERT INTO CPU(Hostname, Name, Caption, NOC, NOLP)VALUES('PM-SAFTRI012.pa.pref', 'Intel(R) Core(TM) i3-7100 CPU @ 3.90GHz', 'Intel64 Family 6 Model 158 Stepping 9', '2', '4') ON CONFLICT(Hostname) DO UPDATE SET Hostname = EXCLUDED.Hostname, Name = EXCLUDED.Name, Caption = EXCLUDED.Caption, NOC = EXCLUDED.NOC, NOLP = EXCLUDED.NOLP ;
INSERT INTO Hosts(Hostname) VALUES ('PM-SAFTRI012.pa.pref') ON CONFLICT(Hostname) DO UPDATE SET Hostname = EXCLUDED.Hostname ;
INSERT INTO OS(Hostname, Caption, BuildNumber, Architecture, Description) VALUES('PM-SAFTRI012.pa.pref', 'Microsoft Windows 10 Pro', '19045', '64 bits', '132128') ON CONFLICT(Hostname) DO UPDATE SET Hostname = EXCLUDED.Hostname, Caption = EXCLUDED.Caption, BuildNumber = EXCLUDED.BuildNumber, Architecture = EXCLUDED.Architecture, Description = EXCLUDED.Description ;
INSERT INTO Hosts(Hostname) VALUES ('PM-SAFTRI012.pa.pref') ON CONFLICT(Hostname) DO UPDATE SET Hostname = EXCLUDED.Hostname ;
INSERT INTO Networking(Hostname, IP, Gateway, Description, Index, DHCP) VALUES ('PM-SAFTRI012.pa.pref', '192.168.253.192', '192.168.253.1', 'Realtek PCIe GbE Family Controller', '1', 'True') ON CONFLICT(Hostname) DO UPDATE SET Hostname = EXCLUDED.Hostname, IP = EXCLUDED.IP, Gateway = EXCLUDED.Gateway, Description = EXCLUDED.Description, Index = EXCLUDED.Index, DHCP = EXCLUDED.DHCP ;
INSERT INTO Hosts(Hostname) VALUES ('PM-SECED26016.pa.pref') ON CONFLICT(Hostname) DO UPDATE SET Hostname = EXCLUDED.Hostname ;
INSERT INTO CPU(Hostname, Name, Caption, NOC, NOLP)VALUES('PM-SECED26016.pa.pref', 'AMD A10-9700 RADEON R7, 10 COMPUTE CORES 4C+6G ', 'AMD64 Family 21 Model 101 Stepping 1', '4', '4') ON CONFLICT(Hostname) DO UPDATE SET Hostname = EXCLUDED.Hostname, Name = EXCLUDED.Name, Caption = EXCLUDED.Caption, NOC = EXCLUDED.NOC, NOLP = EXCLUDED.NOLP ;
INSERT INTO Hosts(Hostname) VALUES ('PM-SECED26016.pa.pref') ON CONFLICT(Hostname) DO UPDATE SET Hostname = EXCLUDED.Hostname ;
INSERT INTO OS(Hostname, Caption, BuildNumber, Architecture, Description) VALUES('PM-SECED26016.pa.pref', 'Microsoft Windows 7 Professional ', '7601', '64-bit', 'Patrimônio 142327') ON CONFLICT(Hostname) DO UPDATE SET Hostname = EXCLUDED.Hostname, Caption = EXCLUDED.Caption, BuildNumber = EXCLUDED.BuildNumber, Architecture = EXCLUDED.Architecture, Description = EXCLUDED.Description ;
INSERT INTO Hosts(Hostname) VALUES ('PM-SECED26016.pa.pref') ON CONFLICT(Hostname) DO UPDATE SET Hostname = EXCLUDED.Hostname ;
INSERT INTO Networking(Hostname, IP, Gateway, Description, Index, DHCP) VALUES ('PM-SECED26016.pa.pref', '192.168.105.90', '192.168.105.1', 'Realtek PCIe GBE Family Controller', '7', 'True') ON CONFLICT(Hostname) DO UPDATE SET Hostname = EXCLUDED.Hostname, IP = EXCLUDED.IP, Gateway = EXCLUDED.Gateway, Description = EXCLUDED.Description, Index = EXCLUDED.Index, DHCP = EXCLUDED.DHCP ;
INSERT INTO Hosts(Hostname) VALUES ('PM-SIOLUR002.pa.pref') ON CONFLICT(Hostname) DO UPDATE SET Hostname = EXCLUDED.Hostname ;
INSERT INTO CPU(Hostname, Name, Caption, NOC, NOLP)VALUES('PM-SIOLUR002.pa.pref', 'Intel(R) Core(TM) i7-7700 CPU @ 3.60GHz', 'Intel64 Family 6 Model 158 Stepping 9', '4', '8') ON CONFLICT(Hostname) DO UPDATE SET Hostname = EXCLUDED.Hostname, Name = EXCLUDED.Name, Caption = EXCLUDED.Caption, NOC = EXCLUDED.NOC, NOLP = EXCLUDED.NOLP ;
INSERT INTO Hosts(Hostname) VALUES ('PM-SIOLUR002.pa.pref') ON CONFLICT(Hostname) DO UPDATE SET Hostname = EXCLUDED.Hostname ;
INSERT INTO OS(Hostname, Caption, BuildNumber, Architecture, Description) VALUES('PM-SIOLUR002.pa.pref', 'Microsoft Windows 10 Pro', '19045', '64 bits', 'Patrimônio 133508') ON CONFLICT(Hostname) DO UPDATE SET Hostname = EXCLUDED.Hostname, Caption = EXCLUDED.Caption, BuildNumber = EXCLUDED.BuildNumber, Architecture = EXCLUDED.Architecture, Description = EXCLUDED.Description ;
INSERT INTO Hosts(Hostname) VALUES ('PM-SIOLUR002.pa.pref') ON CONFLICT(Hostname) DO UPDATE SET Hostname = EXCLUDED.Hostname ;
INSERT INTO Networking(Hostname, IP, Gateway, Description, Index, DHCP) VALUES ('PM-SIOLUR002.pa.pref', '192.168.10.133', '192.168.10.1', 'Realtek PCIe GBE Family Controller', '1', 'True') ON CONFLICT(Hostname) DO UPDATE SET Hostname = EXCLUDED.Hostname, IP = EXCLUDED.IP, Gateway = EXCLUDED.Gateway, Description = EXCLUDED.Description, Index = EXCLUDED.Index, DHCP = EXCLUDED.DHCP ;
INSERT INTO Hosts(Hostname) VALUES ('PM-STTADM029.pa.pref') ON CONFLICT(Hostname) DO UPDATE SET Hostname = EXCLUDED.Hostname ;
INSERT INTO CPU(Hostname, Name, Caption, NOC, NOLP)VALUES('PM-STTADM029.pa.pref', 'Intel(R) Core(TM)2 Duo CPU     E7500  @ 2.93GHz', 'Intel64 Family 6 Model 23 Stepping 10', '2', '2') ON CONFLICT(Hostname) DO UPDATE SET Hostname = EXCLUDED.Hostname, Name = EXCLUDED.Name, Caption = EXCLUDED.Caption, NOC = EXCLUDED.NOC, NOLP = EXCLUDED.NOLP ;
INSERT INTO Hosts(Hostname) VALUES ('PM-STTADM029.pa.pref') ON CONFLICT(Hostname) DO UPDATE SET Hostname = EXCLUDED.Hostname ;
INSERT INTO OS(Hostname, Caption, BuildNumber, Architecture, Description) VALUES('PM-STTADM029.pa.pref', 'Microsoft Windows 7 Professional ', '7601', '64-bit', NULL) ON CONFLICT(Hostname) DO UPDATE SET Hostname = EXCLUDED.Hostname, Caption = EXCLUDED.Caption, BuildNumber = EXCLUDED.BuildNumber, Architecture = EXCLUDED.Architecture, Description = EXCLUDED.Description ;
INSERT INTO Hosts(Hostname) VALUES ('PM-STTADM029.pa.pref') ON CONFLICT(Hostname) DO UPDATE SET Hostname = EXCLUDED.Hostname ;
INSERT INTO Networking(Hostname, IP, Gateway, Description, Index, DHCP) VALUES ('PM-STTADM029.pa.pref', '192.168.10.97', '192.168.10.1', 'Intel(R) 82567V-4 Gigabit Network Connection', '7', 'True') ON CONFLICT(Hostname) DO UPDATE SET Hostname = EXCLUDED.Hostname, IP = EXCLUDED.IP, Gateway = EXCLUDED.Gateway, Description = EXCLUDED.Description, Index = EXCLUDED.Index, DHCP = EXCLUDED.DHCP ;
INSERT INTO Hosts(Hostname) VALUES ('PM-SPMAPJ006.pa.pref') ON CONFLICT(Hostname) DO UPDATE SET Hostname = EXCLUDED.Hostname ;
INSERT INTO CPU(Hostname, Name, Caption, NOC, NOLP)VALUES('PM-SPMAPJ006.pa.pref', 'Intel(R) Core(TM) i7-7700 CPU @ 3.60GHz', 'Intel64 Family 6 Model 158 Stepping 9', '4', '8') ON CONFLICT(Hostname) DO UPDATE SET Hostname = EXCLUDED.Hostname, Name = EXCLUDED.Name, Caption = EXCLUDED.Caption, NOC = EXCLUDED.NOC, NOLP = EXCLUDED.NOLP ;
INSERT INTO Hosts(Hostname) VALUES ('PM-SPMAPJ006.pa.pref') ON CONFLICT(Hostname) DO UPDATE SET Hostname = EXCLUDED.Hostname ;
INSERT INTO OS(Hostname, Caption, BuildNumber, Architecture, Description) VALUES('PM-SPMAPJ006.pa.pref', 'Microsoft Windows 10 Pro', '19045', '64 bits', '132457') ON CONFLICT(Hostname) DO UPDATE SET Hostname = EXCLUDED.Hostname, Caption = EXCLUDED.Caption, BuildNumber = EXCLUDED.BuildNumber, Architecture = EXCLUDED.Architecture, Description = EXCLUDED.Description ;
INSERT INTO Hosts(Hostname) VALUES ('PM-SPMAPJ006.pa.pref') ON CONFLICT(Hostname) DO UPDATE SET Hostname = EXCLUDED.Hostname ;
INSERT INTO Networking(Hostname, IP, Gateway, Description, Index, DHCP) VALUES ('PM-SPMAPJ006.pa.pref', '192.168.223.239', '192.168.223.1', 'Realtek PCIe GBE Family Controller', '1', 'True') ON CONFLICT(Hostname) DO UPDATE SET Hostname = EXCLUDED.Hostname, IP = EXCLUDED.IP, Gateway = EXCLUDED.Gateway, Description = EXCLUDED.Description, Index = EXCLUDED.Index, DHCP = EXCLUDED.DHCP ;
INSERT INTO Hosts(Hostname) VALUES ('PM-SSAUS37014.pa.pref') ON CONFLICT(Hostname) DO UPDATE SET Hostname = EXCLUDED.Hostname ;
INSERT INTO CPU(Hostname, Name, Caption, NOC, NOLP)VALUES('PM-SSAUS37014.pa.pref', 'Intel(R) Core(TM) i5-3470 CPU @ 3.20GHz', 'Intel64 Family 6 Model 58 Stepping 9', '4', '4') ON CONFLICT(Hostname) DO UPDATE SET Hostname = EXCLUDED.Hostname, Name = EXCLUDED.Name, Caption = EXCLUDED.Caption, NOC = EXCLUDED.NOC, NOLP = EXCLUDED.NOLP ;
INSERT INTO Hosts(Hostname) VALUES ('PM-SSAUS37014.pa.pref') ON CONFLICT(Hostname) DO UPDATE SET Hostname = EXCLUDED.Hostname ;
INSERT INTO OS(Hostname, Caption, BuildNumber, Architecture, Description) VALUES('PM-SSAUS37014.pa.pref', 'Microsoft Windows 10 Pro', '19044', '64 bits', 'Patrimonio 99870') ON CONFLICT(Hostname) DO UPDATE SET Hostname = EXCLUDED.Hostname, Caption = EXCLUDED.Caption, BuildNumber = EXCLUDED.BuildNumber, Architecture = EXCLUDED.Architecture, Description = EXCLUDED.Description ;
INSERT INTO Hosts(Hostname) VALUES ('PM-SSAUS37014.pa.pref') ON CONFLICT(Hostname) DO UPDATE SET Hostname = EXCLUDED.Hostname ;
INSERT INTO Networking(Hostname, IP, Gateway, Description, Index, DHCP) VALUES ('PM-SSAUS37014.pa.pref', '192.168.152.194', '192.168.152.1', 'Intel(R) 82579LM Gigabit Network Connection', '1', 'True') ON CONFLICT(Hostname) DO UPDATE SET Hostname = EXCLUDED.Hostname, IP = EXCLUDED.IP, Gateway = EXCLUDED.Gateway, Description = EXCLUDED.Description, Index = EXCLUDED.Index, DHCP = EXCLUDED.DHCP ;
INSERT INTO Hosts(Hostname) VALUES ('PM-SECED23048.pa.pref') ON CONFLICT(Hostname) DO UPDATE SET Hostname = EXCLUDED.Hostname ;
INSERT INTO CPU(Hostname, Name, Caption, NOC, NOLP)VALUES('PM-SECED23048.pa.pref', 'Intel(R) Core(TM) i3-10100 CPU @ 3.60GHz', 'Intel64 Family 6 Model 165 Stepping 3', '4', '8') ON CONFLICT(Hostname) DO UPDATE SET Hostname = EXCLUDED.Hostname, Name = EXCLUDED.Name, Caption = EXCLUDED.Caption, NOC = EXCLUDED.NOC, NOLP = EXCLUDED.NOLP ;
INSERT INTO Hosts(Hostname) VALUES ('PM-SECED23048.pa.pref') ON CONFLICT(Hostname) DO UPDATE SET Hostname = EXCLUDED.Hostname ;
INSERT INTO OS(Hostname, Caption, BuildNumber, Architecture, Description) VALUES('PM-SECED23048.pa.pref', 'Microsoft Windows 10 Pro', '19045', '64 bits', 'P-174694 A-932510671') ON CONFLICT(Hostname) DO UPDATE SET Hostname = EXCLUDED.Hostname, Caption = EXCLUDED.Caption, BuildNumber = EXCLUDED.BuildNumber, Architecture = EXCLUDED.Architecture, Description = EXCLUDED.Description ;
INSERT INTO Hosts(Hostname) VALUES ('PM-SECED23048.pa.pref') ON CONFLICT(Hostname) DO UPDATE SET Hostname = EXCLUDED.Hostname ;
INSERT INTO Networking(Hostname, IP, Gateway, Description, Index, DHCP) VALUES ('PM-SECED23048.pa.pref', '192.168.80.125', '192.168.80.1', 'Realtek PCIe GbE Family Controller', '1', 'True') ON CONFLICT(Hostname) DO UPDATE SET Hostname = EXCLUDED.Hostname, IP = EXCLUDED.IP, Gateway = EXCLUDED.Gateway, Description = EXCLUDED.Description, Index = EXCLUDED.Index, DHCP = EXCLUDED.DHCP ;
INSERT INTO Hosts(Hostname) VALUES ('PM-SECAES031.pa.pref') ON CONFLICT(Hostname) DO UPDATE SET Hostname = EXCLUDED.Hostname ;
INSERT INTO CPU(Hostname, Name, Caption, NOC, NOLP)VALUES('PM-SECAES031.pa.pref', 'Intel(R) Core(TM) i3-10105 CPU @ 3.70GHz', 'Intel64 Family 6 Model 165 Stepping 3', '4', '8') ON CONFLICT(Hostname) DO UPDATE SET Hostname = EXCLUDED.Hostname, Name = EXCLUDED.Name, Caption = EXCLUDED.Caption, NOC = EXCLUDED.NOC, NOLP = EXCLUDED.NOLP ;
INSERT INTO Hosts(Hostname) VALUES ('PM-SECAES031.pa.pref') ON CONFLICT(Hostname) DO UPDATE SET Hostname = EXCLUDED.Hostname ;
INSERT INTO OS(Hostname, Caption, BuildNumber, Architecture, Description) VALUES('PM-SECAES031.pa.pref', 'Microsoft Windows 10 Pro', '19045', '64 bits', NULL) ON CONFLICT(Hostname) DO UPDATE SET Hostname = EXCLUDED.Hostname, Caption = EXCLUDED.Caption, BuildNumber = EXCLUDED.BuildNumber, Architecture = EXCLUDED.Architecture, Description = EXCLUDED.Description ;
INSERT INTO Hosts(Hostname) VALUES ('PM-SECAES031.pa.pref') ON CONFLICT(Hostname) DO UPDATE SET Hostname = EXCLUDED.Hostname ;
INSERT INTO Networking(Hostname, IP, Gateway, Description, Index, DHCP) VALUES ('PM-SECAES031.pa.pref', '192.168.111.98', '192.168.111.1', 'Realtek Gaming GbE Family Controller', '1', 'True') ON CONFLICT(Hostname) DO UPDATE SET Hostname = EXCLUDED.Hostname, IP = EXCLUDED.IP, Gateway = EXCLUDED.Gateway, Description = EXCLUDED.Description, Index = EXCLUDED.Index, DHCP = EXCLUDED.DHCP ;
INSERT INTO Hosts(Hostname) VALUES ('PM-SSAREG003.pa.pref') ON CONFLICT(Hostname) DO UPDATE SET Hostname = EXCLUDED.Hostname ;
INSERT INTO CPU(Hostname, Name, Caption, NOC, NOLP)VALUES('PM-SSAREG003.pa.pref', '12th Gen Intel(R) Core(TM) i3-12100', 'Intel64 Family 6 Model 151 Stepping 5', '4', '8') ON CONFLICT(Hostname) DO UPDATE SET Hostname = EXCLUDED.Hostname, Name = EXCLUDED.Name, Caption = EXCLUDED.Caption, NOC = EXCLUDED.NOC, NOLP = EXCLUDED.NOLP ;
INSERT INTO Hosts(Hostname) VALUES ('PM-SSAREG003.pa.pref') ON CONFLICT(Hostname) DO UPDATE SET Hostname = EXCLUDED.Hostname ;
INSERT INTO OS(Hostname, Caption, BuildNumber, Architecture, Description) VALUES('PM-SSAREG003.pa.pref', 'Microsoft Windows 11 Pro', '22621', '64 bits', 'PAT 184507') ON CONFLICT(Hostname) DO UPDATE SET Hostname = EXCLUDED.Hostname, Caption = EXCLUDED.Caption, BuildNumber = EXCLUDED.BuildNumber, Architecture = EXCLUDED.Architecture, Description = EXCLUDED.Description ;
INSERT INTO Hosts(Hostname) VALUES ('PM-SSAREG003.pa.pref') ON CONFLICT(Hostname) DO UPDATE SET Hostname = EXCLUDED.Hostname ;
INSERT INTO Networking(Hostname, IP, Gateway, Description, Index, DHCP) VALUES ('PM-SSAREG003.pa.pref', '192.168.11.173', '192.168.11.1', 'Realtek PCIe GbE Family Controller', '1', 'True') ON CONFLICT(Hostname) DO UPDATE SET Hostname = EXCLUDED.Hostname, IP = EXCLUDED.IP, Gateway = EXCLUDED.Gateway, Description = EXCLUDED.Description, Index = EXCLUDED.Index, DHCP = EXCLUDED.DHCP ;
INSERT INTO Hosts(Hostname) VALUES ('PM-SSAUS04004.pa.pref') ON CONFLICT(Hostname) DO UPDATE SET Hostname = EXCLUDED.Hostname ;
INSERT INTO CPU(Hostname, Name, Caption, NOC, NOLP)VALUES('PM-SSAUS04004.pa.pref', 'AMD Ryzen 3 PRO 4350GE with Radeon Graphics', 'AMD64 Family 23 Model 96 Stepping 1', '4', '8') ON CONFLICT(Hostname) DO UPDATE SET Hostname = EXCLUDED.Hostname, Name = EXCLUDED.Name, Caption = EXCLUDED.Caption, NOC = EXCLUDED.NOC, NOLP = EXCLUDED.NOLP ;
INSERT INTO Hosts(Hostname) VALUES ('PM-SSAUS04004.pa.pref') ON CONFLICT(Hostname) DO UPDATE SET Hostname = EXCLUDED.Hostname ;
INSERT INTO OS(Hostname, Caption, BuildNumber, Architecture, Description) VALUES('PM-SSAUS04004.pa.pref', 'Microsoft Windows 10 Pro', '19045', '64 bits', 'P-169095 A-847847812') ON CONFLICT(Hostname) DO UPDATE SET Hostname = EXCLUDED.Hostname, Caption = EXCLUDED.Caption, BuildNumber = EXCLUDED.BuildNumber, Architecture = EXCLUDED.Architecture, Description = EXCLUDED.Description ;
INSERT INTO Hosts(Hostname) VALUES ('PM-SSAUS04004.pa.pref') ON CONFLICT(Hostname) DO UPDATE SET Hostname = EXCLUDED.Hostname ;
INSERT INTO Networking(Hostname, IP, Gateway, Description, Index, DHCP) VALUES ('PM-SSAUS04004.pa.pref', '192.168.137.85', '192.168.137.1', 'Realtek RTL8852AE WiFi 6 802.11ax PCIe Adapter', '1', 'True') ON CONFLICT(Hostname) DO UPDATE SET Hostname = EXCLUDED.Hostname, IP = EXCLUDED.IP, Gateway = EXCLUDED.Gateway, Description = EXCLUDED.Description, Index = EXCLUDED.Index, DHCP = EXCLUDED.DHCP ;
INSERT INTO Hosts(Hostname) VALUES ('PM-SSAATB010.pa.pref') ON CONFLICT(Hostname) DO UPDATE SET Hostname = EXCLUDED.Hostname ;
INSERT INTO CPU(Hostname, Name, Caption, NOC, NOLP)VALUES('PM-SSAATB010.pa.pref', 'AMD Ryzen 3 PRO 4350GE with Radeon Graphics', 'AMD64 Family 23 Model 96 Stepping 1', '4', '8') ON CONFLICT(Hostname) DO UPDATE SET Hostname = EXCLUDED.Hostname, Name = EXCLUDED.Name, Caption = EXCLUDED.Caption, NOC = EXCLUDED.NOC, NOLP = EXCLUDED.NOLP ;
INSERT INTO Hosts(Hostname) VALUES ('PM-SSAATB010.pa.pref') ON CONFLICT(Hostname) DO UPDATE SET Hostname = EXCLUDED.Hostname ;
INSERT INTO OS(Hostname, Caption, BuildNumber, Architecture, Description) VALUES('PM-SSAATB010.pa.pref', 'Microsoft Windows 10 Pro', '19045', '64 bits', 'P-169098 A-962203774') ON CONFLICT(Hostname) DO UPDATE SET Hostname = EXCLUDED.Hostname, Caption = EXCLUDED.Caption, BuildNumber = EXCLUDED.BuildNumber, Architecture = EXCLUDED.Architecture, Description = EXCLUDED.Description ;
INSERT INTO Hosts(Hostname) VALUES ('PM-SSAATB010.pa.pref') ON CONFLICT(Hostname) DO UPDATE SET Hostname = EXCLUDED.Hostname ;
INSERT INTO Networking(Hostname, IP, Gateway, Description, Index, DHCP) VALUES ('PM-SSAATB010.pa.pref', '192.168.11.184', '192.168.11.1', 'Realtek PCIe GbE Family Controller', '1', 'True') ON CONFLICT(Hostname) DO UPDATE SET Hostname = EXCLUDED.Hostname, IP = EXCLUDED.IP, Gateway = EXCLUDED.Gateway, Description = EXCLUDED.Description, Index = EXCLUDED.Index, DHCP = EXCLUDED.DHCP ;
INSERT INTO Hosts(Hostname) VALUES ('PM-SSAUS37007.pa.pref') ON CONFLICT(Hostname) DO UPDATE SET Hostname = EXCLUDED.Hostname ;
INSERT INTO CPU(Hostname, Name, Caption, NOC, NOLP)VALUES('PM-SSAUS37007.pa.pref', 'AMD A10-9700 RADEON R7, 10 COMPUTE CORES 4C+6G ', 'AMD64 Family 21 Model 101 Stepping 1', '4', '4') ON CONFLICT(Hostname) DO UPDATE SET Hostname = EXCLUDED.Hostname, Name = EXCLUDED.Name, Caption = EXCLUDED.Caption, NOC = EXCLUDED.NOC, NOLP = EXCLUDED.NOLP ;
INSERT INTO Hosts(Hostname) VALUES ('PM-SSAUS37007.pa.pref') ON CONFLICT(Hostname) DO UPDATE SET Hostname = EXCLUDED.Hostname ;
INSERT INTO OS(Hostname, Caption, BuildNumber, Architecture, Description) VALUES('PM-SSAUS37007.pa.pref', 'Microsoft Windows 10 Pro', '19044', '64 bits', NULL) ON CONFLICT(Hostname) DO UPDATE SET Hostname = EXCLUDED.Hostname, Caption = EXCLUDED.Caption, BuildNumber = EXCLUDED.BuildNumber, Architecture = EXCLUDED.Architecture, Description = EXCLUDED.Description ;
INSERT INTO Hosts(Hostname) VALUES ('PM-SSAUS37007.pa.pref') ON CONFLICT(Hostname) DO UPDATE SET Hostname = EXCLUDED.Hostname ;
INSERT INTO Networking(Hostname, IP, Gateway, Description, Index, DHCP) VALUES ('PM-SSAUS37007.pa.pref', '192.168.152.168', '192.168.152.1', 'Realtek PCIe GbE Family Controller', '2', 'True') ON CONFLICT(Hostname) DO UPDATE SET Hostname = EXCLUDED.Hostname, IP = EXCLUDED.IP, Gateway = EXCLUDED.Gateway, Description = EXCLUDED.Description, Index = EXCLUDED.Index, DHCP = EXCLUDED.DHCP ;
INSERT INTO Hosts(Hostname) VALUES ('PM-SPSADM016.pa.pref') ON CONFLICT(Hostname) DO UPDATE SET Hostname = EXCLUDED.Hostname ;
INSERT INTO CPU(Hostname, Name, Caption, NOC, NOLP)VALUES('PM-SPSADM016.pa.pref', 'Intel(R) Core(TM)2 Duo CPU     E7500  @ 2.93GHz', 'x64 Family 6 Model 23 Stepping 10', '2', '2') ON CONFLICT(Hostname) DO UPDATE SET Hostname = EXCLUDED.Hostname, Name = EXCLUDED.Name, Caption = EXCLUDED.Caption, NOC = EXCLUDED.NOC, NOLP = EXCLUDED.NOLP ;
INSERT INTO Hosts(Hostname) VALUES ('PM-SPSADM016.pa.pref') ON CONFLICT(Hostname) DO UPDATE SET Hostname = EXCLUDED.Hostname ;
INSERT INTO OS(Hostname, Caption, BuildNumber, Architecture, Description) VALUES('PM-SPSADM016.pa.pref', 'Microsoft Windows 7 Professional ', '7600', '32-bit', 'Patrimonio 89323') ON CONFLICT(Hostname) DO UPDATE SET Hostname = EXCLUDED.Hostname, Caption = EXCLUDED.Caption, BuildNumber = EXCLUDED.BuildNumber, Architecture = EXCLUDED.Architecture, Description = EXCLUDED.Description ;
INSERT INTO Hosts(Hostname) VALUES ('PM-SPSADM016.pa.pref') ON CONFLICT(Hostname) DO UPDATE SET Hostname = EXCLUDED.Hostname ;
INSERT INTO Networking(Hostname, IP, Gateway, Description, Index, DHCP) VALUES ('PM-SPSADM016.pa.pref', '192.168.96.235', '192.168.96.1', 'TP-LINK Wireless USB Adapter #2', '18', 'True') ON CONFLICT(Hostname) DO UPDATE SET Hostname = EXCLUDED.Hostname, IP = EXCLUDED.IP, Gateway = EXCLUDED.Gateway, Description = EXCLUDED.Description, Index = EXCLUDED.Index, DHCP = EXCLUDED.DHCP ;
INSERT INTO Hosts(Hostname) VALUES ('PM-SSAAUDI003.pa.pref') ON CONFLICT(Hostname) DO UPDATE SET Hostname = EXCLUDED.Hostname ;
INSERT INTO CPU(Hostname, Name, Caption, NOC, NOLP)VALUES('PM-SSAAUDI003.pa.pref', 'Intel(R) Core(TM) i5-3470 CPU @ 3.20GHz', 'Intel64 Family 6 Model 58 Stepping 9', '4', '4') ON CONFLICT(Hostname) DO UPDATE SET Hostname = EXCLUDED.Hostname, Name = EXCLUDED.Name, Caption = EXCLUDED.Caption, NOC = EXCLUDED.NOC, NOLP = EXCLUDED.NOLP ;
INSERT INTO Hosts(Hostname) VALUES ('PM-SSAAUDI003.pa.pref') ON CONFLICT(Hostname) DO UPDATE SET Hostname = EXCLUDED.Hostname ;
INSERT INTO OS(Hostname, Caption, BuildNumber, Architecture, Description) VALUES('PM-SSAAUDI003.pa.pref', 'Microsoft Windows 7 Professional ', '7601', '64-bit', 'P-92860 A-378887811') ON CONFLICT(Hostname) DO UPDATE SET Hostname = EXCLUDED.Hostname, Caption = EXCLUDED.Caption, BuildNumber = EXCLUDED.BuildNumber, Architecture = EXCLUDED.Architecture, Description = EXCLUDED.Description ;
INSERT INTO Hosts(Hostname) VALUES ('PM-SSAAUDI003.pa.pref') ON CONFLICT(Hostname) DO UPDATE SET Hostname = EXCLUDED.Hostname ;
INSERT INTO Networking(Hostname, IP, Gateway, Description, Index, DHCP) VALUES ('PM-SSAAUDI003.pa.pref', '192.168.11.160', '192.168.11.1', 'Intel(R) 82579LM Gigabit Network Connection', '7', 'True') ON CONFLICT(Hostname) DO UPDATE SET Hostname = EXCLUDED.Hostname, IP = EXCLUDED.IP, Gateway = EXCLUDED.Gateway, Description = EXCLUDED.Description, Index = EXCLUDED.Index, DHCP = EXCLUDED.DHCP ;
INSERT INTO Hosts(Hostname) VALUES ('PM-SSAVIG002.pa.pref') ON CONFLICT(Hostname) DO UPDATE SET Hostname = EXCLUDED.Hostname ;
INSERT INTO CPU(Hostname, Name, Caption, NOC, NOLP)VALUES('PM-SSAVIG002.pa.pref', 'AMD Ryzen 3 PRO 4350GE with Radeon Graphics', 'AMD64 Family 23 Model 96 Stepping 1', '4', '8') ON CONFLICT(Hostname) DO UPDATE SET Hostname = EXCLUDED.Hostname, Name = EXCLUDED.Name, Caption = EXCLUDED.Caption, NOC = EXCLUDED.NOC, NOLP = EXCLUDED.NOLP ;
INSERT INTO Hosts(Hostname) VALUES ('PM-SSAVIG002.pa.pref') ON CONFLICT(Hostname) DO UPDATE SET Hostname = EXCLUDED.Hostname ;
INSERT INTO OS(Hostname, Caption, BuildNumber, Architecture, Description) VALUES('PM-SSAVIG002.pa.pref', 'Microsoft Windows 10 Pro', '19045', '64 bits', 'P-169098 A-962203774') ON CONFLICT(Hostname) DO UPDATE SET Hostname = EXCLUDED.Hostname, Caption = EXCLUDED.Caption, BuildNumber = EXCLUDED.BuildNumber, Architecture = EXCLUDED.Architecture, Description = EXCLUDED.Description ;
INSERT INTO Hosts(Hostname) VALUES ('PM-SSAVIG002.pa.pref') ON CONFLICT(Hostname) DO UPDATE SET Hostname = EXCLUDED.Hostname ;
INSERT INTO Networking(Hostname, IP, Gateway, Description, Index, DHCP) VALUES ('PM-SSAVIG002.pa.pref', '192.168.11.184', '192.168.11.1', 'Realtek PCIe GbE Family Controller', '1', 'True') ON CONFLICT(Hostname) DO UPDATE SET Hostname = EXCLUDED.Hostname, IP = EXCLUDED.IP, Gateway = EXCLUDED.Gateway, Description = EXCLUDED.Description, Index = EXCLUDED.Index, DHCP = EXCLUDED.DHCP ;
INSERT INTO Hosts(Hostname) VALUES ('PM-INFO0201.pa.pref') ON CONFLICT(Hostname) DO UPDATE SET Hostname = EXCLUDED.Hostname ;
INSERT INTO CPU(Hostname, Name, Caption, NOC, NOLP)VALUES('PM-INFO0201.pa.pref', 'Intel(R) Core(TM) i3-10100 CPU @ 3.60GHz', 'Intel64 Family 6 Model 165 Stepping 3', '4', '8') ON CONFLICT(Hostname) DO UPDATE SET Hostname = EXCLUDED.Hostname, Name = EXCLUDED.Name, Caption = EXCLUDED.Caption, NOC = EXCLUDED.NOC, NOLP = EXCLUDED.NOLP ;
INSERT INTO Hosts(Hostname) VALUES ('PM-INFO0201.pa.pref') ON CONFLICT(Hostname) DO UPDATE SET Hostname = EXCLUDED.Hostname ;
INSERT INTO OS(Hostname, Caption, BuildNumber, Architecture, Description) VALUES('PM-INFO0201.pa.pref', 'Microsoft Windows 10 Pro', '19045', '64 bits', 'P\\174611 ANY 468 490 849') ON CONFLICT(Hostname) DO UPDATE SET Hostname = EXCLUDED.Hostname, Caption = EXCLUDED.Caption, BuildNumber = EXCLUDED.BuildNumber, Architecture = EXCLUDED.Architecture, Description = EXCLUDED.Description ;
INSERT INTO Hosts(Hostname) VALUES ('PM-INFO0201.pa.pref') ON CONFLICT(Hostname) DO UPDATE SET Hostname = EXCLUDED.Hostname ;
INSERT INTO Networking(Hostname, IP, Gateway, Description, Index, DHCP) VALUES ('PM-INFO0201.pa.pref', '192.168.27.141', '192.168.27.1', 'Realtek PCIe GbE Family Controller', '1', 'True') ON CONFLICT(Hostname) DO UPDATE SET Hostname = EXCLUDED.Hostname, IP = EXCLUDED.IP, Gateway = EXCLUDED.Gateway, Description = EXCLUDED.Description, Index = EXCLUDED.Index, DHCP = EXCLUDED.DHCP ;
INSERT INTO Hosts(Hostname) VALUES ('PM-SSAUS24016.pa.pref') ON CONFLICT(Hostname) DO UPDATE SET Hostname = EXCLUDED.Hostname ;
INSERT INTO CPU(Hostname, Name, Caption, NOC, NOLP)VALUES('PM-SSAUS24016.pa.pref', 'AMD Sempron(tm) 150 Processor', 'x64 Family 16 Model 6 Stepping 3', '1', '1') ON CONFLICT(Hostname) DO UPDATE SET Hostname = EXCLUDED.Hostname, Name = EXCLUDED.Name, Caption = EXCLUDED.Caption, NOC = EXCLUDED.NOC, NOLP = EXCLUDED.NOLP ;
INSERT INTO Hosts(Hostname) VALUES ('PM-SSAUS24016.pa.pref') ON CONFLICT(Hostname) DO UPDATE SET Hostname = EXCLUDED.Hostname ;
INSERT INTO OS(Hostname, Caption, BuildNumber, Architecture, Description) VALUES('PM-SSAUS24016.pa.pref', 'Microsoft Windows 7 Professional ', '7601', '32-bit', NULL) ON CONFLICT(Hostname) DO UPDATE SET Hostname = EXCLUDED.Hostname, Caption = EXCLUDED.Caption, BuildNumber = EXCLUDED.BuildNumber, Architecture = EXCLUDED.Architecture, Description = EXCLUDED.Description ;
INSERT INTO Hosts(Hostname) VALUES ('PM-SSAUS24016.pa.pref') ON CONFLICT(Hostname) DO UPDATE SET Hostname = EXCLUDED.Hostname ;
INSERT INTO Networking(Hostname, IP, Gateway, Description, Index, DHCP) VALUES ('PM-SSAUS24016.pa.pref', '192.168.182.187', '192.168.182.1', 'Marvell Yukon 88E8057 PCI-E Gigabit Ethernet Controller', '7', 'True') ON CONFLICT(Hostname) DO UPDATE SET Hostname = EXCLUDED.Hostname, IP = EXCLUDED.IP, Gateway = EXCLUDED.Gateway, Description = EXCLUDED.Description, Index = EXCLUDED.Index, DHCP = EXCLUDED.DHCP ;
INSERT INTO Hosts(Hostname) VALUES ('PM-SECED34087.pa.pref') ON CONFLICT(Hostname) DO UPDATE SET Hostname = EXCLUDED.Hostname ;
INSERT INTO CPU(Hostname, Name, Caption, NOC, NOLP)VALUES('PM-SECED34087.pa.pref', 'Intel(R) Core(TM) i3-10100 CPU @ 3.60GHz', 'Intel64 Family 6 Model 165 Stepping 3', '4', '8') ON CONFLICT(Hostname) DO UPDATE SET Hostname = EXCLUDED.Hostname, Name = EXCLUDED.Name, Caption = EXCLUDED.Caption, NOC = EXCLUDED.NOC, NOLP = EXCLUDED.NOLP ;
INSERT INTO Hosts(Hostname) VALUES ('PM-SECED34087.pa.pref') ON CONFLICT(Hostname) DO UPDATE SET Hostname = EXCLUDED.Hostname ;
INSERT INTO OS(Hostname, Caption, BuildNumber, Architecture, Description) VALUES('PM-SECED34087.pa.pref', 'Microsoft Windows 10 Pro', '19045', '64 bits', 'P-175532 A-178723839') ON CONFLICT(Hostname) DO UPDATE SET Hostname = EXCLUDED.Hostname, Caption = EXCLUDED.Caption, BuildNumber = EXCLUDED.BuildNumber, Architecture = EXCLUDED.Architecture, Description = EXCLUDED.Description ;
INSERT INTO Hosts(Hostname) VALUES ('PM-SECED34087.pa.pref') ON CONFLICT(Hostname) DO UPDATE SET Hostname = EXCLUDED.Hostname ;
INSERT INTO Networking(Hostname, IP, Gateway, Description, Index, DHCP) VALUES ('PM-SECED34087.pa.pref', '192.168.116.160', '192.168.116.1', 'Realtek PCIe GbE Family Controller', '1', 'True') ON CONFLICT(Hostname) DO UPDATE SET Hostname = EXCLUDED.Hostname, IP = EXCLUDED.IP, Gateway = EXCLUDED.Gateway, Description = EXCLUDED.Description, Index = EXCLUDED.Index, DHCP = EXCLUDED.DHCP ;
INSERT INTO Hosts(Hostname) VALUES ('PM-PROADM011.pa.pref') ON CONFLICT(Hostname) DO UPDATE SET Hostname = EXCLUDED.Hostname ;
INSERT INTO CPU(Hostname, Name, Caption, NOC, NOLP)VALUES('PM-PROADM011.pa.pref', 'Intel(R) Core(TM) i3-9100 CPU @ 3.60GHz', 'Intel64 Family 6 Model 158 Stepping 11', '4', '4') ON CONFLICT(Hostname) DO UPDATE SET Hostname = EXCLUDED.Hostname, Name = EXCLUDED.Name, Caption = EXCLUDED.Caption, NOC = EXCLUDED.NOC, NOLP = EXCLUDED.NOLP ;
INSERT INTO Hosts(Hostname) VALUES ('PM-PROADM011.pa.pref') ON CONFLICT(Hostname) DO UPDATE SET Hostname = EXCLUDED.Hostname ;
INSERT INTO OS(Hostname, Caption, BuildNumber, Architecture, Description) VALUES('PM-PROADM011.pa.pref', 'Microsoft Windows 10 Pro', '19043', '64 bits', 'Patrimônio 148093') ON CONFLICT(Hostname) DO UPDATE SET Hostname = EXCLUDED.Hostname, Caption = EXCLUDED.Caption, BuildNumber = EXCLUDED.BuildNumber, Architecture = EXCLUDED.Architecture, Description = EXCLUDED.Description ;
INSERT INTO Hosts(Hostname) VALUES ('PM-PROADM011.pa.pref') ON CONFLICT(Hostname) DO UPDATE SET Hostname = EXCLUDED.Hostname ;
INSERT INTO Networking(Hostname, IP, Gateway, Description, Index, DHCP) VALUES ('PM-PROADM011.pa.pref', '192.168.12.144', '192.168.12.1', 'Intel(R) Ethernet Connection (7) I219-V', '1', 'True') ON CONFLICT(Hostname) DO UPDATE SET Hostname = EXCLUDED.Hostname, IP = EXCLUDED.IP, Gateway = EXCLUDED.Gateway, Description = EXCLUDED.Description, Index = EXCLUDED.Index, DHCP = EXCLUDED.DHCP ;
INSERT INTO Hosts(Hostname) VALUES ('PM-SSAUS21012.pa.pref') ON CONFLICT(Hostname) DO UPDATE SET Hostname = EXCLUDED.Hostname ;
INSERT INTO CPU(Hostname, Name, Caption, NOC, NOLP)VALUES('PM-SSAUS21012.pa.pref', 'AMD A10-9700 RADEON R7, 10 COMPUTE CORES 4C+6G ', 'AMD64 Family 21 Model 101 Stepping 1', '4', '4') ON CONFLICT(Hostname) DO UPDATE SET Hostname = EXCLUDED.Hostname, Name = EXCLUDED.Name, Caption = EXCLUDED.Caption, NOC = EXCLUDED.NOC, NOLP = EXCLUDED.NOLP ;
INSERT INTO Hosts(Hostname) VALUES ('PM-SSAUS21012.pa.pref') ON CONFLICT(Hostname) DO UPDATE SET Hostname = EXCLUDED.Hostname ;
INSERT INTO OS(Hostname, Caption, BuildNumber, Architecture, Description) VALUES('PM-SSAUS21012.pa.pref', 'Microsoft Windows 10 Pro', '19045', '64 bits', 'Patrimonio 142341') ON CONFLICT(Hostname) DO UPDATE SET Hostname = EXCLUDED.Hostname, Caption = EXCLUDED.Caption, BuildNumber = EXCLUDED.BuildNumber, Architecture = EXCLUDED.Architecture, Description = EXCLUDED.Description ;
INSERT INTO Hosts(Hostname) VALUES ('PM-SSAUS21012.pa.pref') ON CONFLICT(Hostname) DO UPDATE SET Hostname = EXCLUDED.Hostname ;
INSERT INTO Networking(Hostname, IP, Gateway, Description, Index, DHCP) VALUES ('PM-SSAUS21012.pa.pref', '192.168.123.177', '192.168.123.1', 'TP-Link Wireless N PCI Express Adapter', '1', 'True') ON CONFLICT(Hostname) DO UPDATE SET Hostname = EXCLUDED.Hostname, IP = EXCLUDED.IP, Gateway = EXCLUDED.Gateway, Description = EXCLUDED.Description, Index = EXCLUDED.Index, DHCP = EXCLUDED.DHCP ;
INSERT INTO Hosts(Hostname) VALUES ('PM-SECED20287.pa.pref') ON CONFLICT(Hostname) DO UPDATE SET Hostname = EXCLUDED.Hostname ;
INSERT INTO CPU(Hostname, Name, Caption, NOC, NOLP)VALUES('PM-SECED20287.pa.pref', 'Intel(R) Core(TM) i3-10100 CPU @ 3.60GHz', 'Intel64 Family 6 Model 165 Stepping 3', '4', '8') ON CONFLICT(Hostname) DO UPDATE SET Hostname = EXCLUDED.Hostname, Name = EXCLUDED.Name, Caption = EXCLUDED.Caption, NOC = EXCLUDED.NOC, NOLP = EXCLUDED.NOLP ;
INSERT INTO Hosts(Hostname) VALUES ('PM-SECED20287.pa.pref') ON CONFLICT(Hostname) DO UPDATE SET Hostname = EXCLUDED.Hostname ;
INSERT INTO OS(Hostname, Caption, BuildNumber, Architecture, Description) VALUES('PM-SECED20287.pa.pref', 'Microsoft Windows 10 Pro', '19045', '64 bits', 'P-174808 A-787509442') ON CONFLICT(Hostname) DO UPDATE SET Hostname = EXCLUDED.Hostname, Caption = EXCLUDED.Caption, BuildNumber = EXCLUDED.BuildNumber, Architecture = EXCLUDED.Architecture, Description = EXCLUDED.Description ;
INSERT INTO Hosts(Hostname) VALUES ('PM-SECED20287.pa.pref') ON CONFLICT(Hostname) DO UPDATE SET Hostname = EXCLUDED.Hostname ;
INSERT INTO Networking(Hostname, IP, Gateway, Description, Index, DHCP) VALUES ('PM-SECED20287.pa.pref', '192.168.15.53', '192.168.15.1', 'Realtek PCIe GbE Family Controller', '1', 'True') ON CONFLICT(Hostname) DO UPDATE SET Hostname = EXCLUDED.Hostname, IP = EXCLUDED.IP, Gateway = EXCLUDED.Gateway, Description = EXCLUDED.Description, Index = EXCLUDED.Index, DHCP = EXCLUDED.DHCP ;
INSERT INTO Hosts(Hostname) VALUES ('PM-SPSCRA017.pa.pref') ON CONFLICT(Hostname) DO UPDATE SET Hostname = EXCLUDED.Hostname ;
INSERT INTO CPU(Hostname, Name, Caption, NOC, NOLP)VALUES('PM-SPSCRA017.pa.pref', 'Intel(R) Core(TM)2 Duo CPU     E7500  @ 2.93GHz', 'Intel64 Family 6 Model 23 Stepping 10', '2', '2') ON CONFLICT(Hostname) DO UPDATE SET Hostname = EXCLUDED.Hostname, Name = EXCLUDED.Name, Caption = EXCLUDED.Caption, NOC = EXCLUDED.NOC, NOLP = EXCLUDED.NOLP ;
INSERT INTO Hosts(Hostname) VALUES ('PM-SPSCRA017.pa.pref') ON CONFLICT(Hostname) DO UPDATE SET Hostname = EXCLUDED.Hostname ;
INSERT INTO OS(Hostname, Caption, BuildNumber, Architecture, Description) VALUES('PM-SPSCRA017.pa.pref', 'Microsoft Windows 7 Professional ', '7601', '64-bit', '89341') ON CONFLICT(Hostname) DO UPDATE SET Hostname = EXCLUDED.Hostname, Caption = EXCLUDED.Caption, BuildNumber = EXCLUDED.BuildNumber, Architecture = EXCLUDED.Architecture, Description = EXCLUDED.Description ;
INSERT INTO Hosts(Hostname) VALUES ('PM-SPSCRA017.pa.pref') ON CONFLICT(Hostname) DO UPDATE SET Hostname = EXCLUDED.Hostname ;
INSERT INTO Networking(Hostname, IP, Gateway, Description, Index, DHCP) VALUES ('PM-SPSCRA017.pa.pref', '192.168.115.52', '192.168.115.1', 'Intel(R) 82567V-4 Gigabit Network Connection', '7', 'True') ON CONFLICT(Hostname) DO UPDATE SET Hostname = EXCLUDED.Hostname, IP = EXCLUDED.IP, Gateway = EXCLUDED.Gateway, Description = EXCLUDED.Description, Index = EXCLUDED.Index, DHCP = EXCLUDED.DHCP ;
INSERT INTO Hosts(Hostname) VALUES ('DESKTOP-RV1MF6K.pa.pref') ON CONFLICT(Hostname) DO UPDATE SET Hostname = EXCLUDED.Hostname ;
INSERT INTO CPU(Hostname, Name, Caption, NOC, NOLP)VALUES('DESKTOP-RV1MF6K.pa.pref', 'Intel(R) Core(TM) i3-3220 CPU @ 3.30GHz', 'Intel64 Family 6 Model 58 Stepping 9', '2', '4') ON CONFLICT(Hostname) DO UPDATE SET Hostname = EXCLUDED.Hostname, Name = EXCLUDED.Name, Caption = EXCLUDED.Caption, NOC = EXCLUDED.NOC, NOLP = EXCLUDED.NOLP ;
INSERT INTO Hosts(Hostname) VALUES ('DESKTOP-RV1MF6K.pa.pref') ON CONFLICT(Hostname) DO UPDATE SET Hostname = EXCLUDED.Hostname ;
INSERT INTO OS(Hostname, Caption, BuildNumber, Architecture, Description) VALUES('DESKTOP-RV1MF6K.pa.pref', 'Microsoft Windows 10 Pro', '19045', '64 bits', 'PATRIMONIO 99188') ON CONFLICT(Hostname) DO UPDATE SET Hostname = EXCLUDED.Hostname, Caption = EXCLUDED.Caption, BuildNumber = EXCLUDED.BuildNumber, Architecture = EXCLUDED.Architecture, Description = EXCLUDED.Description ;
INSERT INTO Hosts(Hostname) VALUES ('DESKTOP-RV1MF6K.pa.pref') ON CONFLICT(Hostname) DO UPDATE SET Hostname = EXCLUDED.Hostname ;
INSERT INTO Networking(Hostname, IP, Gateway, Description, Index, DHCP) VALUES ('DESKTOP-RV1MF6K.pa.pref', '192.168.8.212', '192.168.8.1', 'Realtek PCIe GBE Family Controller', '1', 'True') ON CONFLICT(Hostname) DO UPDATE SET Hostname = EXCLUDED.Hostname, IP = EXCLUDED.IP, Gateway = EXCLUDED.Gateway, Description = EXCLUDED.Description, Index = EXCLUDED.Index, DHCP = EXCLUDED.DHCP ;
INSERT INTO Hosts(Hostname) VALUES ('PM-SSAUS100013.pa.pref') ON CONFLICT(Hostname) DO UPDATE SET Hostname = EXCLUDED.Hostname ;
INSERT INTO CPU(Hostname, Name, Caption, NOC, NOLP)VALUES('PM-SSAUS100013.pa.pref', 'Intel(R) Core(TM) i3-9100 CPU @ 3.60GHz', 'Intel64 Family 6 Model 158 Stepping 11', '4', '4') ON CONFLICT(Hostname) DO UPDATE SET Hostname = EXCLUDED.Hostname, Name = EXCLUDED.Name, Caption = EXCLUDED.Caption, NOC = EXCLUDED.NOC, NOLP = EXCLUDED.NOLP ;
INSERT INTO Hosts(Hostname) VALUES ('PM-SSAUS100013.pa.pref') ON CONFLICT(Hostname) DO UPDATE SET Hostname = EXCLUDED.Hostname ;
INSERT INTO OS(Hostname, Caption, BuildNumber, Architecture, Description) VALUES('PM-SSAUS100013.pa.pref', 'Microsoft Windows 10 Pro', '19044', '64 bits', '150568') ON CONFLICT(Hostname) DO UPDATE SET Hostname = EXCLUDED.Hostname, Caption = EXCLUDED.Caption, BuildNumber = EXCLUDED.BuildNumber, Architecture = EXCLUDED.Architecture, Description = EXCLUDED.Description ;
INSERT INTO Hosts(Hostname) VALUES ('PM-SSAUS100013.pa.pref') ON CONFLICT(Hostname) DO UPDATE SET Hostname = EXCLUDED.Hostname ;
INSERT INTO Networking(Hostname, IP, Gateway, Description, Index, DHCP) VALUES ('PM-SSAUS100013.pa.pref', '192.168.102.156', '192.168.102.1', 'Intel(R) Ethernet Connection (7) I219-V', '1', 'True') ON CONFLICT(Hostname) DO UPDATE SET Hostname = EXCLUDED.Hostname, IP = EXCLUDED.IP, Gateway = EXCLUDED.Gateway, Description = EXCLUDED.Description, Index = EXCLUDED.Index, DHCP = EXCLUDED.DHCP ;
INSERT INTO Hosts(Hostname) VALUES ('PM-SURADM036.pa.pref') ON CONFLICT(Hostname) DO UPDATE SET Hostname = EXCLUDED.Hostname ;
INSERT INTO CPU(Hostname, Name, Caption, NOC, NOLP)VALUES('PM-SURADM036.pa.pref', 'Intel(R) Core(TM) i3-10100 CPU @ 3.60GHz', 'Intel64 Family 6 Model 165 Stepping 3', '4', '8') ON CONFLICT(Hostname) DO UPDATE SET Hostname = EXCLUDED.Hostname, Name = EXCLUDED.Name, Caption = EXCLUDED.Caption, NOC = EXCLUDED.NOC, NOLP = EXCLUDED.NOLP ;
INSERT INTO Hosts(Hostname) VALUES ('PM-SURADM036.pa.pref') ON CONFLICT(Hostname) DO UPDATE SET Hostname = EXCLUDED.Hostname ;
INSERT INTO OS(Hostname, Caption, BuildNumber, Architecture, Description) VALUES('PM-SURADM036.pa.pref', 'Microsoft Windows 10 Pro', '19044', '64 bits', 'P-175522 A-233878052') ON CONFLICT(Hostname) DO UPDATE SET Hostname = EXCLUDED.Hostname, Caption = EXCLUDED.Caption, BuildNumber = EXCLUDED.BuildNumber, Architecture = EXCLUDED.Architecture, Description = EXCLUDED.Description ;
INSERT INTO Hosts(Hostname) VALUES ('PM-SURADM036.pa.pref') ON CONFLICT(Hostname) DO UPDATE SET Hostname = EXCLUDED.Hostname ;
INSERT INTO Networking(Hostname, IP, Gateway, Description, Index, DHCP) VALUES ('PM-SURADM036.pa.pref', '192.168.198.188', '192.168.198.1', 'Realtek PCIe GbE Family Controller', '1', 'True') ON CONFLICT(Hostname) DO UPDATE SET Hostname = EXCLUDED.Hostname, IP = EXCLUDED.IP, Gateway = EXCLUDED.Gateway, Description = EXCLUDED.Description, Index = EXCLUDED.Index, DHCP = EXCLUDED.DHCP ;
INSERT INTO Hosts(Hostname) VALUES ('PM-149692.pa.pref') ON CONFLICT(Hostname) DO UPDATE SET Hostname = EXCLUDED.Hostname ;
INSERT INTO CPU(Hostname, Name, Caption, NOC, NOLP)VALUES('PM-149692.pa.pref', 'Intel(R) Core(TM) i5-3470 CPU @ 3.20GHz', 'Intel64 Family 6 Model 58 Stepping 9', '4', '4') ON CONFLICT(Hostname) DO UPDATE SET Hostname = EXCLUDED.Hostname, Name = EXCLUDED.Name, Caption = EXCLUDED.Caption, NOC = EXCLUDED.NOC, NOLP = EXCLUDED.NOLP ;
INSERT INTO Hosts(Hostname) VALUES ('PM-149692.pa.pref') ON CONFLICT(Hostname) DO UPDATE SET Hostname = EXCLUDED.Hostname ;
INSERT INTO OS(Hostname, Caption, BuildNumber, Architecture, Description) VALUES('PM-149692.pa.pref', 'Microsoft Windows 10 Pro', '19045', '64 bits', 'PM-SECGPE002') ON CONFLICT(Hostname) DO UPDATE SET Hostname = EXCLUDED.Hostname, Caption = EXCLUDED.Caption, BuildNumber = EXCLUDED.BuildNumber, Architecture = EXCLUDED.Architecture, Description = EXCLUDED.Description ;
INSERT INTO Hosts(Hostname) VALUES ('PM-149692.pa.pref') ON CONFLICT(Hostname) DO UPDATE SET Hostname = EXCLUDED.Hostname ;
INSERT INTO Networking(Hostname, IP, Gateway, Description, Index, DHCP) VALUES ('PM-149692.pa.pref', '192.168.9.224', '192.168.9.1', 'Intel(R) 82579LM Gigabit Network Connection', '1', 'True') ON CONFLICT(Hostname) DO UPDATE SET Hostname = EXCLUDED.Hostname, IP = EXCLUDED.IP, Gateway = EXCLUDED.Gateway, Description = EXCLUDED.Description, Index = EXCLUDED.Index, DHCP = EXCLUDED.DHCP ;
INSERT INTO Hosts(Hostname) VALUES ('PM-STTADM020.pa.pref') ON CONFLICT(Hostname) DO UPDATE SET Hostname = EXCLUDED.Hostname ;
INSERT INTO CPU(Hostname, Name, Caption, NOC, NOLP)VALUES('PM-STTADM020.pa.pref', 'Intel(R) Core(TM) i7-7700 CPU @ 3.60GHz', 'Intel64 Family 6 Model 158 Stepping 9', '4', '8') ON CONFLICT(Hostname) DO UPDATE SET Hostname = EXCLUDED.Hostname, Name = EXCLUDED.Name, Caption = EXCLUDED.Caption, NOC = EXCLUDED.NOC, NOLP = EXCLUDED.NOLP ;
INSERT INTO Hosts(Hostname) VALUES ('PM-STTADM020.pa.pref') ON CONFLICT(Hostname) DO UPDATE SET Hostname = EXCLUDED.Hostname ;
INSERT INTO OS(Hostname, Caption, BuildNumber, Architecture, Description) VALUES('PM-STTADM020.pa.pref', 'Microsoft Windows 10 Pro', '19045', '64 bits', NULL) ON CONFLICT(Hostname) DO UPDATE SET Hostname = EXCLUDED.Hostname, Caption = EXCLUDED.Caption, BuildNumber = EXCLUDED.BuildNumber, Architecture = EXCLUDED.Architecture, Description = EXCLUDED.Description ;
INSERT INTO Hosts(Hostname) VALUES ('PM-STTADM020.pa.pref') ON CONFLICT(Hostname) DO UPDATE SET Hostname = EXCLUDED.Hostname ;
INSERT INTO Networking(Hostname, IP, Gateway, Description, Index, DHCP) VALUES ('PM-STTADM020.pa.pref', '192.168.10.88', '192.168.10.1', 'Realtek PCIe GBE Family Controller', '1', 'True') ON CONFLICT(Hostname) DO UPDATE SET Hostname = EXCLUDED.Hostname, IP = EXCLUDED.IP, Gateway = EXCLUDED.Gateway, Description = EXCLUDED.Description, Index = EXCLUDED.Index, DHCP = EXCLUDED.DHCP ;
INSERT INTO Hosts(Hostname) VALUES ('PM-SECAES029.pa.pref') ON CONFLICT(Hostname) DO UPDATE SET Hostname = EXCLUDED.Hostname ;
INSERT INTO CPU(Hostname, Name, Caption, NOC, NOLP)VALUES('PM-SECAES029.pa.pref', 'Intel(R) Core(TM) i3-10105 CPU @ 3.70GHz', 'Intel64 Family 6 Model 165 Stepping 3', '4', '8') ON CONFLICT(Hostname) DO UPDATE SET Hostname = EXCLUDED.Hostname, Name = EXCLUDED.Name, Caption = EXCLUDED.Caption, NOC = EXCLUDED.NOC, NOLP = EXCLUDED.NOLP ;
INSERT INTO Hosts(Hostname) VALUES ('PM-SECAES029.pa.pref') ON CONFLICT(Hostname) DO UPDATE SET Hostname = EXCLUDED.Hostname ;
INSERT INTO OS(Hostname, Caption, BuildNumber, Architecture, Description) VALUES('PM-SECAES029.pa.pref', 'Microsoft Windows 10 Pro', '19045', '64 bits', NULL) ON CONFLICT(Hostname) DO UPDATE SET Hostname = EXCLUDED.Hostname, Caption = EXCLUDED.Caption, BuildNumber = EXCLUDED.BuildNumber, Architecture = EXCLUDED.Architecture, Description = EXCLUDED.Description ;
INSERT INTO Hosts(Hostname) VALUES ('PM-SECAES029.pa.pref') ON CONFLICT(Hostname) DO UPDATE SET Hostname = EXCLUDED.Hostname ;
INSERT INTO Networking(Hostname, IP, Gateway, Description, Index, DHCP) VALUES ('PM-SECAES029.pa.pref', '192.168.111.95', '192.168.111.1', 'Realtek Gaming GbE Family Controller', '1', 'True') ON CONFLICT(Hostname) DO UPDATE SET Hostname = EXCLUDED.Hostname, IP = EXCLUDED.IP, Gateway = EXCLUDED.Gateway, Description = EXCLUDED.Description, Index = EXCLUDED.Index, DHCP = EXCLUDED.DHCP ;
INSERT INTO Hosts(Hostname) VALUES ('DESKTOP-QEGLST7.pa.pref') ON CONFLICT(Hostname) DO UPDATE SET Hostname = EXCLUDED.Hostname ;
INSERT INTO CPU(Hostname, Name, Caption, NOC, NOLP)VALUES('DESKTOP-QEGLST7.pa.pref', 'Intel(R) Core(TM) i3-9100 CPU @ 3.60GHz', 'Intel64 Family 6 Model 158 Stepping 11', '4', '4') ON CONFLICT(Hostname) DO UPDATE SET Hostname = EXCLUDED.Hostname, Name = EXCLUDED.Name, Caption = EXCLUDED.Caption, NOC = EXCLUDED.NOC, NOLP = EXCLUDED.NOLP ;
INSERT INTO Hosts(Hostname) VALUES ('DESKTOP-QEGLST7.pa.pref') ON CONFLICT(Hostname) DO UPDATE SET Hostname = EXCLUDED.Hostname ;
INSERT INTO OS(Hostname, Caption, BuildNumber, Architecture, Description) VALUES('DESKTOP-QEGLST7.pa.pref', 'Microsoft Windows 10 Pro', '19045', '64 bits', 'Patrimonio 151543') ON CONFLICT(Hostname) DO UPDATE SET Hostname = EXCLUDED.Hostname, Caption = EXCLUDED.Caption, BuildNumber = EXCLUDED.BuildNumber, Architecture = EXCLUDED.Architecture, Description = EXCLUDED.Description ;
INSERT INTO Hosts(Hostname) VALUES ('DESKTOP-QEGLST7.pa.pref') ON CONFLICT(Hostname) DO UPDATE SET Hostname = EXCLUDED.Hostname ;
INSERT INTO Networking(Hostname, IP, Gateway, Description, Index, DHCP) VALUES ('DESKTOP-QEGLST7.pa.pref', '192.168.221.130', '192.168.221.1', 'Intel(R) Ethernet Connection (7) I219-V', '1', 'True') ON CONFLICT(Hostname) DO UPDATE SET Hostname = EXCLUDED.Hostname, IP = EXCLUDED.IP, Gateway = EXCLUDED.Gateway, Description = EXCLUDED.Description, Index = EXCLUDED.Index, DHCP = EXCLUDED.DHCP ;
INSERT INTO Hosts(Hostname) VALUES ('PM-SECADM003.pa.pref') ON CONFLICT(Hostname) DO UPDATE SET Hostname = EXCLUDED.Hostname ;
INSERT INTO CPU(Hostname, Name, Caption, NOC, NOLP)VALUES('PM-SECADM003.pa.pref', 'Intel(R) Core(TM) i7-7700 CPU @ 3.60GHz', 'Intel64 Family 6 Model 158 Stepping 9', '4', '8') ON CONFLICT(Hostname) DO UPDATE SET Hostname = EXCLUDED.Hostname, Name = EXCLUDED.Name, Caption = EXCLUDED.Caption, NOC = EXCLUDED.NOC, NOLP = EXCLUDED.NOLP ;
INSERT INTO Hosts(Hostname) VALUES ('PM-SECADM003.pa.pref') ON CONFLICT(Hostname) DO UPDATE SET Hostname = EXCLUDED.Hostname ;
INSERT INTO OS(Hostname, Caption, BuildNumber, Architecture, Description) VALUES('PM-SECADM003.pa.pref', 'Microsoft Windows 10 Pro', '19045', '64 bits', NULL) ON CONFLICT(Hostname) DO UPDATE SET Hostname = EXCLUDED.Hostname, Caption = EXCLUDED.Caption, BuildNumber = EXCLUDED.BuildNumber, Architecture = EXCLUDED.Architecture, Description = EXCLUDED.Description ;
INSERT INTO Hosts(Hostname) VALUES ('PM-SECADM003.pa.pref') ON CONFLICT(Hostname) DO UPDATE SET Hostname = EXCLUDED.Hostname ;
INSERT INTO Networking(Hostname, IP, Gateway, Description, Index, DHCP) VALUES ('PM-SECADM003.pa.pref', '192.168.9.248', '192.168.9.1', 'Realtek PCIe GBE Family Controller', '1', 'True') ON CONFLICT(Hostname) DO UPDATE SET Hostname = EXCLUDED.Hostname, IP = EXCLUDED.IP, Gateway = EXCLUDED.Gateway, Description = EXCLUDED.Description, Index = EXCLUDED.Index, DHCP = EXCLUDED.DHCP ;
INSERT INTO Hosts(Hostname) VALUES ('PM-183827.pa.pref') ON CONFLICT(Hostname) DO UPDATE SET Hostname = EXCLUDED.Hostname ;
INSERT INTO CPU(Hostname, Name, Caption, NOC, NOLP)VALUES('PM-183827.pa.pref', '12th Gen Intel(R) Core(TM) i3-12100', 'Intel64 Family 6 Model 151 Stepping 5', '4', '8') ON CONFLICT(Hostname) DO UPDATE SET Hostname = EXCLUDED.Hostname, Name = EXCLUDED.Name, Caption = EXCLUDED.Caption, NOC = EXCLUDED.NOC, NOLP = EXCLUDED.NOLP ;
INSERT INTO Hosts(Hostname) VALUES ('PM-183827.pa.pref') ON CONFLICT(Hostname) DO UPDATE SET Hostname = EXCLUDED.Hostname ;
INSERT INTO OS(Hostname, Caption, BuildNumber, Architecture, Description) VALUES('PM-183827.pa.pref', 'Microsoft Windows 11 Pro', '22621', '64 bits', NULL) ON CONFLICT(Hostname) DO UPDATE SET Hostname = EXCLUDED.Hostname, Caption = EXCLUDED.Caption, BuildNumber = EXCLUDED.BuildNumber, Architecture = EXCLUDED.Architecture, Description = EXCLUDED.Description ;
INSERT INTO Hosts(Hostname) VALUES ('PM-183827.pa.pref') ON CONFLICT(Hostname) DO UPDATE SET Hostname = EXCLUDED.Hostname ;
INSERT INTO Networking(Hostname, IP, Gateway, Description, Index, DHCP) VALUES ('PM-183827.pa.pref', '192.168.8.223', '192.168.8.1', 'Realtek PCIe GbE Family Controller', '1', 'True') ON CONFLICT(Hostname) DO UPDATE SET Hostname = EXCLUDED.Hostname, IP = EXCLUDED.IP, Gateway = EXCLUDED.Gateway, Description = EXCLUDED.Description, Index = EXCLUDED.Index, DHCP = EXCLUDED.DHCP ;
INSERT INTO Hosts(Hostname) VALUES ('PM-SSAUS15022.pa.pref') ON CONFLICT(Hostname) DO UPDATE SET Hostname = EXCLUDED.Hostname ;
INSERT INTO CPU(Hostname, Name, Caption, NOC, NOLP)VALUES('PM-SSAUS15022.pa.pref', 'AMD Ryzen 3 PRO 4350GE with Radeon Graphics', 'AMD64 Family 23 Model 96 Stepping 1', '4', '8') ON CONFLICT(Hostname) DO UPDATE SET Hostname = EXCLUDED.Hostname, Name = EXCLUDED.Name, Caption = EXCLUDED.Caption, NOC = EXCLUDED.NOC, NOLP = EXCLUDED.NOLP ;
INSERT INTO Hosts(Hostname) VALUES ('PM-SSAUS15022.pa.pref') ON CONFLICT(Hostname) DO UPDATE SET Hostname = EXCLUDED.Hostname ;
INSERT INTO OS(Hostname, Caption, BuildNumber, Architecture, Description) VALUES('PM-SSAUS15022.pa.pref', 'Microsoft Windows 10 Pro', '19044', '64 bits', 'P-169054 A-280644472') ON CONFLICT(Hostname) DO UPDATE SET Hostname = EXCLUDED.Hostname, Caption = EXCLUDED.Caption, BuildNumber = EXCLUDED.BuildNumber, Architecture = EXCLUDED.Architecture, Description = EXCLUDED.Description ;
INSERT INTO Hosts(Hostname) VALUES ('PM-SSAUS15022.pa.pref') ON CONFLICT(Hostname) DO UPDATE SET Hostname = EXCLUDED.Hostname ;
INSERT INTO Networking(Hostname, IP, Gateway, Description, Index, DHCP) VALUES ('PM-SSAUS15022.pa.pref', '192.168.186.34', '192.168.186.1', 'Realtek PCIe GbE Family Controller', '1', 'True') ON CONFLICT(Hostname) DO UPDATE SET Hostname = EXCLUDED.Hostname, IP = EXCLUDED.IP, Gateway = EXCLUDED.Gateway, Description = EXCLUDED.Description, Index = EXCLUDED.Index, DHCP = EXCLUDED.DHCP ;
INSERT INTO Hosts(Hostname) VALUES ('PM-SSAUS14012.pa.pref') ON CONFLICT(Hostname) DO UPDATE SET Hostname = EXCLUDED.Hostname ;
INSERT INTO CPU(Hostname, Name, Caption, NOC, NOLP)VALUES('PM-SSAUS14012.pa.pref', 'Intel(R) Core(TM) i3-4160 CPU @ 3.60GHz', 'Intel64 Family 6 Model 60 Stepping 3', '2', '4') ON CONFLICT(Hostname) DO UPDATE SET Hostname = EXCLUDED.Hostname, Name = EXCLUDED.Name, Caption = EXCLUDED.Caption, NOC = EXCLUDED.NOC, NOLP = EXCLUDED.NOLP ;
INSERT INTO Hosts(Hostname) VALUES ('PM-SSAUS14012.pa.pref') ON CONFLICT(Hostname) DO UPDATE SET Hostname = EXCLUDED.Hostname ;
INSERT INTO OS(Hostname, Caption, BuildNumber, Architecture, Description) VALUES('PM-SSAUS14012.pa.pref', 'Microsoft Windows 10 Pro', '19045', '64 bits', NULL) ON CONFLICT(Hostname) DO UPDATE SET Hostname = EXCLUDED.Hostname, Caption = EXCLUDED.Caption, BuildNumber = EXCLUDED.BuildNumber, Architecture = EXCLUDED.Architecture, Description = EXCLUDED.Description ;
INSERT INTO Hosts(Hostname) VALUES ('PM-SSAUS14012.pa.pref') ON CONFLICT(Hostname) DO UPDATE SET Hostname = EXCLUDED.Hostname ;
INSERT INTO Networking(Hostname, IP, Gateway, Description, Index, DHCP) VALUES ('PM-SSAUS14012.pa.pref', '192.168.136.134', '192.168.136.1', 'Realtek PCIe GbE Family Controller #2', '13', 'True') ON CONFLICT(Hostname) DO UPDATE SET Hostname = EXCLUDED.Hostname, IP = EXCLUDED.IP, Gateway = EXCLUDED.Gateway, Description = EXCLUDED.Description, Index = EXCLUDED.Index, DHCP = EXCLUDED.DHCP ;
INSERT INTO Hosts(Hostname) VALUES ('PM-SECADM005.pa.pref') ON CONFLICT(Hostname) DO UPDATE SET Hostname = EXCLUDED.Hostname ;
INSERT INTO CPU(Hostname, Name, Caption, NOC, NOLP)VALUES('PM-SECADM005.pa.pref', 'Intel(R) Core(TM) i5-3470 CPU @ 3.20GHz', 'Intel64 Family 6 Model 58 Stepping 9', '4', '4') ON CONFLICT(Hostname) DO UPDATE SET Hostname = EXCLUDED.Hostname, Name = EXCLUDED.Name, Caption = EXCLUDED.Caption, NOC = EXCLUDED.NOC, NOLP = EXCLUDED.NOLP ;
INSERT INTO Hosts(Hostname) VALUES ('PM-SECADM005.pa.pref') ON CONFLICT(Hostname) DO UPDATE SET Hostname = EXCLUDED.Hostname ;
INSERT INTO OS(Hostname, Caption, BuildNumber, Architecture, Description) VALUES('PM-SECADM005.pa.pref', 'Microsoft Windows 7 Professional ', '7601', '64-bit', 'Patrimonio 102367') ON CONFLICT(Hostname) DO UPDATE SET Hostname = EXCLUDED.Hostname, Caption = EXCLUDED.Caption, BuildNumber = EXCLUDED.BuildNumber, Architecture = EXCLUDED.Architecture, Description = EXCLUDED.Description ;
INSERT INTO Hosts(Hostname) VALUES ('PM-SECADM005.pa.pref') ON CONFLICT(Hostname) DO UPDATE SET Hostname = EXCLUDED.Hostname ;
INSERT INTO Networking(Hostname, IP, Gateway, Description, Index, DHCP) VALUES ('PM-SECADM005.pa.pref', '192.168.9.182', '192.168.9.1', 'Intel(R) 82579LM Gigabit Network Connection', '7', 'True') ON CONFLICT(Hostname) DO UPDATE SET Hostname = EXCLUDED.Hostname, IP = EXCLUDED.IP, Gateway = EXCLUDED.Gateway, Description = EXCLUDED.Description, Index = EXCLUDED.Index, DHCP = EXCLUDED.DHCP ;
INSERT INTO Hosts(Hostname) VALUES ('PM-SECED36012.pa.pref') ON CONFLICT(Hostname) DO UPDATE SET Hostname = EXCLUDED.Hostname ;
INSERT INTO CPU(Hostname, Name, Caption, NOC, NOLP)VALUES('PM-SECED36012.pa.pref', 'Intel(R) Core(TM) i3-10100 CPU @ 3.60GHz', 'Intel64 Family 6 Model 165 Stepping 3', '4', '8') ON CONFLICT(Hostname) DO UPDATE SET Hostname = EXCLUDED.Hostname, Name = EXCLUDED.Name, Caption = EXCLUDED.Caption, NOC = EXCLUDED.NOC, NOLP = EXCLUDED.NOLP ;
INSERT INTO Hosts(Hostname) VALUES ('PM-SECED36012.pa.pref') ON CONFLICT(Hostname) DO UPDATE SET Hostname = EXCLUDED.Hostname ;
INSERT INTO OS(Hostname, Caption, BuildNumber, Architecture, Description) VALUES('PM-SECED36012.pa.pref', 'Microsoft Windows 10 Pro', '19045', '64 bits', 'P-174786 A-596576806') ON CONFLICT(Hostname) DO UPDATE SET Hostname = EXCLUDED.Hostname, Caption = EXCLUDED.Caption, BuildNumber = EXCLUDED.BuildNumber, Architecture = EXCLUDED.Architecture, Description = EXCLUDED.Description ;
INSERT INTO Hosts(Hostname) VALUES ('PM-SECED36012.pa.pref') ON CONFLICT(Hostname) DO UPDATE SET Hostname = EXCLUDED.Hostname ;
INSERT INTO Networking(Hostname, IP, Gateway, Description, Index, DHCP) VALUES ('PM-SECED36012.pa.pref', '192.168.155.231', '192.168.155.1', 'Realtek PCIe GbE Family Controller', '1', 'True') ON CONFLICT(Hostname) DO UPDATE SET Hostname = EXCLUDED.Hostname, IP = EXCLUDED.IP, Gateway = EXCLUDED.Gateway, Description = EXCLUDED.Description, Index = EXCLUDED.Index, DHCP = EXCLUDED.DHCP ;
INSERT INTO Hosts(Hostname) VALUES ('PM-SSAUS17009.pa.pref') ON CONFLICT(Hostname) DO UPDATE SET Hostname = EXCLUDED.Hostname ;
INSERT INTO CPU(Hostname, Name, Caption, NOC, NOLP)VALUES('PM-SSAUS17009.pa.pref', 'Intel(R) Core(TM) i5-3470 CPU @ 3.20GHz', 'Intel64 Family 6 Model 58 Stepping 9', '4', '4') ON CONFLICT(Hostname) DO UPDATE SET Hostname = EXCLUDED.Hostname, Name = EXCLUDED.Name, Caption = EXCLUDED.Caption, NOC = EXCLUDED.NOC, NOLP = EXCLUDED.NOLP ;
INSERT INTO Hosts(Hostname) VALUES ('PM-SSAUS17009.pa.pref') ON CONFLICT(Hostname) DO UPDATE SET Hostname = EXCLUDED.Hostname ;
INSERT INTO OS(Hostname, Caption, BuildNumber, Architecture, Description) VALUES('PM-SSAUS17009.pa.pref', 'Microsoft Windows 7 Professional ', '7601', '64-bit', 'Patrimonio 92687') ON CONFLICT(Hostname) DO UPDATE SET Hostname = EXCLUDED.Hostname, Caption = EXCLUDED.Caption, BuildNumber = EXCLUDED.BuildNumber, Architecture = EXCLUDED.Architecture, Description = EXCLUDED.Description ;
INSERT INTO Hosts(Hostname) VALUES ('PM-SSAUS17009.pa.pref') ON CONFLICT(Hostname) DO UPDATE SET Hostname = EXCLUDED.Hostname ;
INSERT INTO Networking(Hostname, IP, Gateway, Description, Index, DHCP) VALUES ('PM-SSAUS17009.pa.pref', '192.168.128.107', '192.168.128.1', 'Intel(R) 82579LM Gigabit Network Connection', '7', 'True') ON CONFLICT(Hostname) DO UPDATE SET Hostname = EXCLUDED.Hostname, IP = EXCLUDED.IP, Gateway = EXCLUDED.Gateway, Description = EXCLUDED.Description, Index = EXCLUDED.Index, DHCP = EXCLUDED.DHCP ;
INSERT INTO Hosts(Hostname) VALUES ('PM-INFO01.pa.pref') ON CONFLICT(Hostname) DO UPDATE SET Hostname = EXCLUDED.Hostname ;
INSERT INTO CPU(Hostname, Name, Caption, NOC, NOLP)VALUES('PM-INFO01.pa.pref', 'Intel(R) Core(TM) i3-10100 CPU @ 3.60GHz', 'Intel64 Family 6 Model 165 Stepping 3', '4', '8') ON CONFLICT(Hostname) DO UPDATE SET Hostname = EXCLUDED.Hostname, Name = EXCLUDED.Name, Caption = EXCLUDED.Caption, NOC = EXCLUDED.NOC, NOLP = EXCLUDED.NOLP ;
INSERT INTO Hosts(Hostname) VALUES ('PM-INFO01.pa.pref') ON CONFLICT(Hostname) DO UPDATE SET Hostname = EXCLUDED.Hostname ;
INSERT INTO OS(Hostname, Caption, BuildNumber, Architecture, Description) VALUES('PM-INFO01.pa.pref', 'Microsoft Windows 10 Pro', '19045', '64 bits', 'P-174810 A-848045198') ON CONFLICT(Hostname) DO UPDATE SET Hostname = EXCLUDED.Hostname, Caption = EXCLUDED.Caption, BuildNumber = EXCLUDED.BuildNumber, Architecture = EXCLUDED.Architecture, Description = EXCLUDED.Description ;
INSERT INTO Hosts(Hostname) VALUES ('PM-INFO01.pa.pref') ON CONFLICT(Hostname) DO UPDATE SET Hostname = EXCLUDED.Hostname ;
INSERT INTO Networking(Hostname, IP, Gateway, Description, Index, DHCP) VALUES ('PM-INFO01.pa.pref', '192.168.214.154', '192.168.214.1', 'Realtek PCIe GbE Family Controller', '1', 'True') ON CONFLICT(Hostname) DO UPDATE SET Hostname = EXCLUDED.Hostname, IP = EXCLUDED.IP, Gateway = EXCLUDED.Gateway, Description = EXCLUDED.Description, Index = EXCLUDED.Index, DHCP = EXCLUDED.DHCP ;
INSERT INTO Hosts(Hostname) VALUES ('PM-SSAUS33004.pa.pref') ON CONFLICT(Hostname) DO UPDATE SET Hostname = EXCLUDED.Hostname ;
INSERT INTO CPU(Hostname, Name, Caption, NOC, NOLP)VALUES('PM-SSAUS33004.pa.pref', 'Intel(R) Core(TM)2 Duo CPU     E7500  @ 2.93GHz', 'Intel64 Family 6 Model 23 Stepping 10', '2', '2') ON CONFLICT(Hostname) DO UPDATE SET Hostname = EXCLUDED.Hostname, Name = EXCLUDED.Name, Caption = EXCLUDED.Caption, NOC = EXCLUDED.NOC, NOLP = EXCLUDED.NOLP ;
INSERT INTO Hosts(Hostname) VALUES ('PM-SSAUS33004.pa.pref') ON CONFLICT(Hostname) DO UPDATE SET Hostname = EXCLUDED.Hostname ;
INSERT INTO OS(Hostname, Caption, BuildNumber, Architecture, Description) VALUES('PM-SSAUS33004.pa.pref', 'Microsoft Windows 7 Professional ', '7601', '64-bit', 'Patrimonio 111062') ON CONFLICT(Hostname) DO UPDATE SET Hostname = EXCLUDED.Hostname, Caption = EXCLUDED.Caption, BuildNumber = EXCLUDED.BuildNumber, Architecture = EXCLUDED.Architecture, Description = EXCLUDED.Description ;
INSERT INTO Hosts(Hostname) VALUES ('PM-SSAUS33004.pa.pref') ON CONFLICT(Hostname) DO UPDATE SET Hostname = EXCLUDED.Hostname ;
INSERT INTO Networking(Hostname, IP, Gateway, Description, Index, DHCP) VALUES ('PM-SSAUS33004.pa.pref', '192.168.171.231', '192.168.171.1', 'Intel(R) 82567V-4 Gigabit Network Connection', '7', 'True') ON CONFLICT(Hostname) DO UPDATE SET Hostname = EXCLUDED.Hostname, IP = EXCLUDED.IP, Gateway = EXCLUDED.Gateway, Description = EXCLUDED.Description, Index = EXCLUDED.Index, DHCP = EXCLUDED.DHCP ;
INSERT INTO Hosts(Hostname) VALUES ('PM-174426.pa.pref') ON CONFLICT(Hostname) DO UPDATE SET Hostname = EXCLUDED.Hostname ;
INSERT INTO CPU(Hostname, Name, Caption, NOC, NOLP)VALUES('PM-174426.pa.pref', 'Intel(R) Core(TM) i3-10100 CPU @ 3.60GHz', 'Intel64 Family 6 Model 165 Stepping 3', '4', '8') ON CONFLICT(Hostname) DO UPDATE SET Hostname = EXCLUDED.Hostname, Name = EXCLUDED.Name, Caption = EXCLUDED.Caption, NOC = EXCLUDED.NOC, NOLP = EXCLUDED.NOLP ;
INSERT INTO Hosts(Hostname) VALUES ('PM-174426.pa.pref') ON CONFLICT(Hostname) DO UPDATE SET Hostname = EXCLUDED.Hostname ;
INSERT INTO OS(Hostname, Caption, BuildNumber, Architecture, Description) VALUES('PM-174426.pa.pref', 'Microsoft Windows 11 Pro', '22621', '64 bits', 'P-174426 A- 528985993') ON CONFLICT(Hostname) DO UPDATE SET Hostname = EXCLUDED.Hostname, Caption = EXCLUDED.Caption, BuildNumber = EXCLUDED.BuildNumber, Architecture = EXCLUDED.Architecture, Description = EXCLUDED.Description ;
INSERT INTO Hosts(Hostname) VALUES ('PM-174426.pa.pref') ON CONFLICT(Hostname) DO UPDATE SET Hostname = EXCLUDED.Hostname ;
INSERT INTO Networking(Hostname, IP, Gateway, Description, Index, DHCP) VALUES ('PM-174426.pa.pref', '192.168.11.157', '192.168.11.1', 'Realtek PCIe GbE Family Controller', '1', 'True') ON CONFLICT(Hostname) DO UPDATE SET Hostname = EXCLUDED.Hostname, IP = EXCLUDED.IP, Gateway = EXCLUDED.Gateway, Description = EXCLUDED.Description, Index = EXCLUDED.Index, DHCP = EXCLUDED.DHCP ;
INSERT INTO Hosts(Hostname) VALUES ('PM-ASCADM018.pa.pref') ON CONFLICT(Hostname) DO UPDATE SET Hostname = EXCLUDED.Hostname ;
INSERT INTO CPU(Hostname, Name, Caption, NOC, NOLP)VALUES('PM-ASCADM018.pa.pref', '12th Gen Intel(R) Core(TM) i3-12100', 'Intel64 Family 6 Model 151 Stepping 5', '4', '8') ON CONFLICT(Hostname) DO UPDATE SET Hostname = EXCLUDED.Hostname, Name = EXCLUDED.Name, Caption = EXCLUDED.Caption, NOC = EXCLUDED.NOC, NOLP = EXCLUDED.NOLP ;
INSERT INTO Hosts(Hostname) VALUES ('PM-ASCADM018.pa.pref') ON CONFLICT(Hostname) DO UPDATE SET Hostname = EXCLUDED.Hostname ;
INSERT INTO OS(Hostname, Caption, BuildNumber, Architecture, Description) VALUES('PM-ASCADM018.pa.pref', 'Microsoft Windows 11 Pro', '22621', '64 bits', 'P-sempatrimonio A-907651091') ON CONFLICT(Hostname) DO UPDATE SET Hostname = EXCLUDED.Hostname, Caption = EXCLUDED.Caption, BuildNumber = EXCLUDED.BuildNumber, Architecture = EXCLUDED.Architecture, Description = EXCLUDED.Description ;
INSERT INTO Hosts(Hostname) VALUES ('PM-ASCADM018.pa.pref') ON CONFLICT(Hostname) DO UPDATE SET Hostname = EXCLUDED.Hostname ;
INSERT INTO Networking(Hostname, IP, Gateway, Description, Index, DHCP) VALUES ('PM-ASCADM018.pa.pref', '192.168.8.222', '192.168.8.1', 'Realtek PCIe GbE Family Controller', '1', 'True') ON CONFLICT(Hostname) DO UPDATE SET Hostname = EXCLUDED.Hostname, IP = EXCLUDED.IP, Gateway = EXCLUDED.Gateway, Description = EXCLUDED.Description, Index = EXCLUDED.Index, DHCP = EXCLUDED.DHCP ;
INSERT INTO Hosts(Hostname) VALUES ('PM-SPMFOB012.pa.pref') ON CONFLICT(Hostname) DO UPDATE SET Hostname = EXCLUDED.Hostname ;
INSERT INTO CPU(Hostname, Name, Caption, NOC, NOLP)VALUES('PM-SPMFOB012.pa.pref', 'AMD Athlon(tm) Dual Core Processor 5000B', 'AMD64 Family 15 Model 107 Stepping 2', '2', '2') ON CONFLICT(Hostname) DO UPDATE SET Hostname = EXCLUDED.Hostname, Name = EXCLUDED.Name, Caption = EXCLUDED.Caption, NOC = EXCLUDED.NOC, NOLP = EXCLUDED.NOLP ;
INSERT INTO Hosts(Hostname) VALUES ('PM-SPMFOB012.pa.pref') ON CONFLICT(Hostname) DO UPDATE SET Hostname = EXCLUDED.Hostname ;
INSERT INTO OS(Hostname, Caption, BuildNumber, Architecture, Description) VALUES('PM-SPMFOB012.pa.pref', 'Microsoft Windows 7 Professional ', '7601', '64-bit', '86033') ON CONFLICT(Hostname) DO UPDATE SET Hostname = EXCLUDED.Hostname, Caption = EXCLUDED.Caption, BuildNumber = EXCLUDED.BuildNumber, Architecture = EXCLUDED.Architecture, Description = EXCLUDED.Description ;
INSERT INTO Hosts(Hostname) VALUES ('PM-SPMFOB012.pa.pref') ON CONFLICT(Hostname) DO UPDATE SET Hostname = EXCLUDED.Hostname ;
INSERT INTO Networking(Hostname, IP, Gateway, Description, Index, DHCP) VALUES ('PM-SPMFOB012.pa.pref', '192.168.223.143', '192.168.223.1', 'Broadcom NetXtreme Gigabit Ethernet', '7', 'True') ON CONFLICT(Hostname) DO UPDATE SET Hostname = EXCLUDED.Hostname, IP = EXCLUDED.IP, Gateway = EXCLUDED.Gateway, Description = EXCLUDED.Description, Index = EXCLUDED.Index, DHCP = EXCLUDED.DHCP ;
INSERT INTO Hosts(Hostname) VALUES ('PM-SECPED010.pa.pref') ON CONFLICT(Hostname) DO UPDATE SET Hostname = EXCLUDED.Hostname ;
INSERT INTO CPU(Hostname, Name, Caption, NOC, NOLP)VALUES('PM-SECPED010.pa.pref', 'Intel(R) Core(TM) i3-9100 CPU @ 3.60GHz', 'Intel64 Family 6 Model 158 Stepping 11', '4', '4') ON CONFLICT(Hostname) DO UPDATE SET Hostname = EXCLUDED.Hostname, Name = EXCLUDED.Name, Caption = EXCLUDED.Caption, NOC = EXCLUDED.NOC, NOLP = EXCLUDED.NOLP ;
INSERT INTO Hosts(Hostname) VALUES ('PM-SECPED010.pa.pref') ON CONFLICT(Hostname) DO UPDATE SET Hostname = EXCLUDED.Hostname ;
INSERT INTO OS(Hostname, Caption, BuildNumber, Architecture, Description) VALUES('PM-SECPED010.pa.pref', 'Microsoft Windows 10 Pro', '19045', '64 bits', 'Patrimonio 149673') ON CONFLICT(Hostname) DO UPDATE SET Hostname = EXCLUDED.Hostname, Caption = EXCLUDED.Caption, BuildNumber = EXCLUDED.BuildNumber, Architecture = EXCLUDED.Architecture, Description = EXCLUDED.Description ;
INSERT INTO Hosts(Hostname) VALUES ('PM-SECPED010.pa.pref') ON CONFLICT(Hostname) DO UPDATE SET Hostname = EXCLUDED.Hostname ;
INSERT INTO Networking(Hostname, IP, Gateway, Description, Index, DHCP) VALUES ('PM-SECPED010.pa.pref', '192.168.9.122', '192.168.9.1', 'Intel(R) Ethernet Connection (7) I219-V', '1', 'True') ON CONFLICT(Hostname) DO UPDATE SET Hostname = EXCLUDED.Hostname, IP = EXCLUDED.IP, Gateway = EXCLUDED.Gateway, Description = EXCLUDED.Description, Index = EXCLUDED.Index, DHCP = EXCLUDED.DHCP ;
INSERT INTO Hosts(Hostname) VALUES ('PM-INFO0132.pa.pref') ON CONFLICT(Hostname) DO UPDATE SET Hostname = EXCLUDED.Hostname ;
INSERT INTO CPU(Hostname, Name, Caption, NOC, NOLP)VALUES('PM-INFO0132.pa.pref', 'Intel(R) Core(TM) i3-10100 CPU @ 3.60GHz', 'Intel64 Family 6 Model 165 Stepping 3', '4', '8') ON CONFLICT(Hostname) DO UPDATE SET Hostname = EXCLUDED.Hostname, Name = EXCLUDED.Name, Caption = EXCLUDED.Caption, NOC = EXCLUDED.NOC, NOLP = EXCLUDED.NOLP ;
INSERT INTO Hosts(Hostname) VALUES ('PM-INFO0132.pa.pref') ON CONFLICT(Hostname) DO UPDATE SET Hostname = EXCLUDED.Hostname ;
INSERT INTO OS(Hostname, Caption, BuildNumber, Architecture, Description) VALUES('PM-INFO0132.pa.pref', 'Microsoft Windows 10 Pro', '19045', '64 bits', 'P-174787 A-487173458') ON CONFLICT(Hostname) DO UPDATE SET Hostname = EXCLUDED.Hostname, Caption = EXCLUDED.Caption, BuildNumber = EXCLUDED.BuildNumber, Architecture = EXCLUDED.Architecture, Description = EXCLUDED.Description ;
INSERT INTO Hosts(Hostname) VALUES ('PM-INFO0132.pa.pref') ON CONFLICT(Hostname) DO UPDATE SET Hostname = EXCLUDED.Hostname ;
INSERT INTO Networking(Hostname, IP, Gateway, Description, Index, DHCP) VALUES ('PM-INFO0132.pa.pref', '192.168.172.79', '192.168.172.1', 'Realtek PCIe GbE Family Controller', '1', 'True') ON CONFLICT(Hostname) DO UPDATE SET Hostname = EXCLUDED.Hostname, IP = EXCLUDED.IP, Gateway = EXCLUDED.Gateway, Description = EXCLUDED.Description, Index = EXCLUDED.Index, DHCP = EXCLUDED.DHCP ;
INSERT INTO Hosts(Hostname) VALUES ('PM-SECED23045.pa.pref') ON CONFLICT(Hostname) DO UPDATE SET Hostname = EXCLUDED.Hostname ;
INSERT INTO CPU(Hostname, Name, Caption, NOC, NOLP)VALUES('PM-SECED23045.pa.pref', 'Intel(R) Core(TM) i3-10100 CPU @ 3.60GHz', 'Intel64 Family 6 Model 165 Stepping 3', '4', '8') ON CONFLICT(Hostname) DO UPDATE SET Hostname = EXCLUDED.Hostname, Name = EXCLUDED.Name, Caption = EXCLUDED.Caption, NOC = EXCLUDED.NOC, NOLP = EXCLUDED.NOLP ;
INSERT INTO Hosts(Hostname) VALUES ('PM-SECED23045.pa.pref') ON CONFLICT(Hostname) DO UPDATE SET Hostname = EXCLUDED.Hostname ;
INSERT INTO OS(Hostname, Caption, BuildNumber, Architecture, Description) VALUES('PM-SECED23045.pa.pref', 'Microsoft Windows 10 Pro', '19045', '64 bits', 'P-174702 A-981383180') ON CONFLICT(Hostname) DO UPDATE SET Hostname = EXCLUDED.Hostname, Caption = EXCLUDED.Caption, BuildNumber = EXCLUDED.BuildNumber, Architecture = EXCLUDED.Architecture, Description = EXCLUDED.Description ;
INSERT INTO Hosts(Hostname) VALUES ('PM-SECED23045.pa.pref') ON CONFLICT(Hostname) DO UPDATE SET Hostname = EXCLUDED.Hostname ;
INSERT INTO Networking(Hostname, IP, Gateway, Description, Index, DHCP) VALUES ('PM-SECED23045.pa.pref', '192.168.80.131', '192.168.80.1', 'Realtek PCIe GbE Family Controller', '1', 'True') ON CONFLICT(Hostname) DO UPDATE SET Hostname = EXCLUDED.Hostname, IP = EXCLUDED.IP, Gateway = EXCLUDED.Gateway, Description = EXCLUDED.Description, Index = EXCLUDED.Index, DHCP = EXCLUDED.DHCP ;
INSERT INTO Hosts(Hostname) VALUES ('PM-SECED30007.pa.pref') ON CONFLICT(Hostname) DO UPDATE SET Hostname = EXCLUDED.Hostname ;
INSERT INTO CPU(Hostname, Name, Caption, NOC, NOLP)VALUES('PM-SECED30007.pa.pref', 'Intel(R) Pentium(R) Gold G5420 CPU @ 3.80GHz', 'Intel64 Family 6 Model 158 Stepping 10', '2', '4') ON CONFLICT(Hostname) DO UPDATE SET Hostname = EXCLUDED.Hostname, Name = EXCLUDED.Name, Caption = EXCLUDED.Caption, NOC = EXCLUDED.NOC, NOLP = EXCLUDED.NOLP ;
INSERT INTO Hosts(Hostname) VALUES ('PM-SECED30007.pa.pref') ON CONFLICT(Hostname) DO UPDATE SET Hostname = EXCLUDED.Hostname ;
INSERT INTO OS(Hostname, Caption, BuildNumber, Architecture, Description) VALUES('PM-SECED30007.pa.pref', 'Microsoft Windows 10 Pro', '19044', '64 bits', 'P-169155 A-581207017') ON CONFLICT(Hostname) DO UPDATE SET Hostname = EXCLUDED.Hostname, Caption = EXCLUDED.Caption, BuildNumber = EXCLUDED.BuildNumber, Architecture = EXCLUDED.Architecture, Description = EXCLUDED.Description ;
INSERT INTO Hosts(Hostname) VALUES ('PM-SECED30007.pa.pref') ON CONFLICT(Hostname) DO UPDATE SET Hostname = EXCLUDED.Hostname ;
INSERT INTO Networking(Hostname, IP, Gateway, Description, Index, DHCP) VALUES ('PM-SECED30007.pa.pref', '192.168.162.108', '192.168.162.1', 'Realtek PCIe GBE Family Controller', '1', 'True') ON CONFLICT(Hostname) DO UPDATE SET Hostname = EXCLUDED.Hostname, IP = EXCLUDED.IP, Gateway = EXCLUDED.Gateway, Description = EXCLUDED.Description, Index = EXCLUDED.Index, DHCP = EXCLUDED.DHCP ;
INSERT INTO Hosts(Hostname) VALUES ('PM-184463.pa.pref') ON CONFLICT(Hostname) DO UPDATE SET Hostname = EXCLUDED.Hostname ;
INSERT INTO CPU(Hostname, Name, Caption, NOC, NOLP)VALUES('PM-184463.pa.pref', '12th Gen Intel(R) Core(TM) i3-12100', 'Intel64 Family 6 Model 151 Stepping 5', '4', '8') ON CONFLICT(Hostname) DO UPDATE SET Hostname = EXCLUDED.Hostname, Name = EXCLUDED.Name, Caption = EXCLUDED.Caption, NOC = EXCLUDED.NOC, NOLP = EXCLUDED.NOLP ;
INSERT INTO Hosts(Hostname) VALUES ('PM-184463.pa.pref') ON CONFLICT(Hostname) DO UPDATE SET Hostname = EXCLUDED.Hostname ;
INSERT INTO OS(Hostname, Caption, BuildNumber, Architecture, Description) VALUES('PM-184463.pa.pref', 'Microsoft Windows 11 Pro', '22621', '64 bits', 'PAT 184463') ON CONFLICT(Hostname) DO UPDATE SET Hostname = EXCLUDED.Hostname, Caption = EXCLUDED.Caption, BuildNumber = EXCLUDED.BuildNumber, Architecture = EXCLUDED.Architecture, Description = EXCLUDED.Description ;
INSERT INTO Hosts(Hostname) VALUES ('PM-184463.pa.pref') ON CONFLICT(Hostname) DO UPDATE SET Hostname = EXCLUDED.Hostname ;
INSERT INTO Networking(Hostname, IP, Gateway, Description, Index, DHCP) VALUES ('PM-184463.pa.pref', '192.168.11.167', '192.168.11.1', 'Realtek PCIe GbE Family Controller', '1', 'True') ON CONFLICT(Hostname) DO UPDATE SET Hostname = EXCLUDED.Hostname, IP = EXCLUDED.IP, Gateway = EXCLUDED.Gateway, Description = EXCLUDED.Description, Index = EXCLUDED.Index, DHCP = EXCLUDED.DHCP ;
INSERT INTO Hosts(Hostname) VALUES ('PM-SECED06006.pa.pref') ON CONFLICT(Hostname) DO UPDATE SET Hostname = EXCLUDED.Hostname ;
INSERT INTO CPU(Hostname, Name, Caption, NOC, NOLP)VALUES('PM-SECED06006.pa.pref', 'Intel(R) Core(TM) i3-10100 CPU @ 3.60GHz', 'Intel64 Family 6 Model 165 Stepping 3', '4', '8') ON CONFLICT(Hostname) DO UPDATE SET Hostname = EXCLUDED.Hostname, Name = EXCLUDED.Name, Caption = EXCLUDED.Caption, NOC = EXCLUDED.NOC, NOLP = EXCLUDED.NOLP ;
INSERT INTO Hosts(Hostname) VALUES ('PM-SECED06006.pa.pref') ON CONFLICT(Hostname) DO UPDATE SET Hostname = EXCLUDED.Hostname ;
INSERT INTO OS(Hostname, Caption, BuildNumber, Architecture, Description) VALUES('PM-SECED06006.pa.pref', 'Microsoft Windows 10 Pro', '19045', '64 bits', 'P\174608\\\ANY 390 542 963') ON CONFLICT(Hostname) DO UPDATE SET Hostname = EXCLUDED.Hostname, Caption = EXCLUDED.Caption, BuildNumber = EXCLUDED.BuildNumber, Architecture = EXCLUDED.Architecture, Description = EXCLUDED.Description ;
INSERT INTO Hosts(Hostname) VALUES ('PM-SECED06006.pa.pref') ON CONFLICT(Hostname) DO UPDATE SET Hostname = EXCLUDED.Hostname ;
INSERT INTO Networking(Hostname, IP, Gateway, Description, Index, DHCP) VALUES ('PM-SECED06006.pa.pref', '192.168.175.69', '192.168.175.1', 'Realtek PCIe GbE Family Controller', '1', 'True') ON CONFLICT(Hostname) DO UPDATE SET Hostname = EXCLUDED.Hostname, IP = EXCLUDED.IP, Gateway = EXCLUDED.Gateway, Description = EXCLUDED.Description, Index = EXCLUDED.Index, DHCP = EXCLUDED.DHCP ;
INSERT INTO Hosts(Hostname) VALUES ('PM-SAFATE005.pa.pref') ON CONFLICT(Hostname) DO UPDATE SET Hostname = EXCLUDED.Hostname ;
INSERT INTO CPU(Hostname, Name, Caption, NOC, NOLP)VALUES('PM-SAFATE005.pa.pref', 'Intel(R) Core(TM) i3-7100 CPU @ 3.90GHz', 'Intel64 Family 6 Model 158 Stepping 9', '2', '4') ON CONFLICT(Hostname) DO UPDATE SET Hostname = EXCLUDED.Hostname, Name = EXCLUDED.Name, Caption = EXCLUDED.Caption, NOC = EXCLUDED.NOC, NOLP = EXCLUDED.NOLP ;
INSERT INTO Hosts(Hostname) VALUES ('PM-SAFATE005.pa.pref') ON CONFLICT(Hostname) DO UPDATE SET Hostname = EXCLUDED.Hostname ;
INSERT INTO OS(Hostname, Caption, BuildNumber, Architecture, Description) VALUES('PM-SAFATE005.pa.pref', 'Microsoft Windows 10 Pro', '19045', '64 bits', '132147') ON CONFLICT(Hostname) DO UPDATE SET Hostname = EXCLUDED.Hostname, Caption = EXCLUDED.Caption, BuildNumber = EXCLUDED.BuildNumber, Architecture = EXCLUDED.Architecture, Description = EXCLUDED.Description ;
INSERT INTO Hosts(Hostname) VALUES ('PM-SAFATE005.pa.pref') ON CONFLICT(Hostname) DO UPDATE SET Hostname = EXCLUDED.Hostname ;
INSERT INTO Networking(Hostname, IP, Gateway, Description, Index, DHCP) VALUES ('PM-SAFATE005.pa.pref', '192.168.253.217', '192.168.253.1', 'Realtek PCIe GBE Family Controller', '1', 'True') ON CONFLICT(Hostname) DO UPDATE SET Hostname = EXCLUDED.Hostname, IP = EXCLUDED.IP, Gateway = EXCLUDED.Gateway, Description = EXCLUDED.Description, Index = EXCLUDED.Index, DHCP = EXCLUDED.DHCP ;
INSERT INTO Hosts(Hostname) VALUES ('PM-SECED19017.pa.pref') ON CONFLICT(Hostname) DO UPDATE SET Hostname = EXCLUDED.Hostname ;
INSERT INTO CPU(Hostname, Name, Caption, NOC, NOLP)VALUES('PM-SECED19017.pa.pref', 'Intel(R) Core(TM) i3-10100 CPU @ 3.60GHz', 'Intel64 Family 6 Model 165 Stepping 3', '4', '8') ON CONFLICT(Hostname) DO UPDATE SET Hostname = EXCLUDED.Hostname, Name = EXCLUDED.Name, Caption = EXCLUDED.Caption, NOC = EXCLUDED.NOC, NOLP = EXCLUDED.NOLP ;
INSERT INTO Hosts(Hostname) VALUES ('PM-SECED19017.pa.pref') ON CONFLICT(Hostname) DO UPDATE SET Hostname = EXCLUDED.Hostname ;
INSERT INTO OS(Hostname, Caption, BuildNumber, Architecture, Description) VALUES('PM-SECED19017.pa.pref', 'Microsoft Windows 10 Pro', '19045', '64 bits', 'P-174771 A-529419442') ON CONFLICT(Hostname) DO UPDATE SET Hostname = EXCLUDED.Hostname, Caption = EXCLUDED.Caption, BuildNumber = EXCLUDED.BuildNumber, Architecture = EXCLUDED.Architecture, Description = EXCLUDED.Description ;
INSERT INTO Hosts(Hostname) VALUES ('PM-SECED19017.pa.pref') ON CONFLICT(Hostname) DO UPDATE SET Hostname = EXCLUDED.Hostname ;
INSERT INTO Networking(Hostname, IP, Gateway, Description, Index, DHCP) VALUES ('PM-SECED19017.pa.pref', '192.168.35.61', '192.168.35.1', 'Realtek PCIe GbE Family Controller', '1', 'True') ON CONFLICT(Hostname) DO UPDATE SET Hostname = EXCLUDED.Hostname, IP = EXCLUDED.IP, Gateway = EXCLUDED.Gateway, Description = EXCLUDED.Description, Index = EXCLUDED.Index, DHCP = EXCLUDED.DHCP ;
INSERT INTO Hosts(Hostname) VALUES ('PM-SAFATE006.pa.pref') ON CONFLICT(Hostname) DO UPDATE SET Hostname = EXCLUDED.Hostname ;
INSERT INTO CPU(Hostname, Name, Caption, NOC, NOLP)VALUES('PM-SAFATE006.pa.pref', 'Intel(R) Core(TM) i3-7100 CPU @ 3.90GHz', 'Intel64 Family 6 Model 158 Stepping 9', '2', '4') ON CONFLICT(Hostname) DO UPDATE SET Hostname = EXCLUDED.Hostname, Name = EXCLUDED.Name, Caption = EXCLUDED.Caption, NOC = EXCLUDED.NOC, NOLP = EXCLUDED.NOLP ;
INSERT INTO Hosts(Hostname) VALUES ('PM-SAFATE006.pa.pref') ON CONFLICT(Hostname) DO UPDATE SET Hostname = EXCLUDED.Hostname ;
INSERT INTO OS(Hostname, Caption, BuildNumber, Architecture, Description) VALUES('PM-SAFATE006.pa.pref', 'Microsoft Windows 10 Pro', '19043', '64 bits', NULL) ON CONFLICT(Hostname) DO UPDATE SET Hostname = EXCLUDED.Hostname, Caption = EXCLUDED.Caption, BuildNumber = EXCLUDED.BuildNumber, Architecture = EXCLUDED.Architecture, Description = EXCLUDED.Description ;
INSERT INTO Hosts(Hostname) VALUES ('PM-SAFATE006.pa.pref') ON CONFLICT(Hostname) DO UPDATE SET Hostname = EXCLUDED.Hostname ;
INSERT INTO Networking(Hostname, IP, Gateway, Description, Index, DHCP) VALUES ('PM-SAFATE006.pa.pref', '192.168.253.130', '192.168.253.1', 'Realtek PCIe GBE Family Controller', '1', 'True') ON CONFLICT(Hostname) DO UPDATE SET Hostname = EXCLUDED.Hostname, IP = EXCLUDED.IP, Gateway = EXCLUDED.Gateway, Description = EXCLUDED.Description, Index = EXCLUDED.Index, DHCP = EXCLUDED.DHCP ;
INSERT INTO Hosts(Hostname) VALUES ('PM-SAFATE004.pa.pref') ON CONFLICT(Hostname) DO UPDATE SET Hostname = EXCLUDED.Hostname ;
INSERT INTO CPU(Hostname, Name, Caption, NOC, NOLP)VALUES('PM-SAFATE004.pa.pref', 'Intel(R) Core(TM) i3-7100 CPU @ 3.90GHz', 'Intel64 Family 6 Model 158 Stepping 9', '2', '4') ON CONFLICT(Hostname) DO UPDATE SET Hostname = EXCLUDED.Hostname, Name = EXCLUDED.Name, Caption = EXCLUDED.Caption, NOC = EXCLUDED.NOC, NOLP = EXCLUDED.NOLP ;
INSERT INTO Hosts(Hostname) VALUES ('PM-SAFATE004.pa.pref') ON CONFLICT(Hostname) DO UPDATE SET Hostname = EXCLUDED.Hostname ;
INSERT INTO OS(Hostname, Caption, BuildNumber, Architecture, Description) VALUES('PM-SAFATE004.pa.pref', 'Microsoft Windows 10 Pro', '19045', '64 bits', '132127') ON CONFLICT(Hostname) DO UPDATE SET Hostname = EXCLUDED.Hostname, Caption = EXCLUDED.Caption, BuildNumber = EXCLUDED.BuildNumber, Architecture = EXCLUDED.Architecture, Description = EXCLUDED.Description ;
INSERT INTO Hosts(Hostname) VALUES ('PM-SAFATE004.pa.pref') ON CONFLICT(Hostname) DO UPDATE SET Hostname = EXCLUDED.Hostname ;
INSERT INTO Networking(Hostname, IP, Gateway, Description, Index, DHCP) VALUES ('PM-SAFATE004.pa.pref', '192.168.253.75', '192.168.253.1', 'Realtek PCIe GBE Family Controller', '1', 'True') ON CONFLICT(Hostname) DO UPDATE SET Hostname = EXCLUDED.Hostname, IP = EXCLUDED.IP, Gateway = EXCLUDED.Gateway, Description = EXCLUDED.Description, Index = EXCLUDED.Index, DHCP = EXCLUDED.DHCP ;
INSERT INTO Hosts(Hostname) VALUES ('PM-SSAADM004.pa.pref') ON CONFLICT(Hostname) DO UPDATE SET Hostname = EXCLUDED.Hostname ;
INSERT INTO CPU(Hostname, Name, Caption, NOC, NOLP)VALUES('PM-SSAADM004.pa.pref', 'AMD A10-9700 RADEON R7, 10 COMPUTE CORES 4C+6G ', 'AMD64 Family 21 Model 101 Stepping 1', '4', '4') ON CONFLICT(Hostname) DO UPDATE SET Hostname = EXCLUDED.Hostname, Name = EXCLUDED.Name, Caption = EXCLUDED.Caption, NOC = EXCLUDED.NOC, NOLP = EXCLUDED.NOLP ;
INSERT INTO Hosts(Hostname) VALUES ('PM-SSAADM004.pa.pref') ON CONFLICT(Hostname) DO UPDATE SET Hostname = EXCLUDED.Hostname ;
INSERT INTO OS(Hostname, Caption, BuildNumber, Architecture, Description) VALUES('PM-SSAADM004.pa.pref', 'Microsoft Windows 10 Pro', '19045', '64 bits', 'PM-SSAADM004.pa.pref') ON CONFLICT(Hostname) DO UPDATE SET Hostname = EXCLUDED.Hostname, Caption = EXCLUDED.Caption, BuildNumber = EXCLUDED.BuildNumber, Architecture = EXCLUDED.Architecture, Description = EXCLUDED.Description ;
INSERT INTO Hosts(Hostname) VALUES ('PM-SSAADM004.pa.pref') ON CONFLICT(Hostname) DO UPDATE SET Hostname = EXCLUDED.Hostname ;
INSERT INTO Networking(Hostname, IP, Gateway, Description, Index, DHCP) VALUES ('PM-SSAADM004.pa.pref', '192.168.173.237', '192.168.173.1', 'TP-Link Wireless N PCI Express Adapter', '1', 'True') ON CONFLICT(Hostname) DO UPDATE SET Hostname = EXCLUDED.Hostname, IP = EXCLUDED.IP, Gateway = EXCLUDED.Gateway, Description = EXCLUDED.Description, Index = EXCLUDED.Index, DHCP = EXCLUDED.DHCP ;
INSERT INTO Hosts(Hostname) VALUES ('PM-SSAUS03006.pa.pref') ON CONFLICT(Hostname) DO UPDATE SET Hostname = EXCLUDED.Hostname ;
INSERT INTO CPU(Hostname, Name, Caption, NOC, NOLP)VALUES('PM-SSAUS03006.pa.pref', 'AMD A10-9700 RADEON R7, 10 COMPUTE CORES 4C+6G ', 'AMD64 Family 21 Model 101 Stepping 1', '4', '4') ON CONFLICT(Hostname) DO UPDATE SET Hostname = EXCLUDED.Hostname, Name = EXCLUDED.Name, Caption = EXCLUDED.Caption, NOC = EXCLUDED.NOC, NOLP = EXCLUDED.NOLP ;
INSERT INTO Hosts(Hostname) VALUES ('PM-SSAUS03006.pa.pref') ON CONFLICT(Hostname) DO UPDATE SET Hostname = EXCLUDED.Hostname ;
INSERT INTO OS(Hostname, Caption, BuildNumber, Architecture, Description) VALUES('PM-SSAUS03006.pa.pref', 'Microsoft Windows 10 Pro', '19045', '64 bits', 'Patrimônio 145538') ON CONFLICT(Hostname) DO UPDATE SET Hostname = EXCLUDED.Hostname, Caption = EXCLUDED.Caption, BuildNumber = EXCLUDED.BuildNumber, Architecture = EXCLUDED.Architecture, Description = EXCLUDED.Description ;
INSERT INTO Hosts(Hostname) VALUES ('PM-SSAUS03006.pa.pref') ON CONFLICT(Hostname) DO UPDATE SET Hostname = EXCLUDED.Hostname ;
INSERT INTO Networking(Hostname, IP, Gateway, Description, Index, DHCP) VALUES ('PM-SSAUS03006.pa.pref', '192.168.178.74', '192.168.178.1', 'TP-Link Wireless N PCI Express Adapter', '1', 'True') ON CONFLICT(Hostname) DO UPDATE SET Hostname = EXCLUDED.Hostname, IP = EXCLUDED.IP, Gateway = EXCLUDED.Gateway, Description = EXCLUDED.Description, Index = EXCLUDED.Index, DHCP = EXCLUDED.DHCP ;
INSERT INTO Hosts(Hostname) VALUES ('PM-SSAHPMINI022.pa.pref') ON CONFLICT(Hostname) DO UPDATE SET Hostname = EXCLUDED.Hostname ;
INSERT INTO CPU(Hostname, Name, Caption, NOC, NOLP)VALUES('PM-SSAHPMINI022.pa.pref', 'AMD Ryzen 3 PRO 4350GE with Radeon Graphics', 'AMD64 Family 23 Model 96 Stepping 1', '4', '8') ON CONFLICT(Hostname) DO UPDATE SET Hostname = EXCLUDED.Hostname, Name = EXCLUDED.Name, Caption = EXCLUDED.Caption, NOC = EXCLUDED.NOC, NOLP = EXCLUDED.NOLP ;
INSERT INTO Hosts(Hostname) VALUES ('PM-SSAHPMINI022.pa.pref') ON CONFLICT(Hostname) DO UPDATE SET Hostname = EXCLUDED.Hostname ;
INSERT INTO OS(Hostname, Caption, BuildNumber, Architecture, Description) VALUES('PM-SSAHPMINI022.pa.pref', 'Microsoft Windows 10 Pro', '19045', '64 bits', 'P-169104 A-307617998') ON CONFLICT(Hostname) DO UPDATE SET Hostname = EXCLUDED.Hostname, Caption = EXCLUDED.Caption, BuildNumber = EXCLUDED.BuildNumber, Architecture = EXCLUDED.Architecture, Description = EXCLUDED.Description ;
INSERT INTO Hosts(Hostname) VALUES ('PM-SSAHPMINI022.pa.pref') ON CONFLICT(Hostname) DO UPDATE SET Hostname = EXCLUDED.Hostname ;
INSERT INTO Networking(Hostname, IP, Gateway, Description, Index, DHCP) VALUES ('PM-SSAHPMINI022.pa.pref', '192.168.135.63', '192.168.135.1', 'Realtek PCIe GbE Family Controller', '3', 'True') ON CONFLICT(Hostname) DO UPDATE SET Hostname = EXCLUDED.Hostname, IP = EXCLUDED.IP, Gateway = EXCLUDED.Gateway, Description = EXCLUDED.Description, Index = EXCLUDED.Index, DHCP = EXCLUDED.DHCP ;
INSERT INTO Hosts(Hostname) VALUES ('PM-SUPSSD005.pa.pref') ON CONFLICT(Hostname) DO UPDATE SET Hostname = EXCLUDED.Hostname ;
INSERT INTO CPU(Hostname, Name, Caption, NOC, NOLP)VALUES('PM-SUPSSD005.pa.pref', 'Intel(R) Core(TM) i5-3470 CPU @ 3.20GHz', 'Intel64 Family 6 Model 58 Stepping 9', '4', '4') ON CONFLICT(Hostname) DO UPDATE SET Hostname = EXCLUDED.Hostname, Name = EXCLUDED.Name, Caption = EXCLUDED.Caption, NOC = EXCLUDED.NOC, NOLP = EXCLUDED.NOLP ;
INSERT INTO Hosts(Hostname) VALUES ('PM-SUPSSD005.pa.pref') ON CONFLICT(Hostname) DO UPDATE SET Hostname = EXCLUDED.Hostname ;
INSERT INTO OS(Hostname, Caption, BuildNumber, Architecture, Description) VALUES('PM-SUPSSD005.pa.pref', 'Microsoft Windows 7 Professional ', '7601', '64-bit', 'Patrimônio 109995') ON CONFLICT(Hostname) DO UPDATE SET Hostname = EXCLUDED.Hostname, Caption = EXCLUDED.Caption, BuildNumber = EXCLUDED.BuildNumber, Architecture = EXCLUDED.Architecture, Description = EXCLUDED.Description ;
INSERT INTO Hosts(Hostname) VALUES ('PM-SUPSSD005.pa.pref') ON CONFLICT(Hostname) DO UPDATE SET Hostname = EXCLUDED.Hostname ;
INSERT INTO Networking(Hostname, IP, Gateway, Description, Index, DHCP) VALUES ('PM-SUPSSD005.pa.pref', '192.168.10.83', '192.168.10.1', 'Intel(R) 82579LM Gigabit Network Connection', '7', 'True') ON CONFLICT(Hostname) DO UPDATE SET Hostname = EXCLUDED.Hostname, IP = EXCLUDED.IP, Gateway = EXCLUDED.Gateway, Description = EXCLUDED.Description, Index = EXCLUDED.Index, DHCP = EXCLUDED.DHCP ;
INSERT INTO Hosts(Hostname) VALUES ('PM-SAPDAG003.pa.pref') ON CONFLICT(Hostname) DO UPDATE SET Hostname = EXCLUDED.Hostname ;
INSERT INTO CPU(Hostname, Name, Caption, NOC, NOLP)VALUES('PM-SAPDAG003.pa.pref', 'Intel(R) Core(TM) i3-7100 CPU @ 3.90GHz', 'Intel64 Family 6 Model 158 Stepping 9', '2', '4') ON CONFLICT(Hostname) DO UPDATE SET Hostname = EXCLUDED.Hostname, Name = EXCLUDED.Name, Caption = EXCLUDED.Caption, NOC = EXCLUDED.NOC, NOLP = EXCLUDED.NOLP ;
INSERT INTO Hosts(Hostname) VALUES ('PM-SAPDAG003.pa.pref') ON CONFLICT(Hostname) DO UPDATE SET Hostname = EXCLUDED.Hostname ;
INSERT INTO OS(Hostname, Caption, BuildNumber, Architecture, Description) VALUES('PM-SAPDAG003.pa.pref', 'Microsoft Windows 10 Pro', '19045', '64 bits', NULL) ON CONFLICT(Hostname) DO UPDATE SET Hostname = EXCLUDED.Hostname, Caption = EXCLUDED.Caption, BuildNumber = EXCLUDED.BuildNumber, Architecture = EXCLUDED.Architecture, Description = EXCLUDED.Description ;
INSERT INTO Hosts(Hostname) VALUES ('PM-SAPDAG003.pa.pref') ON CONFLICT(Hostname) DO UPDATE SET Hostname = EXCLUDED.Hostname ;
INSERT INTO Networking(Hostname, IP, Gateway, Description, Index, DHCP) VALUES ('PM-SAPDAG003.pa.pref', '192.168.146.80', '192.168.146.1', 'Realtek PCIe GbE Family Controller', '1', 'True') ON CONFLICT(Hostname) DO UPDATE SET Hostname = EXCLUDED.Hostname, IP = EXCLUDED.IP, Gateway = EXCLUDED.Gateway, Description = EXCLUDED.Description, Index = EXCLUDED.Index, DHCP = EXCLUDED.DHCP ;
INSERT INTO Hosts(Hostname) VALUES ('PM-SSAUS04010.pa.pref') ON CONFLICT(Hostname) DO UPDATE SET Hostname = EXCLUDED.Hostname ;
INSERT INTO CPU(Hostname, Name, Caption, NOC, NOLP)VALUES('PM-SSAUS04010.pa.pref', 'Intel(R) Core(TM) i5-3470 CPU @ 3.20GHz', 'Intel64 Family 6 Model 58 Stepping 9', '4', '4') ON CONFLICT(Hostname) DO UPDATE SET Hostname = EXCLUDED.Hostname, Name = EXCLUDED.Name, Caption = EXCLUDED.Caption, NOC = EXCLUDED.NOC, NOLP = EXCLUDED.NOLP ;
INSERT INTO Hosts(Hostname) VALUES ('PM-SSAUS04010.pa.pref') ON CONFLICT(Hostname) DO UPDATE SET Hostname = EXCLUDED.Hostname ;
INSERT INTO OS(Hostname, Caption, BuildNumber, Architecture, Description) VALUES('PM-SSAUS04010.pa.pref', 'Microsoft Windows 7 Professional ', '7601', '64-bit', 'Patrimonio 111142') ON CONFLICT(Hostname) DO UPDATE SET Hostname = EXCLUDED.Hostname, Caption = EXCLUDED.Caption, BuildNumber = EXCLUDED.BuildNumber, Architecture = EXCLUDED.Architecture, Description = EXCLUDED.Description ;
INSERT INTO Hosts(Hostname) VALUES ('PM-SSAUS04010.pa.pref') ON CONFLICT(Hostname) DO UPDATE SET Hostname = EXCLUDED.Hostname ;
INSERT INTO Networking(Hostname, IP, Gateway, Description, Index, DHCP) VALUES ('PM-SSAUS04010.pa.pref', '192.168.137.103', '192.168.137.1', 'Intel(R) 82579LM Gigabit Network Connection', '7', 'True') ON CONFLICT(Hostname) DO UPDATE SET Hostname = EXCLUDED.Hostname, IP = EXCLUDED.IP, Gateway = EXCLUDED.Gateway, Description = EXCLUDED.Description, Index = EXCLUDED.Index, DHCP = EXCLUDED.DHCP ;
INSERT INTO Hosts(Hostname) VALUES ('PM-SECED32076.pa.pref') ON CONFLICT(Hostname) DO UPDATE SET Hostname = EXCLUDED.Hostname ;
INSERT INTO CPU(Hostname, Name, Caption, NOC, NOLP)VALUES('PM-SECED32076.pa.pref', 'Intel(R) Core(TM) i3-10100 CPU @ 3.60GHz', 'Intel64 Family 6 Model 165 Stepping 3', '4', '8') ON CONFLICT(Hostname) DO UPDATE SET Hostname = EXCLUDED.Hostname, Name = EXCLUDED.Name, Caption = EXCLUDED.Caption, NOC = EXCLUDED.NOC, NOLP = EXCLUDED.NOLP ;
INSERT INTO Hosts(Hostname) VALUES ('PM-SECED32076.pa.pref') ON CONFLICT(Hostname) DO UPDATE SET Hostname = EXCLUDED.Hostname ;
INSERT INTO OS(Hostname, Caption, BuildNumber, Architecture, Description) VALUES('PM-SECED32076.pa.pref', 'Microsoft Windows 11 Pro', '22621', '64 bits', 'P-174739 A-174788654') ON CONFLICT(Hostname) DO UPDATE SET Hostname = EXCLUDED.Hostname, Caption = EXCLUDED.Caption, BuildNumber = EXCLUDED.BuildNumber, Architecture = EXCLUDED.Architecture, Description = EXCLUDED.Description ;
INSERT INTO Hosts(Hostname) VALUES ('PM-SECED32076.pa.pref') ON CONFLICT(Hostname) DO UPDATE SET Hostname = EXCLUDED.Hostname ;
INSERT INTO Networking(Hostname, IP, Gateway, Description, Index, DHCP) VALUES ('PM-SECED32076.pa.pref', '192.168.127.109', '192.168.127.1', 'Realtek PCIe GbE Family Controller', '1', 'False') ON CONFLICT(Hostname) DO UPDATE SET Hostname = EXCLUDED.Hostname, IP = EXCLUDED.IP, Gateway = EXCLUDED.Gateway, Description = EXCLUDED.Description, Index = EXCLUDED.Index, DHCP = EXCLUDED.DHCP ;
INSERT INTO Hosts(Hostname) VALUES ('PM-184484.pa.pref') ON CONFLICT(Hostname) DO UPDATE SET Hostname = EXCLUDED.Hostname ;
INSERT INTO CPU(Hostname, Name, Caption, NOC, NOLP)VALUES('PM-184484.pa.pref', '12th Gen Intel(R) Core(TM) i3-12100', 'Intel64 Family 6 Model 151 Stepping 5', '4', '8') ON CONFLICT(Hostname) DO UPDATE SET Hostname = EXCLUDED.Hostname, Name = EXCLUDED.Name, Caption = EXCLUDED.Caption, NOC = EXCLUDED.NOC, NOLP = EXCLUDED.NOLP ;
INSERT INTO Hosts(Hostname) VALUES ('PM-184484.pa.pref') ON CONFLICT(Hostname) DO UPDATE SET Hostname = EXCLUDED.Hostname ;
INSERT INTO OS(Hostname, Caption, BuildNumber, Architecture, Description) VALUES('PM-184484.pa.pref', 'Microsoft Windows 11 Pro', '22621', '64 bits', NULL) ON CONFLICT(Hostname) DO UPDATE SET Hostname = EXCLUDED.Hostname, Caption = EXCLUDED.Caption, BuildNumber = EXCLUDED.BuildNumber, Architecture = EXCLUDED.Architecture, Description = EXCLUDED.Description ;
INSERT INTO Hosts(Hostname) VALUES ('PM-184484.pa.pref') ON CONFLICT(Hostname) DO UPDATE SET Hostname = EXCLUDED.Hostname ;
INSERT INTO Networking(Hostname, IP, Gateway, Description, Index, DHCP) VALUES ('PM-184484.pa.pref', '192.168.112.34', '192.168.112.1', 'Realtek PCIe GbE Family Controller', '1', 'True') ON CONFLICT(Hostname) DO UPDATE SET Hostname = EXCLUDED.Hostname, IP = EXCLUDED.IP, Gateway = EXCLUDED.Gateway, Description = EXCLUDED.Description, Index = EXCLUDED.Index, DHCP = EXCLUDED.DHCP ;
INSERT INTO Hosts(Hostname) VALUES ('PM-SSAUS20002.pa.pref') ON CONFLICT(Hostname) DO UPDATE SET Hostname = EXCLUDED.Hostname ;
INSERT INTO CPU(Hostname, Name, Caption, NOC, NOLP)VALUES('PM-SSAUS20002.pa.pref', 'AMD PRO A8-8650B R7, 10 Compute Cores 4C+6G    ', 'AMD64 Family 21 Model 56 Stepping 1', '2', '4') ON CONFLICT(Hostname) DO UPDATE SET Hostname = EXCLUDED.Hostname, Name = EXCLUDED.Name, Caption = EXCLUDED.Caption, NOC = EXCLUDED.NOC, NOLP = EXCLUDED.NOLP ;
INSERT INTO Hosts(Hostname) VALUES ('PM-SSAUS20002.pa.pref') ON CONFLICT(Hostname) DO UPDATE SET Hostname = EXCLUDED.Hostname ;
INSERT INTO OS(Hostname, Caption, BuildNumber, Architecture, Description) VALUES('PM-SSAUS20002.pa.pref', 'Microsoft Windows 10 Pro', '19045', '64 bits', 'Patrimonio 133354') ON CONFLICT(Hostname) DO UPDATE SET Hostname = EXCLUDED.Hostname, Caption = EXCLUDED.Caption, BuildNumber = EXCLUDED.BuildNumber, Architecture = EXCLUDED.Architecture, Description = EXCLUDED.Description ;
INSERT INTO Hosts(Hostname) VALUES ('PM-SSAUS20002.pa.pref') ON CONFLICT(Hostname) DO UPDATE SET Hostname = EXCLUDED.Hostname ;
INSERT INTO Networking(Hostname, IP, Gateway, Description, Index, DHCP) VALUES ('PM-SSAUS20002.pa.pref', '192.168.100.94', '192.168.100.1', '802.11n Wireless LAN Card', '2', 'True') ON CONFLICT(Hostname) DO UPDATE SET Hostname = EXCLUDED.Hostname, IP = EXCLUDED.IP, Gateway = EXCLUDED.Gateway, Description = EXCLUDED.Description, Index = EXCLUDED.Index, DHCP = EXCLUDED.DHCP ;
INSERT INTO Hosts(Hostname) VALUES ('PM-SSAHPMINI082.pa.pref') ON CONFLICT(Hostname) DO UPDATE SET Hostname = EXCLUDED.Hostname ;
INSERT INTO CPU(Hostname, Name, Caption, NOC, NOLP)VALUES('PM-SSAHPMINI082.pa.pref', 'AMD Ryzen 3 PRO 4350GE with Radeon Graphics', 'AMD64 Family 23 Model 96 Stepping 1', '4', '8') ON CONFLICT(Hostname) DO UPDATE SET Hostname = EXCLUDED.Hostname, Name = EXCLUDED.Name, Caption = EXCLUDED.Caption, NOC = EXCLUDED.NOC, NOLP = EXCLUDED.NOLP ;
INSERT INTO Hosts(Hostname) VALUES ('PM-SSAHPMINI082.pa.pref') ON CONFLICT(Hostname) DO UPDATE SET Hostname = EXCLUDED.Hostname ;
INSERT INTO OS(Hostname, Caption, BuildNumber, Architecture, Description) VALUES('PM-SSAHPMINI082.pa.pref', 'Microsoft Windows 11 Pro', '22621', '64 bits', 'P-169086 A-914414220') ON CONFLICT(Hostname) DO UPDATE SET Hostname = EXCLUDED.Hostname, Caption = EXCLUDED.Caption, BuildNumber = EXCLUDED.BuildNumber, Architecture = EXCLUDED.Architecture, Description = EXCLUDED.Description ;
INSERT INTO Hosts(Hostname) VALUES ('PM-SSAHPMINI082.pa.pref') ON CONFLICT(Hostname) DO UPDATE SET Hostname = EXCLUDED.Hostname ;
INSERT INTO Networking(Hostname, IP, Gateway, Description, Index, DHCP) VALUES ('PM-SSAHPMINI082.pa.pref', '192.168.170.138', '192.168.170.1', 'Realtek RTL8852AE WiFi 6 802.11ax PCIe Adapter', '2', 'True') ON CONFLICT(Hostname) DO UPDATE SET Hostname = EXCLUDED.Hostname, IP = EXCLUDED.IP, Gateway = EXCLUDED.Gateway, Description = EXCLUDED.Description, Index = EXCLUDED.Index, DHCP = EXCLUDED.DHCP ;
INSERT INTO Hosts(Hostname) VALUES ('PM-SSAUS29008.pa.pref') ON CONFLICT(Hostname) DO UPDATE SET Hostname = EXCLUDED.Hostname ;
INSERT INTO CPU(Hostname, Name, Caption, NOC, NOLP)VALUES('PM-SSAUS29008.pa.pref', 'Intel(R) Core(TM) i5-3470 CPU @ 3.20GHz', 'Intel64 Family 6 Model 58 Stepping 9', '4', '4') ON CONFLICT(Hostname) DO UPDATE SET Hostname = EXCLUDED.Hostname, Name = EXCLUDED.Name, Caption = EXCLUDED.Caption, NOC = EXCLUDED.NOC, NOLP = EXCLUDED.NOLP ;
INSERT INTO Hosts(Hostname) VALUES ('PM-SSAUS29008.pa.pref') ON CONFLICT(Hostname) DO UPDATE SET Hostname = EXCLUDED.Hostname ;
INSERT INTO OS(Hostname, Caption, BuildNumber, Architecture, Description) VALUES('PM-SSAUS29008.pa.pref', 'Microsoft Windows 10 Pro', '19044', '64 bits', NULL) ON CONFLICT(Hostname) DO UPDATE SET Hostname = EXCLUDED.Hostname, Caption = EXCLUDED.Caption, BuildNumber = EXCLUDED.BuildNumber, Architecture = EXCLUDED.Architecture, Description = EXCLUDED.Description ;
INSERT INTO Hosts(Hostname) VALUES ('PM-SSAUS29008.pa.pref') ON CONFLICT(Hostname) DO UPDATE SET Hostname = EXCLUDED.Hostname ;
INSERT INTO Networking(Hostname, IP, Gateway, Description, Index, DHCP) VALUES ('PM-SSAUS29008.pa.pref', '192.168.128.56', '192.168.128.1', 'Intel(R) 82579LM Gigabit Network Connection', '1', 'True') ON CONFLICT(Hostname) DO UPDATE SET Hostname = EXCLUDED.Hostname, IP = EXCLUDED.IP, Gateway = EXCLUDED.Gateway, Description = EXCLUDED.Description, Index = EXCLUDED.Index, DHCP = EXCLUDED.DHCP ;
INSERT INTO Hosts(Hostname) VALUES ('PM-SSAUS21010.pa.pref') ON CONFLICT(Hostname) DO UPDATE SET Hostname = EXCLUDED.Hostname ;
INSERT INTO CPU(Hostname, Name, Caption, NOC, NOLP)VALUES('PM-SSAUS21010.pa.pref', 'AMD A10-9700 RADEON R7, 10 COMPUTE CORES 4C+6G ', 'AMD64 Family 21 Model 101 Stepping 1', '4', '4') ON CONFLICT(Hostname) DO UPDATE SET Hostname = EXCLUDED.Hostname, Name = EXCLUDED.Name, Caption = EXCLUDED.Caption, NOC = EXCLUDED.NOC, NOLP = EXCLUDED.NOLP ;
INSERT INTO Hosts(Hostname) VALUES ('PM-SSAUS21010.pa.pref') ON CONFLICT(Hostname) DO UPDATE SET Hostname = EXCLUDED.Hostname ;
INSERT INTO OS(Hostname, Caption, BuildNumber, Architecture, Description) VALUES('PM-SSAUS21010.pa.pref', 'Microsoft Windows 10 Pro', '19045', '64 bits', NULL) ON CONFLICT(Hostname) DO UPDATE SET Hostname = EXCLUDED.Hostname, Caption = EXCLUDED.Caption, BuildNumber = EXCLUDED.BuildNumber, Architecture = EXCLUDED.Architecture, Description = EXCLUDED.Description ;
INSERT INTO Hosts(Hostname) VALUES ('PM-SSAUS21010.pa.pref') ON CONFLICT(Hostname) DO UPDATE SET Hostname = EXCLUDED.Hostname ;
INSERT INTO Networking(Hostname, IP, Gateway, Description, Index, DHCP) VALUES ('PM-SSAUS21010.pa.pref', '192.168.123.75', '192.168.123.1', 'Realtek PCIe GBE Family Controller', '2', 'True') ON CONFLICT(Hostname) DO UPDATE SET Hostname = EXCLUDED.Hostname, IP = EXCLUDED.IP, Gateway = EXCLUDED.Gateway, Description = EXCLUDED.Description, Index = EXCLUDED.Index, DHCP = EXCLUDED.DHCP ;
INSERT INTO Hosts(Hostname) VALUES ('PM-SSAHPMINI098.pa.pref') ON CONFLICT(Hostname) DO UPDATE SET Hostname = EXCLUDED.Hostname ;
INSERT INTO CPU(Hostname, Name, Caption, NOC, NOLP)VALUES('PM-SSAHPMINI098.pa.pref', 'AMD Ryzen 3 PRO 4350GE with Radeon Graphics', 'AMD64 Family 23 Model 96 Stepping 1', '4', '8') ON CONFLICT(Hostname) DO UPDATE SET Hostname = EXCLUDED.Hostname, Name = EXCLUDED.Name, Caption = EXCLUDED.Caption, NOC = EXCLUDED.NOC, NOLP = EXCLUDED.NOLP ;
INSERT INTO Hosts(Hostname) VALUES ('PM-SSAHPMINI098.pa.pref') ON CONFLICT(Hostname) DO UPDATE SET Hostname = EXCLUDED.Hostname ;
INSERT INTO OS(Hostname, Caption, BuildNumber, Architecture, Description) VALUES('PM-SSAHPMINI098.pa.pref', 'Microsoft Windows 11 Pro', '22621', '64 bits', 'P-169414 A-123055799') ON CONFLICT(Hostname) DO UPDATE SET Hostname = EXCLUDED.Hostname, Caption = EXCLUDED.Caption, BuildNumber = EXCLUDED.BuildNumber, Architecture = EXCLUDED.Architecture, Description = EXCLUDED.Description ;
INSERT INTO Hosts(Hostname) VALUES ('PM-SSAHPMINI098.pa.pref') ON CONFLICT(Hostname) DO UPDATE SET Hostname = EXCLUDED.Hostname ;
INSERT INTO Networking(Hostname, IP, Gateway, Description, Index, DHCP) VALUES ('PM-SSAHPMINI098.pa.pref', '192.168.145.53', '192.168.145.1', 'Realtek PCIe GbE Family Controller', '1', 'True') ON CONFLICT(Hostname) DO UPDATE SET Hostname = EXCLUDED.Hostname, IP = EXCLUDED.IP, Gateway = EXCLUDED.Gateway, Description = EXCLUDED.Description, Index = EXCLUDED.Index, DHCP = EXCLUDED.DHCP ;
INSERT INTO Hosts(Hostname) VALUES ('PM-SADADM044.pa.pref') ON CONFLICT(Hostname) DO UPDATE SET Hostname = EXCLUDED.Hostname ;
INSERT INTO CPU(Hostname, Name, Caption, NOC, NOLP)VALUES('PM-SADADM044.pa.pref', 'Intel(R) Core(TM) i3-10100 CPU @ 3.60GHz', 'Intel64 Family 6 Model 165 Stepping 3', '4', '8') ON CONFLICT(Hostname) DO UPDATE SET Hostname = EXCLUDED.Hostname, Name = EXCLUDED.Name, Caption = EXCLUDED.Caption, NOC = EXCLUDED.NOC, NOLP = EXCLUDED.NOLP ;
INSERT INTO Hosts(Hostname) VALUES ('PM-SADADM044.pa.pref') ON CONFLICT(Hostname) DO UPDATE SET Hostname = EXCLUDED.Hostname ;
INSERT INTO OS(Hostname, Caption, BuildNumber, Architecture, Description) VALUES('PM-SADADM044.pa.pref', 'Microsoft Windows 10 Pro', '19045', '64 bits', 'P-174674') ON CONFLICT(Hostname) DO UPDATE SET Hostname = EXCLUDED.Hostname, Caption = EXCLUDED.Caption, BuildNumber = EXCLUDED.BuildNumber, Architecture = EXCLUDED.Architecture, Description = EXCLUDED.Description ;
INSERT INTO Hosts(Hostname) VALUES ('PM-SADADM044.pa.pref') ON CONFLICT(Hostname) DO UPDATE SET Hostname = EXCLUDED.Hostname ;
INSERT INTO Networking(Hostname, IP, Gateway, Description, Index, DHCP) VALUES ('PM-SADADM044.pa.pref', '192.168.120.250', '192.168.120.1', 'Realtek PCIe GbE Family Controller', '1', 'True') ON CONFLICT(Hostname) DO UPDATE SET Hostname = EXCLUDED.Hostname, IP = EXCLUDED.IP, Gateway = EXCLUDED.Gateway, Description = EXCLUDED.Description, Index = EXCLUDED.Index, DHCP = EXCLUDED.DHCP ;
INSERT INTO Host(Hostname) VALUES ('PM-SSAUS28008.pa.pref') ON CONFLICT(Hostname) DO UPDATE SET Hostname = EXCLUDED.Hostname;
INSERT INTO CPU(Hostname, Name, Caption, NOC, NOLP)VALUES('PM-SSAUS28008.pa.pref', 'Intel(R) Core(TM) i5-3470 CPU @ 3.20GHz', 'Intel64 Family 6 Model 58 Stepping 9', '4', '4') ON CONFLICT(Hostname) DO UPDATE SET Hostname = EXCLUDED.Hostname, Name = EXCLUDED.Name, Caption = EXCLUDED.Caption, NOC = EXCLUDED.NOC, NOLP = EXCLUDED.NOLP
INSERT INTO Host(Hostname) VALUES ('PM-SSAUS28008.pa.pref') ON CONFLICT(Hostname) DO UPDATE SET Hostname = EXCLUDED.Hostname;
INSERT INTO OS(Hostname, Caption, BuildNumber, Architecture, Description) VALUES('PM-SSAUS28008.pa.pref', 'Microsoft Windows 7 Professional ', '7601', '64-bit', '92673') ON CONFLICT(Hostname) DO UPDATE SET Hostname = EXCLUDED.Hostname, Caption = EXCLUDED.Caption, BuildNumber = EXCLUDED.BuildNumber, Architecture = EXCLUDED.Architecture, Description = EXCLUDED.Description
INSERT INTO Host(Hostname) VALUES ('PM-SSAUS28008.pa.pref') ON CONFLICT(Hostname) DO UPDATE SET Hostname = EXCLUDED.Hostname;
INSERT INTO Networking(Hostname, IP, Gateway, Description, Index, DHCP) VALUES ('PM-SSAUS28008.pa.pref', '192.168.222.52', '192.168.222.1', 'Intel(R) 82579LM Gigabit Network Connection', '7', 'True') ON CONFLICT(Hostname) DO UPDATE SET Hostname = EXCLUDED.Hostname, IP = EXCLUDED.IP, Gateway = EXCLUDED.Gateway, Description = EXCLUDED.Description, Index = EXCLUDED.Index, DHCP = EXCLUDED.DHCP
